model,clipped_mass
llava15,0.000000
llava15,0.499700
llava15,0.498696
llava15,0.499588
llava15,0.499040
llava15,0.488524
llava15,0.491538
llava15,0.488545
llava15,0.500000
llava15,0.482487
llava15,0.493919
llava15,0.483021
llava15,0.493222
llava15,0.499964
llava15,0.488013
llava15,0.500001
llava15,0.496045
llava15,0.455167
llava15,0.489877
llava15,0.434678
llava15,0.499623
llava15,0.453674
llava15,0.497573
llava15,0.497952
llava15,0.499997
llava15,0.499997
llava15,0.500002
llava15,0.498517
llava15,0.499747
llava15,0.499897
llava15,0.499813
llava15,0.493277
llava15,0.499951
llava15,0.499810
llava15,0.499978
llava15,0.051468
llava15,0.494916
llava15,0.499989
llava15,0.493742
llava15,0.499826
llava15,0.499395
llava15,0.499994
llava15,0.492269
llava15,0.499994
llava15,0.496384
llava15,0.499902
llava15,0.492136
llava15,0.498357
llava15,0.489654
llava15,0.499202
llava15,0.480623
llava15,0.499998
llava15,0.499349
llava15,0.498739
llava15,0.476055
llava15,0.497670
llava15,0.496486
llava15,0.493070
llava15,0.500000
llava15,0.499999
llava15,0.499718
llava15,0.494574
llava15,0.498878
llava15,0.499991
llava15,0.495983
llava15,0.499619
llava15,0.488657
llava15,0.497933
llava15,0.499854
llava15,0.435765
llava15,0.499969
llava15,0.480615
llava15,0.499407
llava15,0.489152
llava15,0.499959
llava15,0.499999
llava15,0.436461
llava15,0.399647
llava15,0.499918
llava15,0.499998
llava15,0.500002
llava15,0.499476
llava15,0.499977
llava15,0.494447
llava15,0.499839
llava15,0.499991
llava15,0.495937
llava15,0.499996
llava15,0.499456
llava15,0.498894
llava15,0.497958
llava15,0.499862
llava15,0.499975
llava15,0.000000
llava15,0.000000
llava15,0.000000
llava15,0.000000
llava15,0.000000
llava15,0.499999
llava15,0.494182
llava15,0.499978
llava15,0.499996
llava15,0.342819
llava15,0.131958
llava15,0.499993
llava15,0.499999
llava15,0.498108
llava15,0.498729
llava15,0.497045
llava15,0.499986
llava15,0.468112
llava15,0.479607
llava15,0.499955
llava15,0.418980
llava15,0.497896
llava15,0.499992
llava15,0.484327
llava15,0.396225
llava15,0.499574
llava15,0.500003
llava15,0.496131
llava15,0.499960
llava15,0.492418
llava15,0.499328
llava15,0.499095
llava15,0.499991
llava15,0.499740
llava15,0.424030
llava15,0.111383
llava15,0.324228
llava15,0.499954
llava15,0.451963
llava15,0.494789
llava15,0.499986
llava15,0.499292
llava15,0.493341
llava15,0.499981
llava15,0.499205
llava15,0.499016
llava15,0.488750
llava15,0.499602
llava15,0.499253
llava15,0.499999
llava15,0.500001
llava15,0.499992
llava15,0.499882
llava15,0.499870
llava15,0.499461
llava15,0.441316
llava15,0.498256
llava15,0.499982
llava15,0.499992
llava15,0.481250
llava15,0.499874
llava15,0.026457
llava15,0.430599
llava15,0.499983
llava15,0.496291
llava15,0.487602
llava15,0.499978
llava15,0.499887
llava15,0.500000
llava15,0.424124
llava15,0.499442
llava15,0.499994
llava15,0.500000
llava15,0.499557
llava15,0.496114
llava15,0.500000
llava15,0.497572
llava15,0.499898
llava15,0.490553
llava15,0.499296
llava15,0.432011
llava15,0.499988
llava15,0.500002
llava15,0.500001
llava15,0.497970
llava15,0.494967
llava15,0.499350
llava15,0.499975
llava15,0.000000
llava15,0.499783
llava15,0.498913
llava15,0.499663
llava15,0.497523
llava15,0.482689
llava15,0.000296
llava15,0.394010
llava15,0.499994
llava15,0.499997
llava15,0.499972
llava15,0.479367
llava15,0.499997
llava15,0.499999
llava15,0.468857
llava15,0.499995
llava15,0.500000
llava15,0.498830
llava15,0.499999
llava15,0.458265
llava15,0.499982
llava15,0.484396
llava15,0.493059
llava15,0.499295
llava15,0.499976
llava15,0.481569
llava15,0.499991
llava15,0.500004
llava15,0.100948
llava15,0.496837
llava15,0.499946
llava15,0.499993
llava15,0.500002
llava15,0.500000
llava15,0.499997
llava15,0.497046
llava15,0.497120
llava15,0.492080
llava15,0.494581
llava15,0.262903
llava15,0.477942
llava15,0.493484
llava15,0.499074
llava15,0.499861
llava15,0.500001
llava15,0.500001
llava15,0.499999
llava15,0.499059
llava15,0.499751
llava15,0.499999
llava15,0.483936
llava15,0.499405
llava15,0.499932
llava15,0.499487
llava15,0.350371
llava15,0.478999
llava15,0.461393
llava15,0.499306
llava15,0.499895
llava15,0.482549
llava15,0.499920
llava15,0.498578
llava15,0.455314
llava15,0.499999
llava15,0.249274
llava15,0.476266
llava15,0.499981
llava15,0.499965
llava15,0.499989
llava15,0.499997
llava15,0.500000
llava15,0.499988
llava15,0.500002
llava15,0.500000
llava15,0.498382
llava15,0.267980
llava15,0.491774
llava15,0.493444
llava15,0.499422
llava15,0.499999
llava15,0.499990
llava15,0.478059
llava15,0.499889
llava15,0.497939
llava15,0.499987
llava15,0.499812
llava15,0.499988
llava15,0.499984
llava15,0.499921
llava15,0.499780
llava15,0.499807
llava15,0.000000
llava15,0.499700
llava15,0.498696
llava15,0.496876
llava15,0.495252
llava15,0.415400
llava15,0.498895
llava15,0.499976
llava15,0.495872
llava15,0.488057
llava15,0.444062
llava15,0.432557
llava15,0.417355
llava15,0.474825
llava15,0.499951
llava15,0.467582
llava15,0.495862
llava15,0.498274
llava15,0.500000
llava15,0.500000
llava15,0.499999
llava15,0.498470
llava15,0.494854
llava15,0.463034
llava15,0.499997
llava15,0.499998
llava15,0.500003
llava15,0.498597
llava15,0.500000
llava15,0.496770
llava15,0.498539
llava15,0.499681
llava15,0.498724
llava15,0.380409
llava15,0.493694
llava15,0.489809
llava15,0.499838
llava15,0.497457
llava15,0.498836
llava15,0.499952
llava15,0.488367
llava15,0.499839
llava15,0.499759
llava15,0.499978
llava15,0.499851
llava15,0.499945
llava15,0.499953
llava15,0.499887
llava15,0.467781
llava15,0.332152
llava15,0.499875
llava15,0.499999
llava15,0.492010
llava15,0.489829
llava15,0.499393
llava15,0.499140
llava15,0.478881
llava15,0.497645
llava15,0.499098
llava15,0.499003
llava15,0.498919
llava15,0.499953
llava15,0.499999
llava15,0.398111
llava15,0.497008
llava15,0.500000
llava15,0.469362
llava15,0.498494
llava15,0.451256
llava15,0.499953
llava15,0.499364
llava15,0.492673
llava15,0.498562
llava15,0.381371
llava15,0.499762
llava15,0.499020
llava15,0.499331
llava15,0.482886
llava15,0.499994
llava15,0.496305
llava15,0.499963
llava15,0.499984
llava15,0.499915
llava15,0.499919
llava15,0.499862
llava15,0.045270
llava15,0.488540
llava15,0.499984
llava15,0.499999
llava15,0.494680
llava15,0.499932
llava15,0.498921
llava15,0.498647
llava15,0.499894
llava15,0.499510
llava15,0.499481
llava15,0.499992
llava15,0.000000
llava15,0.000000
llava15,0.499713
llava15,0.499203
llava15,0.497206
llava15,0.496473
llava15,0.499992
llava15,0.499972
llava15,0.498987
llava15,0.498707
llava15,0.415075
llava15,0.500001
llava15,0.407184
llava15,0.499994
llava15,0.499999
llava15,0.498452
llava15,0.483930
llava15,0.499970
llava15,0.474359
llava15,0.499074
llava15,0.498455
llava15,0.498768
llava15,0.463642
llava15,0.089580
llava15,0.023250
llava15,0.315345
llava15,0.404117
llava15,0.448825
llava15,0.498102
llava15,0.443995
llava15,0.499795
llava15,0.014529
llava15,0.499826
llava15,0.405925
llava15,0.481259
llava15,0.455276
llava15,0.495780
llava15,0.494834
llava15,0.499990
llava15,0.371471
llava15,0.499995
llava15,0.447408
llava15,0.397702
llava15,0.492339
llava15,0.499979
llava15,0.499990
llava15,0.464514
llava15,0.494730
llava15,0.498440
llava15,0.499410
llava15,0.499872
llava15,0.499880
llava15,0.394040
llava15,0.488975
llava15,0.499543
llava15,0.499398
llava15,0.493179
llava15,0.499940
llava15,0.499074
llava15,0.465848
llava15,0.498416
llava15,0.495134
llava15,0.485927
llava15,0.475736
llava15,0.493809
llava15,0.476558
llava15,0.496339
llava15,0.496144
llava15,0.465211
llava15,0.492956
llava15,0.434938
llava15,0.499978
llava15,0.491148
llava15,0.481337
llava15,0.499588
llava15,0.499432
llava15,0.493933
llava15,0.499972
llava15,0.442073
llava15,0.471103
llava15,0.328472
llava15,0.499841
llava15,0.452538
llava15,0.496943
llava15,0.498803
llava15,0.484283
llava15,0.497445
llava15,0.496442
llava15,0.500000
llava15,0.500002
llava15,0.495515
llava15,0.498551
llava15,0.485585
llava15,0.499868
llava15,0.427355
llava15,0.467630
llava15,0.499989
llava15,0.499878
llava15,0.478239
llava15,0.490978
llava15,0.499957
llava15,0.467040
llava15,0.497982
llava15,0.499940
llava15,0.000000
llava15,0.000022
llava15,0.000000
llava15,0.500001
llava15,0.499984
llava15,0.483449
llava15,0.499713
llava15,0.499870
llava15,0.493640
llava15,0.464675
llava15,0.493371
llava15,0.499206
llava15,0.472513
llava15,0.500000
llava15,0.500001
llava15,0.493241
llava15,0.499998
llava15,0.485033
llava15,0.485537
llava15,0.452436
llava15,0.499991
llava15,0.496102
llava15,0.447205
llava15,0.499601
llava15,0.498587
llava15,0.499987
llava15,0.498078
llava15,0.499995
llava15,0.499994
llava15,0.499998
llava15,0.490937
llava15,0.499995
llava15,0.500004
llava15,0.499997
llava15,0.499998
llava15,0.499979
llava15,0.470022
llava15,0.499642
llava15,0.499835
llava15,0.479037
llava15,0.499997
llava15,0.413928
llava15,0.498914
llava15,0.497986
llava15,0.483917
llava15,0.028994
llava15,0.489303
llava15,0.499956
llava15,0.411881
llava15,0.499970
llava15,0.407162
llava15,0.499995
llava15,0.471108
llava15,0.452889
llava15,0.499825
llava15,0.409609
llava15,0.495244
llava15,0.499998
llava15,0.499999
llava15,0.493769
llava15,0.496204
llava15,0.499998
llava15,0.499751
llava15,0.499121
llava15,0.495780
llava15,0.483136
llava15,0.499511
llava15,0.498827
llava15,0.497737
llava15,0.499771
llava15,0.498764
llava15,0.499989
llava15,0.479155
llava15,0.495917
llava15,0.499987
llava15,0.499155
llava15,0.498411
llava15,0.063898
llava15,0.498994
llava15,0.500000
llava15,0.500000
llava15,0.499999
llava15,0.485636
llava15,0.496738
llava15,0.485866
llava15,0.498640
llava15,0.481926
llava15,0.498819
llava15,0.452557
llava15,0.497770
llava15,0.492512
llava15,0.499999
llava15,0.479821
llava15,0.499989
llava15,0.500000
llava15,0.498004
llava15,0.492984
llava15,0.487694
llava15,0.498139
llava15,0.499990
llava15,0.488861
llava15,0.498832
llava15,0.325616
llava15,0.499859
llava15,0.499291
llava15,0.499999
llava15,0.499547
llava15,0.475948
llava15,0.491409
llava15,0.498077
llava15,0.499995
llava15,0.499996
llava15,0.499885
llava15,0.498574
llava15,0.499996
llava15,0.499976
llava15,0.499811
llava15,0.499944
llava15,0.499655
llava15,0.499816
llava15,0.499123
llava15,0.500000
llava15,0.500000
llava15,0.499770
llava15,0.499999
llava15,0.498549
llava15,0.483522
llava15,0.470216
llava15,0.000000
llava15,0.499850
llava15,0.499135
llava15,0.498687
llava15,0.482808
llava15,0.499995
llava15,0.499999
llava15,0.455783
llava15,0.499567
llava15,0.499992
llava15,0.490362
llava15,0.499927
llava15,0.497094
llava15,0.500002
llava15,0.499193
llava15,0.494039
llava15,0.498929
llava15,0.499964
llava15,0.492109
llava15,0.500000
llava15,0.498461
llava15,0.490123
llava15,0.000005
llava15,0.500000
llava15,0.499220
llava15,0.330065
llava15,0.500000
llava15,0.499999
llava15,0.500000
llava15,0.497968
llava15,0.498048
llava15,0.499962
llava15,0.500004
llava15,0.495782
llava15,0.499885
llava15,0.499122
llava15,0.499398
llava15,0.500000
llava15,0.499999
llava15,0.493303
llava15,0.473273
llava15,0.499926
llava15,0.499814
llava15,0.499457
llava15,0.499390
llava15,0.499855
llava15,0.499995
llava15,0.153471
llava15,0.379259
llava15,0.165028
llava15,0.282054
llava15,0.498053
llava15,0.499956
llava15,0.499979
llava15,0.497554
llava15,0.499998
llava15,0.499999
llava15,0.496324
llava15,0.490147
llava15,0.499954
llava15,0.499740
llava15,0.496098
llava15,0.494357
llava15,0.499978
llava15,0.498559
llava15,0.497293
llava15,0.499901
llava15,0.498898
llava15,0.499982
llava15,0.480237
llava15,0.470900
llava15,0.499948
llava15,0.497847
llava15,0.483436
llava15,0.499983
llava15,0.499863
llava15,0.499994
llava15,0.422409
llava15,0.282286
llava15,0.498341
llava15,0.499998
llava15,0.499996
llava15,0.051079
llava15,0.434550
llava15,0.499970
llava15,0.424596
llava15,0.494626
llava15,0.499964
llava15,0.466115
llava15,0.499154
llava15,0.499891
llava15,0.499853
llava15,0.497539
llava15,0.499999
llava15,0.489742
llava15,0.499980
llava15,0.442521
llava15,0.479484
llava15,0.499944
llava15,0.499500
llava15,0.499990
llava15,0.500000
llava15,0.499978
llava15,0.499757
llava15,0.499916
llava15,0.499951
llava15,0.498764
llava15,0.489355
llava15,0.500000
llava15,0.499997
llava15,0.499858
llava15,0.088043
llava15,0.499556
llava15,0.499985
llava15,0.446487
llava15,0.500000
llava15,0.485747
llava15,0.486405
llava15,0.499935
llava15,0.496368
llava15,0.498016
llava15,0.499955
llava15,0.500002
llava15,0.499117
llava15,0.499999
llava15,0.472657
llava15,0.499981
llava15,0.000000
llava15,0.499850
llava15,0.102699
llava15,0.495139
llava15,0.213445
llava15,0.093447
llava15,0.496940
llava15,0.499976
llava15,0.443175
llava15,0.015145
llava15,0.000013
llava15,0.498043
llava15,0.496517
llava15,0.499998
llava15,0.499977
llava15,0.421189
llava15,0.499999
llava15,0.490327
llava15,0.497782
llava15,0.472257
llava15,0.499953
llava15,0.325666
llava15,0.499988
llava15,0.500000
llava15,0.498696
llava15,0.428981
llava15,0.489298
llava15,0.495309
llava15,0.317299
llava15,0.499853
llava15,0.499370
llava15,0.499998
llava15,0.498551
llava15,0.494535
llava15,0.493994
llava15,0.499996
llava15,0.498030
llava15,0.499399
llava15,0.498240
llava15,0.499041
llava15,0.500002
llava15,0.499861
llava15,0.499997
llava15,0.499988
llava15,0.497711
llava15,0.497774
llava15,0.499928
llava15,0.499999
llava15,0.372557
llava15,0.499981
llava15,0.499974
llava15,0.450504
llava15,0.496784
llava15,0.499946
llava15,0.490291
llava15,0.495265
llava15,0.499971
llava15,0.500001
llava15,0.499974
llava15,0.498567
llava15,0.499999
llava15,0.428017
llava15,0.490814
llava15,0.495680
llava15,0.497196
llava15,0.498380
llava15,0.497767
llava15,0.499289
llava15,0.363905
llava15,0.496954
llava15,0.490550
llava15,0.496920
llava15,0.493548
llava15,0.487809
llava15,0.499764
llava15,0.498164
llava15,0.493870
llava15,0.495757
llava15,0.499991
llava15,0.490172
llava15,0.499950
llava15,0.499973
llava15,0.472006
llava15,0.498798
llava15,0.495631
llava15,0.500002
llava15,0.497710
llava15,0.499999
llava15,0.499969
llava15,0.499992
llava15,0.498147
llava15,0.465768
llava15,0.499999
llava15,0.499268
llava15,0.497285
llava15,0.498595
llava15,0.498842
llava15,0.499588
llava15,0.500001
llava15,0.488638
llava15,0.499975
llava15,0.499991
llava15,0.497373
llava15,0.499771
llava15,0.499877
llava15,0.500000
llava15,0.410776
llava15,0.499888
llava15,0.124785
llava15,0.498923
llava15,0.500001
llava15,0.499141
llava15,0.486309
llava15,0.432642
llava15,0.493239
llava15,0.499992
llava15,0.000000
llava15,0.000335
llava15,0.499722
llava15,0.499351
llava15,0.500003
llava15,0.499976
llava15,0.494720
llava15,0.494567
llava15,0.402787
llava15,0.499954
llava15,0.499990
llava15,0.496901
llava15,0.495446
llava15,0.491459
llava15,0.498248
llava15,0.499999
llava15,0.500000
llava15,0.499384
llava15,0.499926
llava15,0.499492
llava15,0.500000
llava15,0.009738
llava15,0.129394
llava15,0.499991
llava15,0.500000
llava15,0.498862
llava15,0.487547
llava15,0.499998
llava15,0.500000
llava15,0.499999
llava15,0.492899
llava15,0.499970
llava15,0.496774
llava15,0.499980
llava15,0.499999
llava15,0.492596
llava15,0.499875
llava15,0.456880
llava15,0.457925
llava15,0.495599
llava15,0.499885
llava15,0.496762
llava15,0.498845
llava15,0.500002
llava15,0.497576
llava15,0.485916
llava15,0.498275
llava15,0.500001
llava15,0.500003
llava15,0.499999
llava15,0.447953
llava15,0.498868
llava15,0.499531
llava15,0.381856
llava15,0.000010
llava15,0.030479
llava15,0.483725
llava15,0.494029
llava15,0.499998
llava15,0.499867
llava15,0.499203
llava15,0.500000
llava15,0.498439
llava15,0.497851
llava15,0.499794
llava15,0.491304
llava15,0.499999
llava15,0.499960
llava15,0.499947
llava15,0.499874
llava15,0.499633
llava15,0.466393
llava15,0.499995
llava15,0.453981
llava15,0.499821
llava15,0.499989
llava15,0.499967
llava15,0.217195
llava15,0.499983
llava15,0.499999
llava15,0.494397
llava15,0.499473
llava15,0.499999
llava15,0.467755
llava15,0.493884
llava15,0.499240
llava15,0.499875
llava15,0.446760
llava15,0.479995
llava15,0.499773
llava15,0.500001
llava15,0.499762
llava15,0.493569
llava15,0.497779
llava15,0.468891
llava15,0.499129
llava15,0.495927
llava15,0.499949
llava15,0.499998
llava15,0.499952
llava15,0.000000
llava15,0.000022
llava15,0.499895
llava15,0.498622
llava15,0.496311
llava15,0.499443
llava15,0.499971
llava15,0.495649
llava15,0.499965
llava15,0.499992
llava15,0.494239
llava15,0.499999
llava15,0.499096
llava15,0.496291
llava15,0.499999
llava15,0.498654
llava15,0.465804
llava15,0.456626
llava15,0.499989
llava15,0.499998
llava15,0.499889
llava15,0.494232
llava15,0.499998
llava15,0.499959
llava15,0.499898
llava15,0.466051
llava15,0.499459
llava15,0.499588
llava15,0.499907
llava15,0.499999
llava15,0.342795
llava15,0.036991
llava15,0.318875
llava15,0.499966
llava15,0.500000
llava15,0.496899
llava15,0.499787
llava15,0.500000
llava15,0.491085
llava15,0.499981
llava15,0.499991
llava15,0.449881
llava15,0.497742
llava15,0.499842
llava15,0.498015
llava15,0.500000
llava15,0.493371
llava15,0.489448
llava15,0.499980
llava15,0.499999
llava15,0.498747
llava15,0.294304
llava15,0.499956
llava15,0.452888
llava15,0.499997
llava15,0.499996
llava15,0.499977
llava15,0.476990
llava15,0.499999
llava15,0.500001
llava15,0.478733
llava15,0.498531
llava15,0.500000
llava15,0.495021
llava15,0.496651
llava15,0.499861
llava15,0.494518
llava15,0.498350
llava15,0.489662
llava15,0.499798
llava15,0.490679
llava15,0.496780
llava15,0.499985
llava15,0.477652
llava15,0.499131
llava15,0.500000
llava15,0.490537
llava15,0.499010
llava15,0.462662
llava15,0.499795
llava15,0.499759
llava15,0.499995
llava15,0.499470
llava15,0.499995
llava15,0.499930
llava15,0.497013
llava15,0.499454
llava15,0.495580
llava15,0.499999
llava15,0.497531
llava15,0.500001
llava15,0.499957
llava15,0.484106
llava15,0.499998
llava15,0.498315
llava15,0.496741
llava15,0.497936
llava15,0.499994
llava15,0.481328
llava15,0.423281
llava15,0.499998
llava15,0.499999
llava15,0.499987
llava15,0.497262
llava15,0.498973
llava15,0.499835
llava15,0.382329
llava15,0.498096
llava15,0.499778
llava15,0.499987
llava15,0.491544
llava15,0.499969
llava15,0.499988
llava15,0.495163
llava15,0.499977
llava15,0.499995
llava15,0.500000
llava15,0.472679
llava15,0.495210
llava15,0.498132
llava15,0.498839
llava15,0.499450
llava15,0.500000
llava15,0.005817
llava15,0.442387
llava15,0.499958
llava15,0.500000
llava15,0.499996
llava15,0.000000
llava15,0.000000
llava15,0.000000
llava15,0.000000
llava15,0.000135
llava15,0.290317
llava15,0.443607
llava15,0.031685
llava15,0.000045
llava15,0.004293
llava15,0.498817
llava15,0.499998
llava15,0.489268
llava15,0.497839
llava15,0.495811
llava15,0.499601
llava15,0.498571
llava15,0.499389
llava15,0.471510
llava15,0.499997
llava15,0.320958
llava15,0.499475
llava15,0.496373
llava15,0.354579
llava15,0.499766
llava15,0.497704
llava15,0.499552
llava15,0.499613
llava15,0.496887
llava15,0.498184
llava15,0.499177
llava15,0.480067
llava15,0.499943
llava15,0.428828
llava15,0.497942
llava15,0.414089
llava15,0.495369
llava15,0.498093
llava15,0.498953
llava15,0.499947
llava15,0.416008
llava15,0.499998
llava15,0.495747
llava15,0.499916
llava15,0.499475
llava15,0.483092
llava15,0.499997
llava15,0.491900
llava15,0.497773
llava15,0.484671
llava15,0.499828
llava15,0.497271
llava15,0.497536
llava15,0.499999
llava15,0.499306
llava15,0.499684
llava15,0.500000
llava15,0.499979
llava15,0.495880
llava15,0.473001
llava15,0.469936
llava15,0.499310
llava15,0.498593
llava15,0.499994
llava15,0.498265
llava15,0.499475
llava15,0.500000
llava15,0.497367
llava15,0.492043
llava15,0.498777
llava15,0.358906
llava15,0.010421
llava15,0.457611
llava15,0.497228
llava15,0.500002
llava15,0.494318
llava15,0.492232
llava15,0.499985
llava15,0.499999
llava15,0.499898
llava15,0.497837
llava15,0.500000
llava15,0.500000
llava15,0.000000
llava15,0.000000
llava15,0.099779
llava15,0.499881
llava15,0.499252
llava15,0.499952
llava15,0.499807
llava15,0.487079
llava15,0.494755
llava15,0.496883
llava15,0.499969
llava15,0.309041
llava15,0.457734
llava15,0.499999
llava15,0.495912
llava15,0.303199
llava15,0.498453
llava15,0.500000
llava15,0.496689
llava15,0.493905
llava15,0.499996
llava15,0.500000
llava15,0.500001
llava15,0.496625
llava15,0.499961
llava15,0.493399
llava15,0.498220
llava15,0.497860
llava15,0.477669
llava15,0.499999
llava15,0.495572
llava15,0.499993
llava15,0.495671
llava15,0.495861
llava15,0.499982
llava15,0.499999
llava15,0.495421
llava15,0.475116
llava15,0.486466
llava15,0.485832
llava15,0.429036
llava15,0.476477
llava15,0.499921
llava15,0.487346
llava15,0.498358
llava15,0.494555
llava15,0.308097
llava15,0.499865
llava15,0.499987
llava15,0.499995
llava15,0.499903
llava15,0.499900
llava15,0.487118
llava15,0.490354
llava15,0.499999
llava15,0.493356
llava15,0.499934
llava15,0.494940
llava15,0.499913
llava15,0.458036
llava15,0.496744
llava15,0.488152
llava15,0.447809
llava15,0.495313
llava15,0.490099
llava15,0.497174
llava15,0.499187
llava15,0.499791
llava15,0.499594
llava15,0.500000
llava15,0.497348
llava15,0.499999
llava15,0.499775
llava15,0.460300
llava15,0.499238
llava15,0.495647
llava15,0.407971
llava15,0.478816
llava15,0.499857
llava15,0.499971
llava15,0.499599
llava15,0.499981
llava15,0.499996
llava15,0.491750
llava15,0.499963
llava15,0.499735
llava15,0.464984
llava15,0.394836
llava15,0.499528
llava15,0.499787
llava15,0.499952
llava15,0.499991
llava15,0.499989
llava15,0.494759
llava15,0.499726
llava15,0.364463
llava15,0.354559
llava15,0.494853
llava15,0.472294
llava15,0.496075
llava15,0.497236
llava15,0.499731
llava15,0.490245
llava15,0.498269
llava15,0.485052
llava15,0.499998
llava15,0.499970
llava15,0.463786
llava15,0.463998
llava15,0.499996
llava15,0.499561
llava15,0.499580
llava15,0.498357
llava15,0.499998
llava15,0.495882
llava15,0.489680
llava15,0.492255
llava15,0.497934
llava15,0.499572
llava15,0.494144
llava15,0.498107
llava15,0.498696
llava15,0.499002
llava15,0.499910
llava15,0.000000
llava15,0.000000
llava15,0.000000
llava15,0.000406
llava15,0.493476
llava15,0.464414
llava15,0.499977
llava15,0.441482
llava15,0.499884
llava15,0.500001
llava15,0.487315
llava15,0.500000
llava15,0.500000
llava15,0.499302
llava15,0.417631
llava15,0.499998
llava15,0.471559
llava15,0.496564
llava15,0.493395
llava15,0.498055
llava15,0.499924
llava15,0.499996
llava15,0.499991
llava15,0.499927
llava15,0.472818
llava15,0.499366
llava15,0.499998
llava15,0.468127
llava15,0.466077
llava15,0.496850
llava15,0.439699
llava15,0.495397
llava15,0.499703
llava15,0.499995
llava15,0.450837
llava15,0.408583
llava15,0.497984
llava15,0.497521
llava15,0.499285
llava15,0.496060
llava15,0.499662
llava15,0.499894
llava15,0.481163
llava15,0.382312
llava15,0.470801
llava15,0.474425
llava15,0.499955
llava15,0.487850
llava15,0.425468
llava15,0.499980
llava15,0.499905
llava15,0.310092
llava15,0.498272
llava15,0.303870
llava15,0.489651
llava15,0.499790
llava15,0.499950
llava15,0.495232
llava15,0.500003
llava15,0.496628
llava15,0.498234
llava15,0.500000
llava15,0.491396
llava15,0.490241
llava15,0.482655
llava15,0.499956
llava15,0.474333
llava15,0.499140
llava15,0.499999
llava15,0.498759
llava15,0.498893
llava15,0.499975
llava15,0.495173
llava15,0.488546
llava15,0.484387
llava15,0.499532
llava15,0.499800
llava15,0.497958
llava15,0.499663
llava15,0.499995
llava15,0.000000
llava15,0.000000
llava15,0.499813
llava15,0.500000
llava15,0.499996
llava15,0.494754
llava15,0.457019
llava15,0.492865
llava15,0.499985
llava15,0.235976
llava15,0.075534
llava15,0.499998
llava15,0.374029
llava15,0.495818
llava15,0.481230
llava15,0.498167
llava15,0.500000
llava15,0.454846
llava15,0.490776
llava15,0.499997
llava15,0.500002
llava15,0.498939
llava15,0.498295
llava15,0.499956
llava15,0.500003
llava15,0.493956
llava15,0.499999
llava15,0.499996
llava15,0.499138
llava15,0.494116
llava15,0.461340
llava15,0.491348
llava15,0.499951
llava15,0.474453
llava15,0.498468
llava15,0.500000
llava15,0.403419
llava15,0.499899
llava15,0.490832
llava15,0.499988
llava15,0.490106
llava15,0.497627
llava15,0.499951
llava15,0.492520
llava15,0.387914
llava15,0.497260
llava15,0.499649
llava15,0.491300
llava15,0.499981
llava15,0.494447
llava15,0.499130
llava15,0.499043
llava15,0.484243
llava15,0.496529
llava15,0.124793
llava15,0.499635
llava15,0.496409
llava15,0.497579
llava15,0.499617
llava15,0.466542
llava15,0.497020
llava15,0.499972
llava15,0.497844
llava15,0.498557
llava15,0.499998
llava15,0.466133
llava15,0.492684
llava15,0.500003
llava15,0.492389
llava15,0.499828
llava15,0.499939
llava15,0.499764
llava15,0.500003
llava15,0.461150
llava15,0.431688
llava15,0.499824
llava15,0.499260
llava15,0.499997
llava15,0.469771
llava15,0.499861
llava15,0.448681
llava15,0.499972
llava15,0.494810
llava15,0.499971
llava15,0.406231
llava15,0.492387
llava15,0.499966
llava15,0.499718
llava15,0.499796
llava15,0.496329
llava15,0.499532
llava15,0.000000
llava15,0.000000
llava15,0.499813
llava15,0.499370
llava15,0.484497
llava15,0.488369
llava15,0.499985
llava15,0.499664
llava15,0.498119
llava15,0.499955
llava15,0.499990
llava15,0.497847
llava15,0.496233
llava15,0.499995
llava15,0.481606
llava15,0.500002
llava15,0.497058
llava15,0.494277
llava15,0.499332
llava15,0.500000
llava15,0.495753
llava15,0.480950
llava15,0.499996
llava15,0.444521
llava15,0.499930
llava15,0.433825
llava15,0.491621
llava15,0.500001
llava15,0.499989
llava15,0.499995
llava15,0.497639
llava15,0.491605
llava15,0.500000
llava15,0.498268
llava15,0.482641
llava15,0.499987
llava15,0.304529
llava15,0.452903
llava15,0.425331
llava15,0.286153
llava15,0.374118
llava15,0.499971
llava15,0.408512
llava15,0.382643
llava15,0.499803
llava15,0.387831
llava15,0.499993
llava15,0.499602
llava15,0.380430
llava15,0.489943
llava15,0.359830
llava15,0.318907
llava15,0.499551
llava15,0.490928
llava15,0.496060
llava15,0.487209
llava15,0.463206
llava15,0.499960
llava15,0.439294
llava15,0.499624
llava15,0.491842
llava15,0.499990
llava15,0.480991
llava15,0.499991
llava15,0.497289
llava15,0.497803
llava15,0.483607
llava15,0.494802
llava15,0.499979
llava15,0.496946
llava15,0.495914
llava15,0.499928
llava15,0.483075
llava15,0.499957
llava15,0.499666
llava15,0.499992
llava15,0.499982
llava15,0.499999
llava15,0.020596
llava15,0.100908
llava15,0.415108
llava15,0.499699
llava15,0.499995
llava15,0.500000
llava15,0.499999
llava15,0.499999
llava15,0.499998
llava15,0.498463
llava15,0.498133
llava15,0.499979
llava15,0.000000
llava15,0.000000
llava15,0.000000
llava15,0.500001
llava15,0.499962
llava15,0.499870
llava15,0.499992
llava15,0.484854
llava15,0.499461
llava15,0.498782
llava15,0.433723
llava15,0.021304
llava15,0.499851
llava15,0.133511
llava15,0.423001
llava15,0.412647
llava15,0.499995
llava15,0.499985
llava15,0.463571
llava15,0.499996
llava15,0.499023
llava15,0.489502
llava15,0.499982
llava15,0.499995
llava15,0.499687
llava15,0.499762
llava15,0.494851
llava15,0.500000
llava15,0.500002
llava15,0.499993
llava15,0.499532
llava15,0.500000
llava15,0.495882
llava15,0.499963
llava15,0.499999
llava15,0.499115
llava15,0.491723
llava15,0.498302
llava15,0.489406
llava15,0.499992
llava15,0.499999
llava15,0.499995
llava15,0.461325
llava15,0.499981
llava15,0.237463
llava15,0.445291
llava15,0.500000
llava15,0.499700
llava15,0.492274
llava15,0.499999
llava15,0.499995
llava15,0.500000
llava15,0.491049
llava15,0.499678
llava15,0.499962
llava15,0.493437
llava15,0.499919
llava15,0.496768
llava15,0.499852
llava15,0.499972
llava15,0.499862
llava15,0.499848
llava15,0.499988
llava15,0.500000
llava15,0.498274
llava15,0.425012
llava15,0.498219
llava15,0.498313
llava15,0.495166
llava15,0.500003
llava15,0.492880
llava15,0.378726
llava15,0.498401
llava15,0.499301
llava15,0.499235
llava15,0.499997
llava15,0.499999
llava15,0.297767
llava15,0.492776
llava15,0.498689
llava15,0.499588
llava15,0.499984
llava15,0.499672
llava15,0.495833
llava15,0.499994
llava15,0.499999
llava15,0.462724
llava15,0.493542
llava15,0.499997
llava15,0.499903
llava15,0.500000
llava15,0.489192
llava15,0.096122
llava15,0.497879
llava15,0.496874
llava15,0.499988
llava15,0.499989
llava15,0.499224
llava15,0.499994
llava15,0.499934
llava15,0.499670
llava15,0.499415
llava15,0.497137
llava15,0.498035
llava15,0.497861
llava15,0.498200
llava15,0.498342
llava15,0.499796
llava15,0.476341
llava15,0.499777
llava15,0.500000
llava15,0.499996
llava15,0.499997
llava15,0.499973
llava15,0.000000
llava15,0.499803
llava15,0.498986
llava15,0.499145
llava15,0.498813
llava15,0.491222
llava15,0.499910
llava15,0.061631
llava15,0.494029
llava15,0.499239
llava15,0.499990
llava15,0.387605
llava15,0.499999
llava15,0.499976
llava15,0.477236
llava15,0.500001
llava15,0.499999
llava15,0.498304
llava15,0.495971
llava15,0.207054
llava15,0.500000
llava15,0.497012
llava15,0.450935
llava15,0.499969
llava15,0.495216
llava15,0.488970
llava15,0.401886
llava15,0.418508
llava15,0.491503
llava15,0.500000
llava15,0.039635
llava15,0.035415
llava15,0.498987
llava15,0.433396
llava15,0.464324
llava15,0.494583
llava15,0.500000
llava15,0.469972
llava15,0.497976
llava15,0.499999
llava15,0.490269
llava15,0.486180
llava15,0.480083
llava15,0.494097
llava15,0.499808
llava15,0.497248
llava15,0.499974
llava15,0.497791
llava15,0.497691
llava15,0.499999
llava15,0.500002
llava15,0.490363
llava15,0.498943
llava15,0.497025
llava15,0.490188
llava15,0.461526
llava15,0.499995
llava15,0.496379
llava15,0.499980
llava15,0.498405
llava15,0.499330
llava15,0.500000
llava15,0.499999
llava15,0.499881
llava15,0.499999
llava15,0.499997
llava15,0.499745
llava15,0.477806
llava15,0.490895
llava15,0.499979
llava15,0.499762
llava15,0.491237
llava15,0.498758
llava15,0.480362
llava15,0.493617
llava15,0.496085
llava15,0.499889
llava15,0.499797
llava15,0.499975
llava15,0.500000
llava15,0.499558
llava15,0.499443
llava15,0.499932
llava15,0.499999
llava15,0.499713
llava15,0.500000
llava15,0.499628
llava15,0.499950
llava15,0.499261
llava15,0.499925
llava15,0.000000
llava15,0.000806
llava15,0.499531
llava15,0.499218
llava15,0.486073
llava15,0.499987
llava15,0.488399
llava15,0.500000
llava15,0.491985
llava15,0.495471
llava15,0.166111
llava15,0.336831
llava15,0.498635
llava15,0.500001
llava15,0.485637
llava15,0.499999
llava15,0.499984
llava15,0.499999
llava15,0.481833
llava15,0.499721
llava15,0.302112
llava15,0.496064
llava15,0.450853
llava15,0.492013
llava15,0.481242
llava15,0.483820
llava15,0.498837
llava15,0.499568
llava15,0.499664
llava15,0.499997
llava15,0.499998
llava15,0.416231
llava15,0.496570
llava15,0.500002
llava15,0.491978
llava15,0.499998
llava15,0.498289
llava15,0.499269
llava15,0.499290
llava15,0.499754
llava15,0.499981
llava15,0.499994
llava15,0.408956
llava15,0.499862
llava15,0.364437
llava15,0.498969
llava15,0.499377
llava15,0.498357
llava15,0.500000
llava15,0.499999
llava15,0.500001
llava15,0.490867
llava15,0.454994
llava15,0.499525
llava15,0.497020
llava15,0.494240
llava15,0.499949
llava15,0.491764
llava15,0.499618
llava15,0.498816
llava15,0.499999
llava15,0.499968
llava15,0.478736
llava15,0.499998
llava15,0.499995
llava15,0.496134
llava15,0.499999
llava15,0.498120
llava15,0.495869
llava15,0.499864
llava15,0.500000
llava15,0.499764
llava15,0.499981
llava15,0.499998
llava15,0.461508
llava15,0.472637
llava15,0.496371
llava15,0.499995
llava15,0.497778
llava15,0.499990
llava15,0.493847
llava15,0.499999
llava15,0.499991
llava15,0.492859
llava15,0.500000
llava15,0.499950
llava15,0.000000
llava15,0.000000
llava15,0.499864
llava15,0.499966
llava15,0.006120
llava15,0.198480
llava15,0.499985
llava15,0.499986
llava15,0.499916
llava15,0.494606
llava15,0.361756
llava15,0.491583
llava15,0.499998
llava15,0.499996
llava15,0.498845
llava15,0.489650
llava15,0.499984
llava15,0.499986
llava15,0.496886
llava15,0.500000
llava15,0.494725
llava15,0.479453
llava15,0.500002
llava15,0.498379
llava15,0.488898
llava15,0.499482
llava15,0.496639
llava15,0.499615
llava15,0.469102
llava15,0.498138
llava15,0.499237
llava15,0.499839
llava15,0.498906
llava15,0.486395
llava15,0.315937
llava15,0.308122
llava15,0.499989
llava15,0.500000
llava15,0.499945
llava15,0.478985
llava15,0.497779
llava15,0.499996
llava15,0.441458
llava15,0.442149
llava15,0.498394
llava15,0.498387
llava15,0.481998
llava15,0.499992
llava15,0.486119
llava15,0.435655
llava15,0.473796
llava15,0.499908
llava15,0.491326
llava15,0.482125
llava15,0.498956
llava15,0.123967
llava15,0.499562
llava15,0.480823
llava15,0.446277
llava15,0.492939
llava15,0.499990
llava15,0.292308
llava15,0.499294
llava15,0.499057
llava15,0.499880
llava15,0.496530
llava15,0.499264
llava15,0.500001
llava15,0.498008
llava15,0.499912
llava15,0.498349
llava15,0.496573
llava15,0.499326
llava15,0.491001
llava15,0.485531
llava15,0.499736
llava15,0.499720
llava15,0.491072
llava15,0.499928
llava15,0.500000
llava15,0.499937
llava15,0.499495
llava15,0.498818
llava15,0.499999
llava15,0.191300
llava15,0.499897
llava15,0.499941
llava15,0.497586
llava15,0.493185
llava15,0.499221
llava15,0.420180
llava15,0.499966
llava15,0.499885
llava15,0.364139
llava15,0.499784
llava15,0.367266
llava15,0.499316
llava15,0.500000
llava15,0.496354
llava15,0.488901
llava15,0.339051
llava15,0.497222
llava15,0.495403
llava15,0.494462
llava15,0.497711
llava15,0.499995
llava15,0.498663
llava15,0.499433
llava15,0.023707
llava15,0.407035
llava15,0.499997
llava15,0.499992
llava15,0.499975
llava15,0.484832
llava15,0.499798
llava15,0.498589
llava15,0.498044
llava15,0.499997
llava15,0.497616
llava15,0.498611
llava15,0.499822
llava15,0.499916
llava15,0.499998
llava15,0.000000
llava15,0.499803
llava15,0.498955
llava15,0.499678
llava15,0.495502
llava15,0.499887
llava15,0.420990
llava15,0.499952
llava15,0.499659
llava15,0.499953
llava15,0.463388
llava15,0.499727
llava15,0.500001
llava15,0.486653
llava15,0.489701
llava15,0.000009
llava15,0.482987
llava15,0.499213
llava15,0.499999
llava15,0.059646
llava15,0.403405
llava15,0.484866
llava15,0.281213
llava15,0.499871
llava15,0.203828
llava15,0.499963
llava15,0.499999
llava15,0.474269
llava15,0.419233
llava15,0.485946
llava15,0.494532
llava15,0.156767
llava15,0.484164
llava15,0.496383
llava15,0.499017
llava15,0.499916
llava15,0.499838
llava15,0.497683
llava15,0.499989
llava15,0.397503
llava15,0.477873
llava15,0.497008
llava15,0.499999
llava15,0.492653
llava15,0.488788
llava15,0.499269
llava15,0.001306
llava15,0.083413
llava15,0.496582
llava15,0.499627
llava15,0.489255
llava15,0.496745
llava15,0.499994
llava15,0.499251
llava15,0.495728
llava15,0.492329
llava15,0.496456
llava15,0.499362
llava15,0.498274
llava15,0.411917
llava15,0.497145
llava15,0.485110
llava15,0.499859
llava15,0.498978
llava15,0.485095
llava15,0.497582
llava15,0.423047
llava15,0.493012
llava15,0.486816
llava15,0.175622
llava15,0.472679
llava15,0.500000
llava15,0.499998
llava15,0.495093
llava15,0.497631
llava15,0.499999
llava15,0.499999
llava15,0.499088
llava15,0.499370
llava15,0.500000
llava15,0.499458
llava15,0.499944
llava15,0.445144
llava15,0.497327
llava15,0.495147
llava15,0.499990
llava15,0.499999
llava15,0.495270
llava15,0.499595
llava15,0.463676
llava15,0.498898
llava15,0.499997
llava15,0.497657
llava15,0.498547
llava15,0.500000
llava15,0.494131
llava15,0.388869
llava15,0.499997
llava15,0.499998
llava15,0.498194
llava15,0.497613
llava15,0.499885
llava15,0.496777
llava15,0.499896
llava15,0.499804
llava15,0.497792
llava15,0.499992
llava15,0.499937
llava15,0.493658
llava15,0.497997
llava15,0.499998
llava15,0.000000
llava15,0.000000
llava15,0.000000
llava15,0.499988
llava15,0.492421
llava15,0.499500
llava15,0.499935
llava15,0.499984
llava15,0.208363
llava15,0.005301
llava15,0.315481
llava15,0.499997
llava15,0.499989
llava15,0.499109
llava15,0.498370
llava15,0.489532
llava15,0.494201
llava15,0.499957
llava15,0.471855
llava15,0.499394
llava15,0.499983
llava15,0.489559
llava15,0.477856
llava15,0.499912
llava15,0.499991
llava15,0.499999
llava15,0.426964
llava15,0.499999
llava15,0.499992
llava15,0.499950
llava15,0.490962
llava15,0.452227
llava15,0.470528
llava15,0.499334
llava15,0.500000
llava15,0.499642
llava15,0.499945
llava15,0.487775
llava15,0.483109
llava15,0.499995
llava15,0.497746
llava15,0.498486
llava15,0.499444
llava15,0.432367
llava15,0.500000
llava15,0.394675
llava15,0.452664
llava15,0.499882
llava15,0.491833
llava15,0.485510
llava15,0.490851
llava15,0.499494
llava15,0.432489
llava15,0.487541
llava15,0.498842
llava15,0.495279
llava15,0.497718
llava15,0.486556
llava15,0.499942
llava15,0.495347
llava15,0.499962
llava15,0.500000
llava15,0.497145
llava15,0.499806
llava15,0.499698
llava15,0.497125
llava15,0.491616
llava15,0.499997
llava15,0.499992
llava15,0.499701
llava15,0.498438
llava15,0.499670
llava15,0.497440
llava15,0.499254
llava15,0.498213
llava15,0.499571
llava15,0.000000
llava15,0.499904
llava15,0.499116
llava15,0.499670
llava15,0.496113
llava15,0.168522
llava15,0.494563
llava15,0.499977
llava15,0.499551
llava15,0.499008
llava15,0.500001
llava15,0.474600
llava15,0.474874
llava15,0.499999
llava15,0.484021
llava15,0.499998
llava15,0.493349
llava15,0.494925
llava15,0.500000
llava15,0.499253
llava15,0.498065
llava15,0.499954
llava15,0.499996
llava15,0.499718
llava15,0.484569
llava15,0.492529
llava15,0.500000
llava15,0.499997
llava15,0.497822
llava15,0.499995
llava15,0.499999
llava15,0.499995
llava15,0.499961
llava15,0.499999
llava15,0.499966
llava15,0.500000
llava15,0.160268
llava15,0.452631
llava15,0.499998
llava15,0.499997
llava15,0.015188
llava15,0.057340
llava15,0.139284
llava15,0.000030
llava15,0.041520
llava15,0.424026
llava15,0.499885
llava15,0.499998
llava15,0.497191
llava15,0.499908
llava15,0.490545
llava15,0.499743
llava15,0.498262
llava15,0.435185
llava15,0.491405
llava15,0.471886
llava15,0.499687
llava15,0.495922
llava15,0.453745
llava15,0.443162
llava15,0.290097
llava15,0.499909
llava15,0.495875
llava15,0.499984
llava15,0.499998
llava15,0.483633
llava15,0.500002
llava15,0.493299
llava15,0.489403
llava15,0.494496
llava15,0.488343
llava15,0.500000
llava15,0.500001
llava15,0.500000
llava15,0.490005
llava15,0.498118
llava15,0.499995
llava15,0.498389
llava15,0.320569
llava15,0.499880
llava15,0.499973
llava15,0.499973
llava15,0.499975
llava15,0.499555
llava15,0.496172
llava15,0.500000
llava15,0.499998
llava15,0.499968
llava15,0.488581
llava15,0.500000
llava15,0.499995
llava15,0.499994
llava15,0.499994
llava15,0.499028
llava15,0.499859
llava15,0.498900
llava15,0.491741
llava15,0.500002
llava15,0.499423
llava15,0.491414
llava15,0.499620
llava15,0.497427
llava15,0.267656
llava15,0.498455
llava15,0.499911
llava15,0.500000
llava15,0.499978
llava15,0.499622
llava15,0.270729
llava15,0.497145
llava15,0.499933
llava15,0.499512
llava15,0.499998
llava15,0.499995
llava15,0.496489
llava15,0.499991
llava15,0.499962
llava15,0.472554
llava15,0.500000
llava15,0.497671
llava15,0.500002
llava15,0.499954
llava15,0.498488
llava15,0.475749
llava15,0.499852
llava15,0.500000
llava15,0.486515
llava15,0.492073
llava15,0.000000
llava15,0.000000
llava15,0.000000
llava15,0.500000
llava15,0.491181
llava15,0.499739
llava15,0.499956
llava15,0.499984
llava15,0.499954
llava15,0.468118
llava15,0.394408
llava15,0.496827
llava15,0.499608
llava15,0.497248
llava15,0.499970
llava15,0.499201
llava15,0.498075
llava15,0.499993
llava15,0.152611
llava15,0.493687
llava15,0.499993
llava15,0.499693
llava15,0.499985
llava15,0.477871
llava15,0.405224
llava15,0.498533
llava15,0.458675
llava15,0.496831
llava15,0.301383
llava15,0.397274
llava15,0.497154
llava15,0.498207
llava15,0.499404
llava15,0.499993
llava15,0.473610
llava15,0.094769
llava15,0.049816
llava15,0.451661
llava15,0.499997
llava15,0.499980
llava15,0.499987
llava15,0.407569
llava15,0.495521
llava15,0.496872
llava15,0.497117
llava15,0.288800
llava15,0.498057
llava15,0.497315
llava15,0.499497
llava15,0.495828
llava15,0.468255
llava15,0.499507
llava15,0.493492
llava15,0.470320
llava15,0.499992
llava15,0.499623
llava15,0.228670
llava15,0.499980
llava15,0.499973
llava15,0.494573
llava15,0.500001
llava15,0.500002
llava15,0.499978
llava15,0.499997
llava15,0.495905
llava15,0.493851
llava15,0.495435
llava15,0.499995
llava15,0.499969
llava15,0.429008
llava15,0.485781
llava15,0.495357
llava15,0.480291
llava15,0.499835
llava15,0.490462
llava15,0.475821
llava15,0.483433
llava15,0.499808
llava15,0.499141
llava15,0.498195
llava15,0.499970
llava15,0.499997
llava15,0.499638
llava15,0.499944
llava15,0.499986
llava15,0.496062
llava15,0.499970
llava15,0.499956
llava15,0.000000
llava15,0.037880
llava15,0.499912
llava15,0.487681
llava15,0.495695
llava15,0.458979
llava15,0.499983
llava15,0.497016
llava15,0.499997
llava15,0.495973
llava15,0.499356
llava15,0.499994
llava15,0.499984
llava15,0.499999
llava15,0.489674
llava15,0.250307
llava15,0.499998
llava15,0.499976
llava15,0.497525
llava15,0.498421
llava15,0.499437
llava15,0.497624
llava15,0.475781
llava15,0.499918
llava15,0.499812
llava15,0.499992
llava15,0.499997
llava15,0.494003
llava15,0.428311
llava15,0.498566
llava15,0.499841
llava15,0.393392
llava15,0.499997
llava15,0.499988
llava15,0.489592
llava15,0.498722
llava15,0.491307
llava15,0.499994
llava15,0.500000
llava15,0.468175
llava15,0.499840
llava15,0.497801
llava15,0.495359
llava15,0.499476
llava15,0.498534
llava15,0.499840
llava15,0.499778
llava15,0.499980
llava15,0.488609
llava15,0.499821
llava15,0.496835
llava15,0.499996
llava15,0.499985
llava15,0.500002
llava15,0.489948
llava15,0.499252
llava15,0.464393
llava15,0.498651
llava15,0.500002
llava15,0.500001
llava15,0.498409
llava15,0.500000
llava15,0.486150
llava15,0.479355
llava15,0.384062
llava15,0.491309
llava15,0.500000
llava15,0.499986
llava15,0.411080
llava15,0.499999
llava15,0.496862
llava15,0.499989
llava15,0.499997
llava15,0.494512
llava15,0.489634
llava15,0.499925
llava15,0.494882
llava15,0.494067
llava15,0.499990
llava15,0.449687
llava15,0.388061
llava15,0.151670
llava15,0.499971
llava15,0.499998
llava15,0.498300
llava15,0.500000
llava15,0.462020
llava15,0.258196
llava15,0.282002
llava15,0.500000
llava15,0.499990
llava15,0.500000
llava15,0.148386
llava15,0.440973
llava15,0.499948
llava15,0.499997
llava15,0.491917
llava15,0.497234
llava15,0.499817
llava15,0.499998
llava15,0.498595
llava15,0.499966
llava15,0.000000
llava15,0.000000
llava15,0.000000
llava15,0.000002
llava15,0.000000
llava15,0.484545
llava15,0.499995
llava15,0.413519
llava15,0.499947
llava15,0.499246
llava15,0.499993
llava15,0.494253
llava15,0.499898
llava15,0.499939
llava15,0.084255
llava15,0.499957
llava15,0.499993
llava15,0.494243
llava15,0.499999
llava15,0.485936
llava15,0.499997
llava15,0.499842
llava15,0.499944
llava15,0.499755
llava15,0.495025
llava15,0.425691
llava15,0.499971
llava15,0.266392
llava15,0.499917
llava15,0.499980
llava15,0.482911
llava15,0.500000
llava15,0.496305
llava15,0.499920
llava15,0.499507
llava15,0.494651
llava15,0.499989
llava15,0.499968
llava15,0.499708
llava15,0.499692
llava15,0.492150
llava15,0.484925
llava15,0.499711
llava15,0.499589
llava15,0.499998
llava15,0.499616
llava15,0.500002
llava15,0.011674
llava15,0.493790
llava15,0.462707
llava15,0.499999
llava15,0.499989
llava15,0.499834
llava15,0.497980
llava15,0.499097
llava15,0.499921
llava15,0.499940
llava15,0.498711
llava15,0.387718
llava15,0.498865
llava15,0.499997
llava15,0.499977
llava15,0.499982
llava15,0.225583
llava15,0.497445
llava15,0.499996
llava15,0.447121
llava15,0.494949
llava15,0.499957
llava15,0.493286
llava15,0.497943
llava15,0.499847
llava15,0.499999
llava15,0.500000
llava15,0.295474
llava15,0.487979
llava15,0.499996
llava15,0.499999
llava15,0.499592
llava15,0.498630
llava15,0.499991
llava15,0.499985
llava15,0.499512
llava15,0.499385
llava15,0.499970
llava15,0.497961
llava15,0.498450
llava15,0.499583
llava15,0.499978
llava15,0.499988
llava15,0.499960
llava15,0.499278
llava15,0.499964
llava15,0.494725
llava15,0.496736
llava15,0.461799
llava15,0.499457
llava15,0.494016
llava15,0.500000
llava15,0.493451
llava15,0.416634
llava15,0.499839
llava15,0.499997
llava15,0.498374
llava15,0.478025
llava15,0.497663
llava15,0.499046
llava15,0.490519
llava15,0.389799
llava15,0.499869
llava15,0.500001
llava15,0.493035
llava15,0.499972
llava15,0.000000
llava15,0.000000
llava15,0.000000
llava15,0.000000
llava15,0.000000
llava15,0.225856
llava15,0.492029
llava15,0.499565
llava15,0.499979
llava15,0.499958
llava15,0.499999
llava15,0.494460
llava15,0.497903
llava15,0.493558
llava15,0.364407
llava15,0.486036
llava15,0.499971
llava15,0.472589
llava15,0.498531
llava15,0.496557
llava15,0.499939
llava15,0.496598
llava15,0.499022
llava15,0.496667
llava15,0.498228
llava15,0.500000
llava15,0.497942
llava15,0.500001
llava15,0.485561
llava15,0.446610
llava15,0.499997
llava15,0.496648
llava15,0.499494
llava15,0.499786
llava15,0.499999
llava15,0.360892
llava15,0.491229
llava15,0.499137
llava15,0.499820
llava15,0.499993
llava15,0.392048
llava15,0.499782
llava15,0.499413
llava15,0.448713
llava15,0.499929
llava15,0.478782
llava15,0.499998
llava15,0.500003
llava15,0.498312
llava15,0.499989
llava15,0.499604
llava15,0.477601
llava15,0.499963
llava15,0.499695
llava15,0.499590
llava15,0.483654
llava15,0.484630
llava15,0.495801
llava15,0.499652
llava15,0.499647
llava15,0.499005
llava15,0.499576
llava15,0.499976
llava15,0.467714
llava15,0.495641
llava15,0.499995
llava15,0.499428
llava15,0.497512
llava15,0.494137
llava15,0.499927
llava15,0.493747
llava15,0.332684
llava15,0.110379
llava15,0.499859
llava15,0.495217
llava15,0.493807
llava15,0.499998
llava15,0.499449
llava15,0.476445
llava15,0.495332
llava15,0.500002
llava15,0.500001
llava15,0.499999
llava15,0.499915
llava15,0.499184
llava15,0.500002
llava15,0.498842
llava15,0.500000
llava15,0.498553
llava15,0.461848
llava15,0.499819
llava15,0.498766
llava15,0.499971
llava15,0.498752
llava15,0.499725
llava15,0.499867
llava15,0.374720
llava15,0.500000
llava15,0.499997
llava15,0.000000
llava15,0.000000
llava15,0.000000
llava15,0.499990
llava15,0.472175
llava15,0.499969
llava15,0.437753
llava15,0.499780
llava15,0.499884
llava15,0.498640
llava15,0.495199
llava15,0.499364
llava15,0.499981
llava15,0.499970
llava15,0.499994
llava15,0.447125
llava15,0.500003
llava15,0.320446
llava15,0.499523
llava15,0.496009
llava15,0.500001
llava15,0.491150
llava15,0.499998
llava15,0.499992
llava15,0.477357
llava15,0.499985
llava15,0.420385
llava15,0.499917
llava15,0.492725
llava15,0.499998
llava15,0.500000
llava15,0.489763
llava15,0.499990
llava15,0.499796
llava15,0.499998
llava15,0.499464
llava15,0.499808
llava15,0.499998
llava15,0.500004
llava15,0.499172
llava15,0.499962
llava15,0.500000
llava15,0.499632
llava15,0.500002
llava15,0.499704
llava15,0.499998
llava15,0.499996
llava15,0.499990
llava15,0.499999
llava15,0.499981
llava15,0.463459
llava15,0.499905
llava15,0.500000
llava15,0.499996
llava15,0.499807
llava15,0.499998
llava15,0.493134
llava15,0.499979
llava15,0.500000
llava15,0.498591
llava15,0.499890
llava15,0.499998
llava15,0.499992
llava15,0.120147
llava15,0.452084
llava15,0.499999
llava15,0.496269
llava15,0.499906
llava15,0.499941
llava15,0.499406
llava15,0.468994
llava15,0.499708
llava15,0.495705
llava15,0.475414
llava15,0.499965
llava15,0.409872
llava15,0.492352
llava15,0.492423
llava15,0.496465
llava15,0.485782
llava15,0.498972
llava15,0.497758
llava15,0.499999
llava15,0.498864
llava15,0.499983
llava15,0.474380
llava15,0.498142
llava15,0.462958
llava15,0.499993
llava15,0.499935
llava15,0.480485
llava15,0.499988
llava15,0.499995
llava15,0.492932
llava15,0.499997
llava15,0.499999
llava15,0.496292
llava15,0.499850
llava15,0.498773
llava15,0.497793
llava15,0.499244
llava15,0.498554
llava15,0.499577
llava15,0.499989
llava15,0.499598
llava15,0.500002
llava15,0.496346
llava15,0.494873
llava15,0.492220
llava15,0.499555
llava15,0.499809
llava15,0.486314
llava15,0.500000
llava15,0.499605
llava15,0.477509
llava15,0.500002
llava15,0.498745
llava15,0.500003
llava15,0.499283
llava15,0.499102
llava15,0.499979
llava15,0.500001
llava15,0.499942
llava15,0.499991
llava15,0.499999
llava15,0.469164
llava15,0.500001
llava15,0.000000
llava15,0.000000
llava15,0.000000
llava15,0.000000
llava15,0.001421
llava15,0.000010
llava15,0.496340
llava15,0.499072
llava15,0.497920
llava15,0.436341
llava15,0.500000
llava15,0.499967
llava15,0.490855
llava15,0.446680
llava15,0.499999
llava15,0.498459
llava15,0.499953
llava15,0.500000
llava15,0.475309
llava15,0.488163
llava15,0.499998
llava15,0.422281
llava15,0.294204
llava15,0.499992
llava15,0.499950
llava15,0.483915
llava15,0.499998
llava15,0.499993
llava15,0.474351
llava15,0.499935
llava15,0.491187
llava15,0.500000
llava15,0.499115
llava15,0.498414
llava15,0.499918
llava15,0.477562
llava15,0.436231
llava15,0.462206
llava15,0.499996
llava15,0.499845
llava15,0.486402
llava15,0.498794
llava15,0.499975
llava15,0.492525
llava15,0.496853
llava15,0.499669
llava15,0.498778
llava15,0.500003
llava15,0.499345
llava15,0.499939
llava15,0.498496
llava15,0.493553
llava15,0.499287
llava15,0.499963
llava15,0.498548
llava15,0.480498
llava15,0.499999
llava15,0.499019
llava15,0.500000
llava15,0.499898
llava15,0.499059
llava15,0.498029
llava15,0.499336
llava15,0.499914
llava15,0.496222
llava15,0.500000
llava15,0.500000
llava15,0.499156
llava15,0.499157
llava15,0.499996
llava15,0.499826
llava15,0.499006
llava15,0.499286
llava15,0.498432
llava15,0.500000
llava15,0.496606
llava15,0.499999
llava15,0.498879
llava15,0.499112
llava15,0.498806
llava15,0.496419
llava15,0.499855
llava15,0.499858
llava15,0.491101
llava15,0.497434
llava15,0.444427
llava15,0.499961
llava15,0.489092
llava15,0.498057
llava15,0.499978
llava15,0.360086
llava15,0.499961
llava15,0.499947
llava15,0.499939
llava15,0.499825
llava15,0.499722
llava15,0.495689
llava15,0.500002
llava15,0.486671
llava15,0.372099
llava15,0.499916
llava15,0.500002
llava15,0.494511
llava15,0.496147
llava15,0.499990
llava15,0.499999
llava15,0.498463
llava15,0.499964
llava15,0.499979
llava15,0.499168
llava15,0.499995
llava15,0.434874
llava15,0.499968
llava15,0.000000
llava15,0.499904
llava15,0.499116
llava15,0.499792
llava15,0.496241
llava15,0.362621
llava15,0.499966
llava15,0.499994
llava15,0.499993
llava15,0.485719
llava15,0.499725
llava15,0.499977
llava15,0.496563
llava15,0.495346
llava15,0.496405
llava15,0.497161
llava15,0.499974
llava15,0.499997
llava15,0.399410
llava15,0.500000
llava15,0.499559
llava15,0.494217
llava15,0.496820
llava15,0.500000
llava15,0.500000
llava15,0.498699
llava15,0.201999
llava15,0.499996
llava15,0.499969
llava15,0.498361
llava15,0.468106
llava15,0.500000
llava15,0.499999
llava15,0.499965
llava15,0.415069
llava15,0.493904
llava15,0.499983
llava15,0.499999
llava15,0.496897
llava15,0.499064
llava15,0.499993
llava15,0.499999
llava15,0.486177
llava15,0.488947
llava15,0.473664
llava15,0.499993
llava15,0.499806
llava15,0.499944
llava15,0.499376
llava15,0.499989
llava15,0.205281
llava15,0.499971
llava15,0.499935
llava15,0.381698
llava15,0.486910
llava15,0.500002
llava15,0.499993
llava15,0.435713
llava15,0.440987
llava15,0.497638
llava15,0.431844
llava15,0.497234
llava15,0.500003
llava15,0.485969
llava15,0.499979
llava15,0.499999
llava15,0.500002
llava15,0.460669
llava15,0.464331
llava15,0.499999
llava15,0.345089
llava15,0.499979
llava15,0.439788
llava15,0.483847
llava15,0.499999
llava15,0.499986
llava15,0.499937
llava15,0.500000
llava15,0.498661
llava15,0.475019
llava15,0.485453
llava15,0.499999
llava15,0.499983
llava15,0.499883
llava15,0.492823
llava15,0.458909
llava15,0.499997
llava15,0.496551
llava15,0.499999
llava15,0.488264
llava15,0.492911
llava15,0.498081
llava15,0.500000
llava15,0.494215
llava15,0.499926
llava15,0.491557
llava15,0.488490
llava15,0.499994
llava15,0.499976
llava15,0.493435
llava15,0.436553
llava15,0.499385
llava15,0.498166
llava15,0.499999
llava15,0.500000
llava15,0.499371
llava15,0.499986
llava15,0.498785
llava15,0.498774
llava15,0.499950
llava15,0.499963
llava15,0.500003
llava15,0.499999
llava15,0.499995
llava15,0.499611
llava15,0.500003
llava15,0.499995
llava15,0.499999
llava15,0.500000
llava15,0.496619
llava15,0.500001
llava15,0.499837
llava15,0.499768
llava15,0.481470
llava15,0.499888
llava15,0.499785
llava15,0.499997
llava15,0.499999
llava15,0.000000
llava15,0.000000
llava15,0.499924
llava15,0.499317
llava15,0.499984
llava15,0.485650
llava15,0.499988
llava15,0.499992
llava15,0.428842
llava15,0.499738
llava15,0.487486
llava15,0.499229
llava15,0.499978
llava15,0.499984
llava15,0.499956
llava15,0.499996
llava15,0.464227
llava15,0.499854
llava15,0.481409
llava15,0.450744
llava15,0.500000
llava15,0.499999
llava15,0.497735
llava15,0.456453
llava15,0.499966
llava15,0.499772
llava15,0.495552
llava15,0.497786
llava15,0.500000
llava15,0.500000
llava15,0.490578
llava15,0.499828
llava15,0.470048
llava15,0.500000
llava15,0.467101
llava15,0.499999
llava15,0.365834
llava15,0.481673
llava15,0.470888
llava15,0.007408
llava15,0.499983
llava15,0.499919
llava15,0.499992
llava15,0.499958
llava15,0.499998
llava15,0.498025
llava15,0.497740
llava15,0.500002
llava15,0.497182
llava15,0.496543
llava15,0.499751
llava15,0.499810
llava15,0.499943
llava15,0.499993
llava15,0.499997
llava15,0.442526
llava15,0.499994
llava15,0.492203
llava15,0.480451
llava15,0.499989
llava15,0.499776
llava15,0.498246
llava15,0.380147
llava15,0.489765
llava15,0.499874
llava15,0.497517
llava15,0.499980
llava15,0.429674
llava15,0.499364
llava15,0.428017
llava15,0.499928
llava15,0.498677
llava15,0.492251
llava15,0.498545
llava15,0.499982
llava15,0.499990
llava15,0.499995
llava15,0.480505
llava15,0.499940
llava15,0.498150
llava15,0.499939
llava15,0.499998
llava15,0.498825
llava15,0.498907
llava15,0.492328
llava15,0.499900
llava15,0.496346
llava15,0.499664
llava15,0.499996
llava15,0.495074
llava15,0.497280
llava15,0.499947
llava15,0.472457
llava15,0.499999
llava15,0.454896
llava15,0.499987
llava15,0.499859
llava15,0.499974
llava15,0.000000
llava15,0.000000
llava15,0.499904
llava15,0.499293
llava15,0.486191
llava15,0.321201
llava15,0.499988
llava15,0.499977
llava15,0.436233
llava15,0.200080
llava15,0.001112
llava15,0.496611
llava15,0.499966
llava15,0.499966
llava15,0.488861
llava15,0.499959
llava15,0.500000
llava15,0.496849
llava15,0.500003
llava15,0.489504
llava15,0.488459
llava15,0.388603
llava15,0.499729
llava15,0.486872
llava15,0.497682
llava15,0.499978
llava15,0.499948
llava15,0.495835
llava15,0.497072
llava15,0.499577
llava15,0.358843
llava15,0.499892
llava15,0.499998
llava15,0.486702
llava15,0.476024
llava15,0.381683
llava15,0.499995
llava15,0.496155
llava15,0.499806
llava15,0.378603
llava15,0.492164
llava15,0.499998
llava15,0.484983
llava15,0.499281
llava15,0.499990
llava15,0.497097
llava15,0.499276
llava15,0.494903
llava15,0.499991
llava15,0.500000
llava15,0.471737
llava15,0.499005
llava15,0.499138
llava15,0.499936
llava15,0.499785
llava15,0.499887
llava15,0.499999
llava15,0.499510
llava15,0.499104
llava15,0.481096
llava15,0.494089
llava15,0.498984
llava15,0.499463
llava15,0.477620
llava15,0.499997
llava15,0.499946
llava15,0.499376
llava15,0.454827
llava15,0.499975
llava15,0.144944
llava15,0.499880
llava15,0.474506
llava15,0.499979
llava15,0.489438
llava15,0.499575
llava15,0.499715
llava15,0.460348
llava15,0.453823
llava15,0.363566
llava15,0.499997
llava15,0.492115
llava15,0.395695
llava15,0.499995
llava15,0.494572
llava15,0.499903
llava15,0.499967
llava15,0.499864
llava15,0.499129
llava15,0.499997
llava15,0.494916
llava15,0.500000
llava15,0.284594
llava15,0.448977
llava15,0.490177
llava15,0.422635
llava15,0.498965
llava15,0.499997
llava15,0.499999
llava15,0.496449
llava15,0.497212
llava15,0.499986
llava15,0.485716
llava15,0.487836
llava15,0.499805
llava15,0.478337
llava15,0.499994
llava15,0.499908
llava15,0.500003
llava15,0.498250
llava15,0.479228
llava15,0.498003
llava15,0.499930
llava15,0.499890
llava15,0.499835
llava15,0.499986
llava15,0.000000
llava15,0.499902
llava15,0.126326
llava15,0.499783
llava15,0.499941
llava15,0.468851
llava15,0.497872
llava15,0.499919
llava15,0.294723
llava15,0.499962
llava15,0.499995
llava15,0.499999
llava15,0.496562
llava15,0.500002
llava15,0.468915
llava15,0.499881
llava15,0.499972
llava15,0.484382
llava15,0.496045
llava15,0.499990
llava15,0.499997
llava15,0.499944
llava15,0.497707
llava15,0.499974
llava15,0.499995
llava15,0.491875
llava15,0.500002
llava15,0.011587
llava15,0.009672
llava15,0.151454
llava15,0.495103
llava15,0.499979
llava15,0.493834
llava15,0.495917
llava15,0.499951
llava15,0.499994
llava15,0.495617
llava15,0.471688
llava15,0.441593
llava15,0.496885
llava15,0.499996
llava15,0.494877
llava15,0.498320
llava15,0.403441
llava15,0.400160
llava15,0.455192
llava15,0.499896
llava15,0.499585
llava15,0.499118
llava15,0.499981
llava15,0.497745
llava15,0.248863
llava15,0.499936
llava15,0.499130
llava15,0.446897
llava15,0.499970
llava15,0.498047
llava15,0.481181
llava15,0.494869
llava15,0.499981
llava15,0.483079
llava15,0.499959
llava15,0.499938
llava15,0.481456
llava15,0.500000
llava15,0.486511
llava15,0.498740
llava15,0.462467
llava15,0.489398
llava15,0.499987
llava15,0.434861
llava15,0.493034
llava15,0.499865
llava15,0.495056
llava15,0.496803
llava15,0.499996
llava15,0.483869
llava15,0.293487
llava15,0.323903
llava15,0.008979
llava15,0.000057
llava15,0.455763
llava15,0.499898
llava15,0.491862
llava15,0.499998
llava15,0.484404
llava15,0.499503
llava15,0.000000
llava15,0.000000
llava15,0.499931
llava15,0.497800
llava15,0.480488
llava15,0.499964
llava15,0.499934
llava15,0.500000
llava15,0.476968
llava15,0.499734
llava15,0.499997
llava15,0.498553
llava15,0.485012
llava15,0.499757
llava15,0.499985
llava15,0.498861
llava15,0.499999
llava15,0.387732
llava15,0.494731
llava15,0.486162
llava15,0.494935
llava15,0.280708
llava15,0.412627
llava15,0.499910
llava15,0.499964
llava15,0.469271
llava15,0.495503
llava15,0.499324
llava15,0.418107
llava15,0.499994
llava15,0.000003
llava15,0.489125
llava15,0.491136
llava15,0.496128
llava15,0.499955
llava15,0.492178
llava15,0.499919
llava15,0.495922
llava15,0.482654
llava15,0.001633
llava15,0.499966
llava15,0.499768
llava15,0.499789
llava15,0.500001
llava15,0.443504
llava15,0.378887
llava15,0.499858
llava15,0.491113
llava15,0.498046
llava15,0.499928
llava15,0.494170
llava15,0.499603
llava15,0.451736
llava15,0.499996
llava15,0.136657
llava15,0.499686
llava15,0.499995
llava15,0.499982
llava15,0.487873
llava15,0.499997
llava15,0.499981
llava15,0.493251
llava15,0.495071
llava15,0.499968
llava15,0.499892
llava15,0.499956
llava15,0.479608
llava15,0.498861
llava15,0.498652
llava15,0.494985
llava15,0.499961
llava15,0.499981
llava15,0.494534
llava15,0.465028
llava15,0.492083
llava15,0.493173
llava15,0.468654
llava15,0.499968
llava15,0.499992
llava15,0.473430
llava15,0.497325
llava15,0.469744
llava15,0.499999
llava15,0.499697
llava15,0.491390
llava15,0.499745
llava15,0.499726
llava15,0.500002
llava15,0.500002
llava15,0.303218
llava15,0.499967
llava15,0.499778
llava15,0.500000
llava15,0.495470
llava15,0.499438
llava15,0.499976
llava15,0.499547
llava15,0.406785
llava15,0.499946
llava15,0.000000
llava15,0.041384
llava15,0.499878
llava15,0.500001
llava15,0.499973
llava15,0.490987
llava15,0.468597
llava15,0.499991
llava15,0.497174
llava15,0.420453
llava15,0.499893
llava15,0.499857
llava15,0.499751
llava15,0.499993
llava15,0.493941
llava15,0.499915
llava15,0.496438
llava15,0.483722
llava15,0.498997
llava15,0.499991
llava15,0.493766
llava15,0.499542
llava15,0.499883
llava15,0.499842
llava15,0.499959
llava15,0.499964
llava15,0.499547
llava15,0.499990
llava15,0.499853
llava15,0.498811
llava15,0.491704
llava15,0.499942
llava15,0.499999
llava15,0.492004
llava15,0.499753
llava15,0.382701
llava15,0.451754
llava15,0.499994
llava15,0.489236
llava15,0.499993
llava15,0.485288
llava15,0.473969
llava15,0.499933
llava15,0.483608
llava15,0.499946
llava15,0.498065
llava15,0.404655
llava15,0.280903
llava15,0.499759
llava15,0.498019
llava15,0.499865
llava15,0.499971
llava15,0.497997
llava15,0.389948
llava15,0.043939
llava15,0.438077
llava15,0.499981
llava15,0.496517
llava15,0.499948
llava15,0.486815
llava15,0.499827
llava15,0.499862
llava15,0.482830
llava15,0.499983
llava15,0.491208
llava15,0.499920
llava15,0.499982
llava15,0.500001
llava15,0.475920
llava15,0.438986
llava15,0.343426
llava15,0.497912
llava15,0.494520
llava15,0.499346
llava15,0.498955
llava15,0.493750
llava15,0.499999
llava15,0.463856
llava15,0.499995
llava15,0.499999
llava15,0.496425
llava15,0.401158
llava15,0.499990
llava15,0.499981
llava15,0.499999
llava15,0.499844
llava15,0.000000
llava15,0.041384
llava15,0.499878
llava15,0.499335
llava15,0.491464
llava15,0.202346
llava15,0.499950
llava15,0.490689
llava15,0.499684
llava15,0.489584
llava15,0.415292
llava15,0.499966
llava15,0.500000
llava15,0.023288
llava15,0.490892
llava15,0.499998
llava15,0.499999
llava15,0.463694
llava15,0.497458
llava15,0.499663
llava15,0.499930
llava15,0.499988
llava15,0.483040
llava15,0.499951
llava15,0.485591
llava15,0.499994
llava15,0.476497
llava15,0.499364
llava15,0.489254
llava15,0.493072
llava15,0.499957
llava15,0.499954
llava15,0.499945
llava15,0.495668
llava15,0.488717
llava15,0.499975
llava15,0.446417
llava15,0.376881
llava15,0.474485
llava15,0.495729
llava15,0.499567
llava15,0.499995
llava15,0.499954
llava15,0.491533
llava15,0.497156
llava15,0.492994
llava15,0.497966
llava15,0.493706
llava15,0.499992
llava15,0.479315
llava15,0.499476
llava15,0.499761
llava15,0.497893
llava15,0.498957
llava15,0.499817
llava15,0.449312
llava15,0.500001
llava15,0.500000
llava15,0.491639
llava15,0.477178
llava15,0.499665
llava15,0.499809
llava15,0.498233
llava15,0.494799
llava15,0.499992
llava15,0.116045
llava15,0.447906
llava15,0.499998
llava15,0.499995
llava15,0.485556
llava15,0.492525
llava15,0.499500
llava15,0.499622
llava15,0.498452
llava15,0.499524
llava15,0.499798
llava15,0.499989
llava15,0.499844
llava15,0.500000
llava15,0.492227
llava15,0.497963
llava15,0.483627
llava15,0.499756
llava15,0.153913
llava15,0.486340
llava15,0.500000
llava15,0.461287
llava15,0.498934
llava15,0.497956
llava15,0.484463
llava15,0.499759
llava15,0.499964
llava15,0.499986
llava15,0.499990
llava15,0.498891
llava15,0.499738
llava15,0.499769
llava15,0.493524
llava15,0.498607
llava15,0.225536
llava15,0.499997
llava15,0.217016
llava15,0.499739
llava15,0.408073
llava15,0.494021
llava15,0.497180
llava15,0.499112
llava15,0.442911
llava15,0.499976
llava15,0.476250
llava15,0.473605
llava15,0.499998
llava15,0.499545
llava15,0.499994
llava15,0.000000
llava15,0.499902
llava15,0.126326
llava15,0.495236
llava15,0.499901
llava15,0.499978
llava15,0.498187
llava15,0.499841
llava15,0.499912
llava15,0.492590
llava15,0.209537
llava15,0.499989
llava15,0.490378
llava15,0.499954
llava15,0.499936
llava15,0.499982
llava15,0.471603
llava15,0.423138
llava15,0.161863
llava15,0.494385
llava15,0.499993
llava15,0.155856
llava15,0.487713
llava15,0.498660
llava15,0.489864
llava15,0.472494
llava15,0.499722
llava15,0.401468
llava15,0.497222
llava15,0.499995
llava15,0.468780
llava15,0.499975
llava15,0.492821
llava15,0.485149
llava15,0.491866
llava15,0.499993
llava15,0.499999
llava15,0.461500
llava15,0.415640
llava15,0.499136
llava15,0.499959
llava15,0.499925
llava15,0.499806
llava15,0.495521
llava15,0.493847
llava15,0.496606
llava15,0.499985
llava15,0.499897
llava15,0.455689
llava15,0.007819
llava15,0.276048
llava15,0.499500
llava15,0.499957
llava15,0.490844
llava15,0.030516
llava15,0.499845
llava15,0.495793
llava15,0.500000
llava15,0.499999
llava15,0.497034
llava15,0.499993
llava15,0.499947
llava15,0.486868
llava15,0.487837
llava15,0.494541
llava15,0.499999
llava15,0.499410
llava15,0.499724
llava15,0.495700
llava15,0.499936
llava15,0.487373
llava15,0.496580
llava15,0.500000
llava15,0.499994
llava15,0.499998
llava15,0.498265
llava15,0.499440
llava15,0.499685
llava15,0.497646
llava15,0.493987
llava15,0.499882
llava15,0.480749
llava15,0.499736
llava15,0.487875
llava15,0.494807
llava15,0.279517
llava15,0.410533
llava15,0.000001
llava15,0.490955
llava15,0.499999
llava15,0.498591
llava15,0.498920
llava15,0.499999
llava15,0.499978
llava15,0.496853
llava15,0.500000
llava15,0.499985
llava15,0.499969
llava15,0.499998
llava15,0.493418
llava15,0.500000
llava15,0.499899
llava15,0.499933
llava15,0.000000
llava15,0.499847
llava15,0.499207
llava15,0.500000
llava15,0.499989
llava15,0.499966
llava15,0.495753
llava15,0.490230
llava15,0.494616
llava15,0.500000
llava15,0.499488
llava15,0.499999
llava15,0.499951
llava15,0.499977
llava15,0.499966
llava15,0.499997
llava15,0.414116
llava15,0.499992
llava15,0.499997
llava15,0.499992
llava15,0.494512
llava15,0.497161
llava15,0.489393
llava15,0.499954
llava15,0.482723
llava15,0.499997
llava15,0.499992
llava15,0.407296
llava15,0.495361
llava15,0.499989
llava15,0.470892
llava15,0.499953
llava15,0.499983
llava15,0.249911
llava15,0.499995
llava15,0.497710
llava15,0.497776
llava15,0.498981
llava15,0.499925
llava15,0.381931
llava15,0.499994
llava15,0.495761
llava15,0.497528
llava15,0.500000
llava15,0.499988
llava15,0.500000
llava15,0.440916
llava15,0.022763
llava15,0.499837
llava15,0.499875
llava15,0.458285
llava15,0.499961
llava15,0.473721
llava15,0.499988
llava15,0.492211
llava15,0.494945
llava15,0.498364
llava15,0.500000
llava15,0.499872
llava15,0.469287
llava15,0.483882
llava15,0.499994
llava15,0.499990
llava15,0.499972
llava15,0.500002
llava15,0.497152
llava15,0.499789
llava15,0.496033
llava15,0.499976
llava15,0.473055
llava15,0.488128
llava15,0.431327
llava15,0.000450
llava15,0.437169
llava15,0.083080
llava15,0.043419
llava15,0.477259
llava15,0.499654
llava15,0.498925
llava15,0.499913
llava15,0.495787
llava15,0.497845
llava15,0.136042
llava15,0.457044
llava15,0.499682
llava15,0.499993
llava15,0.469000
llava15,0.499843
llava15,0.499519
llava15,0.499932
llava15,0.500001
llava15,0.499956
llava15,0.498426
llava15,0.498631
llava15,0.485706
llava15,0.499593
llava15,0.499996
llava15,0.499397
llava15,0.499993
llava15,0.499995
llava15,0.179438
llava15,0.493228
llava15,0.495976
llava15,0.188609
llava15,0.452137
llava15,0.499813
llava15,0.499999
llava15,0.499978
llava15,0.499960
llava15,0.499946
llava15,0.499988
llava15,0.499984
llava15,0.499975
llava15,0.499982
llava15,0.365094
llava15,0.499947
llava15,0.000000
llava15,0.000000
llava15,0.000000
llava15,0.000057
llava15,0.001861
llava15,0.495688
llava15,0.497695
llava15,0.438032
llava15,0.458623
llava15,0.499636
llava15,0.491645
llava15,0.129360
llava15,0.000001
llava15,0.230526
llava15,0.498274
llava15,0.499996
llava15,0.497468
llava15,0.500003
llava15,0.495606
llava15,0.491660
llava15,0.499991
llava15,0.500003
llava15,0.472974
llava15,0.475337
llava15,0.499991
llava15,0.499999
llava15,0.490621
llava15,0.499989
llava15,0.499999
llava15,0.407829
llava15,0.493205
llava15,0.499770
llava15,0.496720
llava15,0.499577
llava15,0.499900
llava15,0.496049
llava15,0.499996
llava15,0.499997
llava15,0.499550
llava15,0.499700
llava15,0.498959
llava15,0.491538
llava15,0.498889
llava15,0.499802
llava15,0.499635
llava15,0.499110
llava15,0.499470
llava15,0.497698
llava15,0.499633
llava15,0.499922
llava15,0.499806
llava15,0.499283
llava15,0.499998
llava15,0.499585
llava15,0.499995
llava15,0.485265
llava15,0.499999
llava15,0.498851
llava15,0.402224
llava15,0.499994
llava15,0.499991
llava15,0.498120
llava15,0.498491
llava15,0.032564
llava15,0.398596
llava15,0.499965
llava15,0.471303
llava15,0.467354
llava15,0.499919
llava15,0.497599
llava15,0.498209
llava15,0.500000
llava15,0.499957
llava15,0.497768
llava15,0.487084
llava15,0.499727
llava15,0.468664
llava15,0.499544
llava15,0.499865
llava15,0.499981
llava15,0.499968
llava15,0.477013
llava15,0.381156
llava15,0.497127
llava15,0.499953
llava15,0.500002
llava15,0.499973
llava15,0.495712
llava15,0.499942
llava15,0.495346
llava15,0.494444
llava15,0.499996
llava15,0.496856
llava15,0.499949
llava15,0.499953
llava15,0.499386
llava15,0.169497
llava15,0.485850
llava15,0.500004
llava15,0.497843
llava15,0.485874
llava15,0.499989
llava15,0.500000
llava15,0.431934
llava15,0.499981
llava15,0.000000
llava15,0.499847
llava15,0.499421
llava15,0.498744
llava15,0.499096
llava15,0.489506
llava15,0.499912
llava15,0.499905
llava15,0.499987
llava15,0.495493
llava15,0.499981
llava15,0.499994
llava15,0.499976
llava15,0.500000
llava15,0.496155
llava15,0.482818
llava15,0.483248
llava15,0.499959
llava15,0.499998
llava15,0.498675
llava15,0.478301
llava15,0.499987
llava15,0.499992
llava15,0.456107
llava15,0.499999
llava15,0.334926
llava15,0.499987
llava15,0.494049
llava15,0.499991
llava15,0.499999
llava15,0.475513
llava15,0.499923
llava15,0.499996
llava15,0.498089
llava15,0.475157
llava15,0.494171
llava15,0.499933
llava15,0.499956
llava15,0.481816
llava15,0.460014
llava15,0.496100
llava15,0.468469
llava15,0.499868
llava15,0.499411
llava15,0.499225
llava15,0.499926
llava15,0.500000
llava15,0.500000
llava15,0.499891
llava15,0.438879
llava15,0.499999
llava15,0.492819
llava15,0.498586
llava15,0.496762
llava15,0.478468
llava15,0.497139
llava15,0.483674
llava15,0.499994
llava15,0.499269
llava15,0.499956
llava15,0.497838
llava15,0.498052
llava15,0.499338
llava15,0.495301
llava15,0.499990
llava15,0.499999
llava15,0.479787
llava15,0.499911
llava15,0.495982
llava15,0.499760
llava15,0.498072
llava15,0.497334
llava15,0.500000
llava15,0.499999
llava15,0.499552
llava15,0.499980
llava15,0.499990
llava15,0.498013
llava15,0.491889
llava15,0.499995
llava15,0.499993
llava15,0.499993
llava15,0.497239
llava15,0.482931
llava15,0.500000
llava15,0.499410
llava15,0.499986
llava15,0.499644
llava15,0.499884
llava15,0.499999
llava15,0.499865
llava15,0.499834
llava15,0.499754
llava15,0.499810
llava15,0.499847
llava15,0.499963
llava15,0.499764
llava15,0.000000
llava15,0.041384
llava15,0.499878
llava15,0.500001
llava15,0.499973
llava15,0.488716
llava15,0.499919
llava15,0.499991
llava15,0.499973
llava15,0.196882
llava15,0.499907
llava15,0.492659
llava15,0.450250
llava15,0.498461
llava15,0.499997
llava15,0.393896
llava15,0.500001
llava15,0.498457
llava15,0.499314
llava15,0.496182
llava15,0.114638
llava15,0.499957
llava15,0.499979
llava15,0.499616
llava15,0.498990
llava15,0.495419
llava15,0.499946
llava15,0.499982
llava15,0.498590
llava15,0.500002
llava15,0.499968
llava15,0.440918
llava15,0.499851
llava15,0.499913
llava15,0.500001
llava15,0.499795
llava15,0.499863
llava15,0.371942
llava15,0.499463
llava15,0.499963
llava15,0.485261
llava15,0.491479
llava15,0.416448
llava15,0.482817
llava15,0.496809
llava15,0.492399
llava15,0.465869
llava15,0.499972
llava15,0.490179
llava15,0.456028
llava15,0.496764
llava15,0.499999
llava15,0.483222
llava15,0.499982
llava15,0.499987
llava15,0.499991
llava15,0.499840
llava15,0.499889
llava15,0.499998
llava15,0.500000
llava15,0.499066
llava15,0.498690
llava15,0.499992
llava15,0.499871
llava15,0.388570
llava15,0.498013
llava15,0.499993
llava15,0.499976
llava15,0.455851
llava15,0.499998
llava15,0.499988
llava15,0.499891
llava15,0.500000
llava15,0.500001
llava15,0.499195
llava15,0.499996
llava15,0.497471
llava15,0.498298
llava15,0.499949
llava15,0.498497
llava15,0.500002
llava15,0.495754
llava15,0.499924
llava15,0.499530
llava15,0.498866
llava15,0.496936
llava15,0.498800
llava15,0.499803
llava15,0.000000
llava15,0.000000
llava15,0.000000
llava15,0.499983
llava15,0.497208
llava15,0.275745
llava15,0.354608
llava15,0.466691
llava15,0.499889
llava15,0.495916
llava15,0.315974
llava15,0.499984
llava15,0.499931
llava15,0.488341
llava15,0.416329
llava15,0.499962
llava15,0.499948
llava15,0.499215
llava15,0.495350
llava15,0.499979
llava15,0.500000
llava15,0.495530
llava15,0.499439
llava15,0.406413
llava15,0.499990
llava15,0.486937
llava15,0.443508
llava15,0.499937
llava15,0.499962
llava15,0.499606
llava15,0.499996
llava15,0.381646
llava15,0.106425
llava15,0.363034
llava15,0.499991
llava15,0.041597
llava15,0.446532
llava15,0.499940
llava15,0.499349
llava15,0.449545
llava15,0.499827
llava15,0.421957
llava15,0.485194
llava15,0.308403
llava15,0.495618
llava15,0.499493
llava15,0.499990
llava15,0.414980
llava15,0.499973
llava15,0.499974
llava15,0.499989
llava15,0.499998
llava15,0.499920
llava15,0.440776
llava15,0.499902
llava15,0.496192
llava15,0.498770
llava15,0.296070
llava15,0.499915
llava15,0.499989
llava15,0.485587
llava15,0.494991
llava15,0.497613
llava15,0.499985
llava15,0.493776
llava15,0.499547
llava15,0.499074
llava15,0.497765
llava15,0.500000
llava15,0.498491
llava15,0.497897
llava15,0.475936
llava15,0.498427
llava15,0.498176
llava15,0.495970
llava15,0.495237
llava15,0.499998
llava15,0.410215
llava15,0.499985
llava15,0.486638
llava15,0.499994
llava15,0.500001
llava15,0.499974
llava15,0.499996
llava15,0.499966
llava15,0.499999
llava15,0.499289
llava15,0.499687
llava15,0.499974
llava15,0.498479
llava15,0.499981
llava15,0.499993
llava15,0.499988
llava15,0.499010
llava15,0.499963
llava15,0.496445
llava15,0.499496
llava15,0.161379
llava15,0.490812
llava15,0.499986
llava15,0.499864
llava15,0.499965
llava15,0.499743
llava15,0.499695
llava15,0.500000
llava15,0.449876
llava15,0.499997
llava15,0.000000
llava15,0.499474
llava15,0.498813
llava15,0.499734
llava15,0.485336
llava15,0.484482
llava15,0.496303
llava15,0.497901
llava15,0.496593
llava15,0.496507
llava15,0.500001
llava15,0.499363
llava15,0.499987
llava15,0.486756
llava15,0.495895
llava15,0.499775
llava15,0.499929
llava15,0.461774
llava15,0.499999
llava15,0.458280
llava15,0.499186
llava15,0.499997
llava15,0.499672
llava15,0.497924
llava15,0.085346
llava15,0.498908
llava15,0.500002
llava15,0.492960
llava15,0.489914
llava15,0.467874
llava15,0.499972
llava15,0.394274
llava15,0.499866
llava15,0.500001
llava15,0.492768
llava15,0.498546
llava15,0.499998
llava15,0.457302
llava15,0.499964
llava15,0.499985
llava15,0.499997
llava15,0.499997
llava15,0.434584
llava15,0.390173
llava15,0.026792
llava15,0.333009
llava15,0.499983
llava15,0.489492
llava15,0.498716
llava15,0.499944
llava15,0.491211
llava15,0.499665
llava15,0.499241
llava15,0.499963
llava15,0.497448
llava15,0.499998
llava15,0.499866
llava15,0.472089
llava15,0.499948
llava15,0.499265
llava15,0.498385
llava15,0.499998
llava15,0.500000
llava15,0.498994
llava15,0.460374
llava15,0.495477
llava15,0.499933
llava15,0.494564
llava15,0.499996
llava15,0.087141
llava15,0.409498
llava15,0.499450
llava15,0.499996
llava15,0.500000
llava15,0.499821
llava15,0.498657
llava15,0.482886
llava15,0.482841
llava15,0.499617
llava15,0.499982
llava15,0.492403
llava15,0.499988
llava15,0.499266
llava15,0.497024
llava15,0.492074
llava15,0.494381
llava15,0.499515
llava15,0.499998
llava15,0.499808
llava15,0.499941
llava15,0.489225
llava15,0.445840
llava15,0.479926
llava15,0.499937
llava15,0.367443
llava15,0.488113
llava15,0.495819
llava15,0.499507
llava15,0.426465
llava15,0.496074
llava15,0.497079
llava15,0.499985
llava15,0.499839
llava15,0.498069
llava15,0.499272
llava15,0.499988
llava15,0.499619
llava15,0.500000
llava15,0.499997
llava15,0.499949
llava15,0.499985
llava15,0.499940
llava15,0.499986
llava15,0.480207
llava15,0.492246
llava15,0.500000
llava15,0.497036
llava15,0.349639
llava15,0.499979
llava15,0.000000
llava15,0.121305
llava15,0.499986
llava15,0.499999
llava15,0.499988
llava15,0.499355
llava15,0.496857
llava15,0.469264
llava15,0.499779
llava15,0.108821
llava15,0.000004
llava15,0.211795
llava15,0.499999
llava15,0.499984
llava15,0.499991
llava15,0.499996
llava15,0.471166
llava15,0.499997
llava15,0.482768
llava15,0.500001
llava15,0.444895
llava15,0.499996
llava15,0.499993
llava15,0.499998
llava15,0.499844
llava15,0.493307
llava15,0.499980
llava15,0.499967
llava15,0.485793
llava15,0.499931
llava15,0.499639
llava15,0.496839
llava15,0.493445
llava15,0.451486
llava15,0.273369
llava15,0.497554
llava15,0.499467
llava15,0.496700
llava15,0.497707
llava15,0.474487
llava15,0.500001
llava15,0.496219
llava15,0.498458
llava15,0.496236
llava15,0.493709
llava15,0.499958
llava15,0.491023
llava15,0.500002
llava15,0.231214
llava15,0.389409
llava15,0.495339
llava15,0.498531
llava15,0.499609
llava15,0.487442
llava15,0.499999
llava15,0.498774
llava15,0.499727
llava15,0.493807
llava15,0.498198
llava15,0.499814
llava15,0.495915
llava15,0.498972
llava15,0.490483
llava15,0.496483
llava15,0.493570
llava15,0.475140
llava15,0.499973
llava15,0.499984
llava15,0.455468
llava15,0.498656
llava15,0.492301
llava15,0.499198
llava15,0.500001
llava15,0.499267
llava15,0.499043
llava15,0.497884
llava15,0.499958
llava15,0.490173
llava15,0.499328
llava15,0.499996
llava15,0.384707
llava15,0.485056
llava15,0.499889
llava15,0.499999
llava15,0.497776
llava15,0.492600
llava15,0.476226
llava15,0.499984
llava15,0.499999
llava15,0.497105
llava15,0.497814
llava15,0.222663
llava15,0.495646
llava15,0.499636
llava15,0.492273
llava15,0.254014
llava15,0.499963
llava15,0.494666
llava15,0.499824
llava15,0.498801
llava15,0.499993
llava15,0.499995
llava15,0.499991
llava15,0.492606
llava15,0.427374
llava15,0.447568
llava15,0.499360
llava15,0.499996
llava15,0.498753
llava15,0.494738
llava15,0.500002
llava15,0.499997
llava15,0.499998
llava15,0.412034
llava15,0.490922
llava15,0.499979
llava15,0.499730
llava15,0.499994
llava15,0.499368
llava15,0.499822
llava15,0.436687
llava15,0.499999
llava15,0.499985
llava15,0.482698
llava15,0.499932
llava15,0.000000
llava15,0.499817
llava15,0.498935
llava15,0.499670
llava15,0.496947
llava15,0.499948
llava15,0.498484
llava15,0.488770
llava15,0.498271
llava15,0.499991
llava15,0.499937
llava15,0.498895
llava15,0.497600
llava15,0.495235
llava15,0.499996
llava15,0.500000
llava15,0.500000
llava15,0.488338
llava15,0.473005
llava15,0.498270
llava15,0.468819
llava15,0.499339
llava15,0.499751
llava15,0.500000
llava15,0.483758
llava15,0.461328
llava15,0.498446
llava15,0.475123
llava15,0.499967
llava15,0.479631
llava15,0.499999
llava15,0.491429
llava15,0.499996
llava15,0.494641
llava15,0.499131
llava15,0.499997
llava15,0.499748
llava15,0.500000
llava15,0.467367
llava15,0.499930
llava15,0.466003
llava15,0.356653
llava15,0.344620
llava15,0.499666
llava15,0.499324
llava15,0.493644
llava15,0.499997
llava15,0.493504
llava15,0.499193
llava15,0.454300
llava15,0.500002
llava15,0.495750
llava15,0.477017
llava15,0.421673
llava15,0.499924
llava15,0.499967
llava15,0.496743
llava15,0.482213
llava15,0.496437
llava15,0.495832
llava15,0.498607
llava15,0.492222
llava15,0.499488
llava15,0.338006
llava15,0.111491
llava15,0.484777
llava15,0.357098
llava15,0.499965
llava15,0.480371
llava15,0.498464
llava15,0.495563
llava15,0.493819
llava15,0.485131
llava15,0.497533
llava15,0.499867
llava15,0.478172
llava15,0.499993
llava15,0.499933
llava15,0.500000
llava15,0.463112
llava15,0.000000
llava15,0.000004
llava15,0.499339
llava15,0.495425
llava15,0.499967
llava15,0.000000
llava15,0.121305
llava15,0.000000
llava15,0.499962
llava15,0.492947
llava15,0.445263
llava15,0.499680
llava15,0.499968
llava15,0.377169
llava15,0.499454
llava15,0.477338
llava15,0.484736
llava15,0.499863
llava15,0.500001
llava15,0.446512
llava15,0.499979
llava15,0.499970
llava15,0.498267
llava15,0.500000
llava15,0.495049
llava15,0.500002
llava15,0.312117
llava15,0.499851
llava15,0.499378
llava15,0.499996
llava15,0.499726
llava15,0.492633
llava15,0.498372
llava15,0.389175
llava15,0.499999
llava15,0.498533
llava15,0.089601
llava15,0.405664
llava15,0.499733
llava15,0.499696
llava15,0.484006
llava15,0.487513
llava15,0.494614
llava15,0.495060
llava15,0.499997
llava15,0.466674
llava15,0.019514
llava15,0.121070
llava15,0.499995
llava15,0.465445
llava15,0.499981
llava15,0.497280
llava15,0.498959
llava15,0.500001
llava15,0.496548
llava15,0.499960
llava15,0.462520
llava15,0.495782
llava15,0.500003
llava15,0.498757
llava15,0.499863
llava15,0.499998
llava15,0.499997
llava15,0.473455
llava15,0.488473
llava15,0.496049
llava15,0.499318
llava15,0.496890
llava15,0.499926
llava15,0.494343
llava15,0.498187
llava15,0.499676
llava15,0.499886
llava15,0.499992
llava15,0.499976
llava15,0.499999
llava15,0.497239
llava15,0.476794
llava15,0.499987
llava15,0.498160
llava15,0.487722
llava15,0.499615
llava15,0.499099
llava15,0.499998
llava15,0.479096
llava15,0.499363
llava15,0.495960
llava15,0.440824
llava15,0.499998
llava15,0.499993
llava15,0.499073
llava15,0.499883
llava15,0.499978
llava15,0.499990
llava15,0.499367
llava15,0.489535
llava15,0.477041
llava15,0.495069
llava15,0.499494
llava15,0.499999
llava15,0.498680
llava15,0.499999
llava15,0.490412
llava15,0.499984
llava15,0.000000
llava15,0.499889
llava15,0.499110
llava15,0.499704
llava15,0.497228
llava15,0.450242
llava15,0.482922
llava15,0.499937
llava15,0.452286
llava15,0.484602
llava15,0.499665
llava15,0.499976
llava15,0.227821
llava15,0.499598
llava15,0.499884
llava15,0.483803
llava15,0.498070
llava15,0.499797
llava15,0.499642
llava15,0.499839
llava15,0.475292
llava15,0.499519
llava15,0.499997
llava15,0.315063
llava15,0.499872
llava15,0.499998
llava15,0.499999
llava15,0.499504
llava15,0.485709
llava15,0.499880
llava15,0.499374
llava15,0.494577
llava15,0.499997
llava15,0.483403
llava15,0.499897
llava15,0.429859
llava15,0.499958
llava15,0.499749
llava15,0.499286
llava15,0.499999
llava15,0.491413
llava15,0.499987
llava15,0.482668
llava15,0.486798
llava15,0.498723
llava15,0.493511
llava15,0.472043
llava15,0.499722
llava15,0.499480
llava15,0.445320
llava15,0.454104
llava15,0.499997
llava15,0.463892
llava15,0.433684
llava15,0.387504
llava15,0.484391
llava15,0.486620
llava15,0.499901
llava15,0.499990
llava15,0.499855
llava15,0.499666
llava15,0.499410
llava15,0.499728
llava15,0.494567
llava15,0.499584
llava15,0.499686
llava15,0.499830
llava15,0.499910
llava15,0.472151
llava15,0.496485
llava15,0.500000
llava15,0.495465
llava15,0.499981
llava15,0.495820
llava15,0.499943
llava15,0.499997
llava15,0.499976
llava15,0.499999
llava15,0.499994
llava15,0.500000
llava15,0.499452
llava15,0.500000
llava15,0.500000
llava15,0.499999
llava15,0.499426
llava15,0.499999
llava15,0.499689
llava15,0.499652
llava15,0.499978
llava15,0.499992
llava15,0.498378
llava15,0.498810
llava15,0.499983
llava15,0.499424
llava15,0.496975
llava15,0.498147
llava15,0.438870
llava15,0.499893
llava15,0.494857
llava15,0.498938
llava15,0.499481
llava15,0.499964
llava15,0.252088
llava15,0.495441
llava15,0.499999
llava15,0.498516
llava15,0.499809
llava15,0.416080
llava15,0.492553
llava15,0.500000
llava15,0.494472
llava15,0.499996
llava15,0.499512
llava15,0.499951
llava15,0.000000
llava15,0.499844
llava15,0.499167
llava15,0.499749
llava15,0.494518
llava15,0.499970
llava15,0.499916
llava15,0.304874
llava15,0.499991
llava15,0.499985
llava15,0.169814
llava15,0.032226
llava15,0.000000
llava15,0.497675
llava15,0.499996
llava15,0.499994
llava15,0.482961
llava15,0.499999
llava15,0.489921
llava15,0.493087
llava15,0.499980
llava15,0.499995
llava15,0.499689
llava15,0.488849
llava15,0.498193
llava15,0.499998
llava15,0.235522
llava15,0.499933
llava15,0.485330
llava15,0.499996
llava15,0.499964
llava15,0.464336
llava15,0.499937
llava15,0.494924
llava15,0.499997
llava15,0.476238
llava15,0.499645
llava15,0.479863
llava15,0.499996
llava15,0.400365
llava15,0.488037
llava15,0.497434
llava15,0.496096
llava15,0.267093
llava15,0.499979
llava15,0.499999
llava15,0.499968
llava15,0.499996
llava15,0.495089
llava15,0.499994
llava15,0.498929
llava15,0.498743
llava15,0.499995
llava15,0.499562
llava15,0.499999
llava15,0.499958
llava15,0.497054
llava15,0.499839
llava15,0.496798
llava15,0.472951
llava15,0.494762
llava15,0.487426
llava15,0.498798
llava15,0.461746
llava15,0.442497
llava15,0.499903
llava15,0.473996
llava15,0.499983
llava15,0.499997
llava15,0.499941
llava15,0.489455
llava15,0.492699
llava15,0.499886
llava15,0.499954
llava15,0.499994
llava15,0.499716
llava15,0.499335
llava15,0.499268
llava15,0.498297
llava15,0.499830
llava15,0.467050
llava15,0.500000
llava15,0.493575
llava15,0.500001
llava15,0.499543
llava15,0.385888
llava15,0.485490
llava15,0.470519
llava15,0.462984
llava15,0.474215
llava15,0.490906
llava15,0.499996
llava15,0.497823
llava15,0.499474
llava15,0.497234
llava15,0.496483
llava15,0.499990
llava15,0.053082
llava15,0.318520
llava15,0.500000
llava15,0.494524
llava15,0.499115
llava15,0.500000
llava15,0.499991
llava15,0.499996
llava15,0.499464
llava15,0.499999
llava15,0.499989
llava15,0.000000
llava15,0.000000
llava15,0.000000
llava15,0.000000
llava15,0.000000
llava15,0.000000
llava15,0.000000
llava15,0.497115
llava15,0.482697
llava15,0.499974
llava15,0.474210
llava15,0.499935
llava15,0.090523
llava15,0.345548
llava15,0.498121
llava15,0.499991
llava15,0.499994
llava15,0.499998
llava15,0.487352
llava15,0.500004
llava15,0.393853
llava15,0.497221
llava15,0.489470
llava15,0.490499
llava15,0.478552
llava15,0.499995
llava15,0.454933
llava15,0.482658
llava15,0.459823
llava15,0.499998
llava15,0.499998
llava15,0.487186
llava15,0.496585
llava15,0.499999
llava15,0.478628
llava15,0.499994
llava15,0.499461
llava15,0.499782
llava15,0.498104
llava15,0.499999
llava15,0.499103
llava15,0.423044
llava15,0.491138
llava15,0.499850
llava15,0.499374
llava15,0.499854
llava15,0.499960
llava15,0.498214
llava15,0.491976
llava15,0.499787
llava15,0.494119
llava15,0.499999
llava15,0.499859
llava15,0.498325
llava15,0.499466
llava15,0.499002
llava15,0.499790
llava15,0.497564
llava15,0.496609
llava15,0.498092
llava15,0.499965
llava15,0.499392
llava15,0.498889
llava15,0.499711
llava15,0.497326
llava15,0.491586
llava15,0.499916
llava15,0.493938
llava15,0.492287
llava15,0.498119
llava15,0.499931
llava15,0.499986
llava15,0.494678
llava15,0.499999
llava15,0.499824
llava15,0.471821
llava15,0.492072
llava15,0.499950
llava15,0.499994
llava15,0.435369
llava15,0.498380
llava15,0.499995
llava15,0.499907
llava15,0.500001
llava15,0.499156
llava15,0.499706
llava15,0.391540
llava15,0.496316
llava15,0.499998
llava15,0.499962
llava15,0.000000
llava15,0.000000
llava15,0.499927
llava15,0.499247
llava15,0.492660
llava15,0.499993
llava15,0.478547
llava15,0.499991
llava15,0.499112
llava15,0.499861
llava15,0.499930
llava15,0.499968
llava15,0.466490
llava15,0.499920
llava15,0.499998
llava15,0.447290
llava15,0.499513
llava15,0.497374
llava15,0.499997
llava15,0.496945
llava15,0.497508
llava15,0.499935
llava15,0.499322
llava15,0.490770
llava15,0.495917
llava15,0.499748
llava15,0.493505
llava15,0.499999
llava15,0.499995
llava15,0.488073
llava15,0.499483
llava15,0.500000
llava15,0.499999
llava15,0.499737
llava15,0.499719
llava15,0.498276
llava15,0.499995
llava15,0.500000
llava15,0.488833
llava15,0.499751
llava15,0.461986
llava15,0.499991
llava15,0.495363
llava15,0.500001
llava15,0.500000
llava15,0.499611
llava15,0.487363
llava15,0.499999
llava15,0.499980
llava15,0.197073
llava15,0.390776
llava15,0.456400
llava15,0.499992
llava15,0.500001
llava15,0.189386
llava15,0.499935
llava15,0.493544
llava15,0.500000
llava15,0.499964
llava15,0.495312
llava15,0.481706
llava15,0.499741
llava15,0.499873
llava15,0.500000
llava15,0.497111
llava15,0.499968
llava15,0.499988
llava15,0.498762
llava15,0.482140
llava15,0.500000
llava15,0.499998
llava15,0.499836
llava15,0.499689
llava15,0.499669
llava15,0.499944
llava15,0.499887
llava15,0.499756
llava15,0.499872
llava15,0.390697
llava15,0.499995
llava15,0.478118
llava15,0.397057
llava15,0.499629
llava15,0.484733
llava15,0.499863
llava15,0.499291
llava15,0.496284
llava15,0.402988
llava15,0.500003
llava15,0.481673
llava15,0.499998
llava15,0.465167
llava15,0.499922
llava15,0.499912
llava15,0.498779
llava15,0.500000
llava15,0.471626
llava15,0.493399
llava15,0.499999
llava15,0.495487
llava15,0.498620
llava15,0.499956
llava15,0.495957
llava15,0.481854
llava15,0.499932
llava15,0.492472
llava15,0.499835
llava15,0.500000
llava15,0.499993
llava15,0.499984
llava15,0.494933
llava15,0.498238
llava15,0.495099
llava15,0.499336
llava15,0.499999
llava15,0.499939
llava15,0.000000
llava15,0.499889
llava15,0.113143
llava15,0.494794
llava15,0.497241
llava15,0.499388
llava15,0.493515
llava15,0.499952
llava15,0.484644
llava15,0.499989
llava15,0.499999
llava15,0.469772
llava15,0.499792
llava15,0.499996
llava15,0.499925
llava15,0.499889
llava15,0.479376
llava15,0.499921
llava15,0.499996
llava15,0.499888
llava15,0.420442
llava15,0.499909
llava15,0.500004
llava15,0.487760
llava15,0.462196
llava15,0.409779
llava15,0.498615
llava15,0.492244
llava15,0.499735
llava15,0.473217
llava15,0.499997
llava15,0.499993
llava15,0.498264
llava15,0.482148
llava15,0.499279
llava15,0.492531
llava15,0.494852
llava15,0.456350
llava15,0.493485
llava15,0.499990
llava15,0.498668
llava15,0.499999
llava15,0.476738
llava15,0.451935
llava15,0.499707
llava15,0.499992
llava15,0.435296
llava15,0.499998
llava15,0.407423
llava15,0.461191
llava15,0.499982
llava15,0.499567
llava15,0.437539
llava15,0.499989
llava15,0.499932
llava15,0.459467
llava15,0.497827
llava15,0.479789
llava15,0.497523
llava15,0.499996
llava15,0.499991
llava15,0.499528
llava15,0.493434
llava15,0.499950
llava15,0.491883
llava15,0.499925
llava15,0.499885
llava15,0.499734
llava15,0.499066
llava15,0.429374
llava15,0.482205
llava15,0.495827
llava15,0.500002
llava15,0.499622
llava15,0.498667
llava15,0.499985
llava15,0.494379
llava15,0.497337
llava15,0.500002
llava15,0.498688
llava15,0.499979
llava15,0.498338
llava15,0.497524
llava15,0.496877
llava15,0.500000
llava15,0.499955
llava15,0.485322
llava15,0.499994
llava15,0.498191
llava15,0.499753
llava15,0.496164
llava15,0.499999
llava15,0.499999
llava15,0.499862
llava15,0.000000
llava15,0.499897
llava15,0.499225
llava15,0.499981
llava15,0.287577
llava15,0.499951
llava15,0.499227
llava15,0.499985
llava15,0.447946
llava15,0.497644
llava15,0.499194
llava15,0.489169
llava15,0.464104
llava15,0.484742
llava15,0.499990
llava15,0.498499
llava15,0.452547
llava15,0.479946
llava15,0.478662
llava15,0.498549
llava15,0.488636
llava15,0.497991
llava15,0.499963
llava15,0.283072
llava15,0.499725
llava15,0.499918
llava15,0.460203
llava15,0.499562
llava15,0.463068
llava15,0.498918
llava15,0.499979
llava15,0.488582
llava15,0.491159
llava15,0.495035
llava15,0.497119
llava15,0.101000
llava15,0.499435
llava15,0.499999
llava15,0.499969
llava15,0.491222
llava15,0.496865
llava15,0.499990
llava15,0.499982
llava15,0.113280
llava15,0.481145
llava15,0.498883
llava15,0.493363
llava15,0.499803
llava15,0.493602
llava15,0.278634
llava15,0.485584
llava15,0.499983
llava15,0.499995
llava15,0.497553
llava15,0.382671
llava15,0.499999
llava15,0.499836
llava15,0.459051
llava15,0.497603
llava15,0.499873
llava15,0.498416
llava15,0.497124
llava15,0.499991
llava15,0.499988
llava15,0.499910
llava15,0.499985
llava15,0.495447
llava15,0.321543
llava15,0.454786
llava15,0.487233
llava15,0.498800
llava15,0.499780
llava15,0.494215
llava15,0.499789
llava15,0.494866
llava15,0.499991
llava15,0.490433
llava15,0.498732
llava15,0.489613
llava15,0.485562
llava15,0.499994
llava15,0.453245
llava15,0.499999
llava15,0.491973
llava15,0.498084
llava15,0.499998
llava15,0.494621
llava15,0.346587
llava15,0.499630
llava15,0.499980
llava15,0.499967
llava15,0.499969
llava15,0.499720
llava15,0.499918
llava15,0.478511
llava15,0.468885
llava15,0.499997
llava15,0.146076
llava15,0.494959
llava15,0.496289
llava15,0.482999
llava15,0.421861
llava15,0.499823
llava15,0.495845
llava15,0.490505
llava15,0.499933
llava15,0.499461
llava15,0.499244
llava15,0.497876
llava15,0.499835
llava15,0.068294
llava15,0.499822
llava15,0.499889
llava15,0.499998
llava15,0.500000
llava15,0.499888
llava15,0.499387
llava15,0.499997
llava15,0.499997
llava15,0.499869
llava15,0.499710
llava15,0.499914
llava15,0.342556
llava15,0.403853
llava15,0.499894
llava15,0.499703
llava15,0.488271
llava15,0.500000
llava15,0.000000
llava15,0.000000
llava15,0.000000
llava15,0.000068
llava15,0.000092
llava15,0.475682
llava15,0.499981
llava15,0.387958
llava15,0.499833
llava15,0.436935
llava15,0.488777
llava15,0.499615
llava15,0.499961
llava15,0.499937
llava15,0.068639
llava15,0.053730
llava15,0.491275
llava15,0.470913
llava15,0.458822
llava15,0.497063
llava15,0.486194
llava15,0.364694
llava15,0.499881
llava15,0.499872
llava15,0.499905
llava15,0.403838
llava15,0.499971
llava15,0.499873
llava15,0.497970
llava15,0.498284
llava15,0.492561
llava15,0.484370
llava15,0.499253
llava15,0.499871
llava15,0.488348
llava15,0.381325
llava15,0.499980
llava15,0.275491
llava15,0.460957
llava15,0.499976
llava15,0.499521
llava15,0.494965
llava15,0.499994
llava15,0.499891
llava15,0.495091
llava15,0.498512
llava15,0.499800
llava15,0.478071
llava15,0.499071
llava15,0.449101
llava15,0.455437
llava15,0.437965
llava15,0.466818
llava15,0.499978
llava15,0.499962
llava15,0.263354
llava15,0.497425
llava15,0.495838
llava15,0.499510
llava15,0.492939
llava15,0.499657
llava15,0.486807
llava15,0.499989
llava15,0.499834
llava15,0.498835
llava15,0.498026
llava15,0.499323
llava15,0.500003
llava15,0.496821
llava15,0.498967
llava15,0.499997
llava15,0.500000
llava15,0.498064
llava15,0.499916
llava15,0.477446
llava15,0.492659
llava15,0.363745
llava15,0.295986
llava15,0.499843
llava15,0.495541
llava15,0.499656
llava15,0.499886
llava15,0.496206
llava15,0.475612
llava15,0.499225
llava15,0.497783
llava15,0.499999
llava15,0.000000
llava15,0.499814
llava15,0.499471
llava15,0.499707
llava15,0.493003
llava15,0.499976
llava15,0.499935
llava15,0.293687
llava15,0.267103
llava15,0.434304
llava15,0.473812
llava15,0.499967
llava15,0.499973
llava15,0.008626
llava15,0.147182
llava15,0.049076
llava15,0.499868
llava15,0.499975
llava15,0.433884
llava15,0.499179
llava15,0.376880
llava15,0.497882
llava15,0.499894
llava15,0.481796
llava15,0.499677
llava15,0.498331
llava15,0.499950
llava15,0.499953
llava15,0.496648
llava15,0.499631
llava15,0.498820
llava15,0.499988
llava15,0.455691
llava15,0.499888
llava15,0.499993
llava15,0.500000
llava15,0.495774
llava15,0.497771
llava15,0.499708
llava15,0.499947
llava15,0.499643
llava15,0.495043
llava15,0.499926
llava15,0.452637
llava15,0.499105
llava15,0.497316
llava15,0.498829
llava15,0.491755
llava15,0.499765
llava15,0.496055
llava15,0.485940
llava15,0.487360
llava15,0.497535
llava15,0.454349
llava15,0.498052
llava15,0.494546
llava15,0.486611
llava15,0.499864
llava15,0.492605
llava15,0.499934
llava15,0.474277
llava15,0.497889
llava15,0.498650
llava15,0.499870
llava15,0.496234
llava15,0.498730
llava15,0.499999
llava15,0.499416
llava15,0.390464
llava15,0.500000
llava15,0.481817
llava15,0.498027
llava15,0.489268
llava15,0.499921
llava15,0.499485
llava15,0.487486
llava15,0.499106
llava15,0.398294
llava15,0.486907
llava15,0.499177
llava15,0.469871
llava15,0.499842
llava15,0.499963
llava15,0.486774
llava15,0.499256
llava15,0.499469
llava15,0.499970
llava15,0.000000
llava15,0.499814
llava15,0.000706
llava15,0.497183
llava15,0.042458
llava15,0.499947
llava15,0.498626
llava15,0.492839
llava15,0.498519
llava15,0.490708
llava15,0.492860
llava15,0.492086
llava15,0.466438
llava15,0.499905
llava15,0.451135
llava15,0.499992
llava15,0.499949
llava15,0.499709
llava15,0.494509
llava15,0.498821
llava15,0.498376
llava15,0.499960
llava15,0.323731
llava15,0.499926
llava15,0.499941
llava15,0.195121
llava15,0.497795
llava15,0.499945
llava15,0.335108
llava15,0.482796
llava15,0.044136
llava15,0.455664
llava15,0.499899
llava15,0.400850
llava15,0.499997
llava15,0.499989
llava15,0.497671
llava15,0.499823
llava15,0.494992
llava15,0.499520
llava15,0.498844
llava15,0.497407
llava15,0.497909
llava15,0.499195
llava15,0.499907
llava15,0.491334
llava15,0.494737
llava15,0.499967
llava15,0.499993
llava15,0.498913
llava15,0.497860
llava15,0.458458
llava15,0.499994
llava15,0.499972
llava15,0.492226
llava15,0.499792
llava15,0.495411
llava15,0.496112
llava15,0.212267
llava15,0.497842
llava15,0.499954
llava15,0.499847
llava15,0.499994
llava15,0.497281
llava15,0.496869
llava15,0.495004
llava15,0.489631
llava15,0.499524
llava15,0.424421
llava15,0.497610
llava15,0.499998
llava15,0.499941
llava15,0.499749
llava15,0.000000
llava15,0.499814
llava15,0.499181
llava15,0.499746
llava15,0.480552
llava15,0.499997
llava15,0.499998
llava15,0.467944
llava15,0.498750
llava15,0.493261
llava15,0.494630
llava15,0.499995
llava15,0.487659
llava15,0.500001
llava15,0.485283
llava15,0.499996
llava15,0.491160
llava15,0.455412
llava15,0.499968
llava15,0.482329
llava15,0.470617
llava15,0.494411
llava15,0.499578
llava15,0.494347
llava15,0.499974
llava15,0.453321
llava15,0.499607
llava15,0.387786
llava15,0.499783
llava15,0.499421
llava15,0.499861
llava15,0.415284
llava15,0.448543
llava15,0.499602
llava15,0.499988
llava15,0.492783
llava15,0.434962
llava15,0.499892
llava15,0.488936
llava15,0.499978
llava15,0.498586
llava15,0.499993
llava15,0.499908
llava15,0.479021
llava15,0.499971
llava15,0.496766
llava15,0.481527
llava15,0.471204
llava15,0.499988
llava15,0.497829
llava15,0.500000
llava15,0.499983
llava15,0.498997
llava15,0.475836
llava15,0.500001
llava15,0.482686
llava15,0.497182
llava15,0.499959
llava15,0.462600
llava15,0.492372
llava15,0.499999
llava15,0.499991
llava15,0.499985
llava15,0.499871
llava15,0.499829
llava15,0.499931
llava15,0.393769
llava15,0.499956
llava15,0.500000
llava15,0.448632
llava15,0.497146
llava15,0.499943
llava15,0.498887
llava15,0.499999
llava15,0.467166
llava15,0.499145
llava15,0.452093
llava15,0.499995
llava15,0.498633
llava15,0.497536
llava15,0.499868
llava15,0.491733
llava15,0.498989
llava15,0.499009
llava15,0.498841
llava15,0.496105
llava15,0.490417
llava15,0.496836
llava15,0.497634
llava15,0.498312
llava15,0.499998
llava15,0.474074
llava15,0.499983
llava15,0.493201
llava15,0.499997
llava15,0.499999
llava15,0.042876
llava15,0.499980
llava15,0.000000
llava15,0.499814
llava15,0.498818
llava15,0.499990
llava15,0.497164
llava15,0.492417
llava15,0.050932
llava15,0.029873
llava15,0.499917
llava15,0.499748
llava15,0.499953
llava15,0.253947
llava15,0.012283
llava15,0.191173
llava15,0.499994
llava15,0.499994
llava15,0.482451
llava15,0.499659
llava15,0.499995
llava15,0.499842
llava15,0.481124
llava15,0.489438
llava15,0.499993
llava15,0.498180
llava15,0.125755
llava15,0.499928
llava15,0.500000
llava15,0.499880
llava15,0.499088
llava15,0.499963
llava15,0.499995
llava15,0.499256
llava15,0.499235
llava15,0.490432
llava15,0.499048
llava15,0.496443
llava15,0.499906
llava15,0.499993
llava15,0.499999
llava15,0.478918
llava15,0.499987
llava15,0.499988
llava15,0.499940
llava15,0.499123
llava15,0.500000
llava15,0.491615
llava15,0.476844
llava15,0.401760
llava15,0.499851
llava15,0.489569
llava15,0.497124
llava15,0.467516
llava15,0.459041
llava15,0.487382
llava15,0.499951
llava15,0.226965
llava15,0.499772
llava15,0.499923
llava15,0.499935
llava15,0.499997
llava15,0.499885
llava15,0.497747
llava15,0.496931
llava15,0.499990
llava15,0.499274
llava15,0.498935
llava15,0.498150
llava15,0.499604
llava15,0.499707
llava15,0.454154
llava15,0.499478
llava15,0.499557
llava15,0.499999
llava15,0.499975
llava15,0.435474
llava15,0.499987
llava15,0.000000
llava15,0.000000
llava15,0.499931
llava15,0.499477
llava15,0.487515
llava15,0.431867
llava15,0.498380
llava15,0.499710
llava15,0.476612
llava15,0.454581
llava15,0.487607
llava15,0.485528
llava15,0.499867
llava15,0.485468
llava15,0.499976
llava15,0.439742
llava15,0.499998
llava15,0.497257
llava15,0.404589
llava15,0.499919
llava15,0.492332
llava15,0.487846
llava15,0.499995
llava15,0.499324
llava15,0.499992
llava15,0.499722
llava15,0.498653
llava15,0.499921
llava15,0.450984
llava15,0.485012
llava15,0.489070
llava15,0.429927
llava15,0.456618
llava15,0.410112
llava15,0.492121
llava15,0.471554
llava15,0.497955
llava15,0.477295
llava15,0.402012
llava15,0.499420
llava15,0.499989
llava15,0.499997
llava15,0.457722
llava15,0.499996
llava15,0.465903
llava15,0.499801
llava15,0.499630
llava15,0.488702
llava15,0.499998
llava15,0.499974
llava15,0.499998
llava15,0.499999
llava15,0.460046
llava15,0.455190
llava15,0.499895
llava15,0.499991
llava15,0.499567
llava15,0.453044
llava15,0.499198
llava15,0.494411
llava15,0.499876
llava15,0.499986
llava15,0.499011
llava15,0.499650
llava15,0.498943
llava15,0.494074
llava15,0.495310
llava15,0.498426
llava15,0.499027
llava15,0.410086
llava15,0.500000
llava15,0.499984
llava15,0.499221
llava15,0.496352
llava15,0.499825
llava15,0.499892
llava15,0.499953
llava15,0.303430
llava15,0.498310
llava15,0.499972
llava15,0.499997
llava15,0.500000
llava15,0.494932
llava15,0.493487
llava15,0.499992
llava15,0.499996
llava15,0.498268
llava15,0.499955
llava15,0.494953
llava15,0.497332
llava15,0.455892
llava15,0.499213
llava15,0.498347
llava15,0.496940
llava15,0.496680
llava15,0.489936
llava15,0.499942
llava15,0.499818
llava15,0.490931
llava15,0.497352
llava15,0.498817
llava15,0.494371
llava15,0.494176
llava15,0.491257
llava15,0.499997
llava15,0.499144
llava15,0.499634
llava15,0.499978
llava15,0.473805
llava15,0.488192
llava15,0.492149
llava15,0.494982
llava15,0.454408
llava15,0.119424
llava15,0.499444
llava15,0.499994
llava15,0.499976
llava15,0.499988
llava15,0.499942
llava15,0.498950
llava15,0.499948
llava15,0.499955
llava15,0.499987
llava15,0.499978
llava15,0.499999
llava15,0.499084
llava15,0.500000
llava15,0.499996
llava15,0.000000
llava15,0.000000
llava15,0.499940
llava15,0.499406
llava15,0.483475
llava15,0.499619
llava15,0.167109
llava15,0.497228
llava15,0.500000
llava15,0.478342
llava15,0.495854
llava15,0.475192
llava15,0.500000
llava15,0.500000
llava15,0.205265
llava15,0.390297
llava15,0.480257
llava15,0.499928
llava15,0.499991
llava15,0.482678
llava15,0.388730
llava15,0.499905
llava15,0.411523
llava15,0.499306
llava15,0.493631
llava15,0.499953
llava15,0.337842
llava15,0.491486
llava15,0.499996
llava15,0.351186
llava15,0.095071
llava15,0.327782
llava15,0.499948
llava15,0.484316
llava15,0.494282
llava15,0.499959
llava15,0.498321
llava15,0.487477
llava15,0.499975
llava15,0.442909
llava15,0.499989
llava15,0.499932
llava15,0.499909
llava15,0.499358
llava15,0.485061
llava15,0.499921
llava15,0.499981
llava15,0.483091
llava15,0.467267
llava15,0.492309
llava15,0.499984
llava15,0.499995
llava15,0.480485
llava15,0.499900
llava15,0.499983
llava15,0.499994
llava15,0.499566
llava15,0.292724
llava15,0.499988
llava15,0.492373
llava15,0.495130
llava15,0.491446
llava15,0.473733
llava15,0.499966
llava15,0.428627
llava15,0.499984
llava15,0.494004
llava15,0.487534
llava15,0.484500
llava15,0.480663
llava15,0.493181
llava15,0.496382
llava15,0.496181
llava15,0.494715
llava15,0.164878
llava15,0.000141
llava15,0.429758
llava15,0.499990
llava15,0.491274
llava15,0.499941
llava15,0.466901
llava15,0.500000
llava15,0.497915
llava15,0.499997
llava15,0.499963
llava15,0.499858
llava15,0.499991
llava15,0.495569
llava15,0.499936
llava15,0.497888
llava15,0.499996
llava15,0.499611
llava15,0.497861
llava15,0.498983
llava15,0.499992
llava15,0.487096
llava15,0.498793
llava15,0.499946
llava15,0.499988
llava15,0.499947
llava15,0.497717
llava15,0.499804
llava15,0.493925
llava15,0.499990
llava15,0.012785
llava15,0.392105
llava15,0.499996
llava15,0.499850
llava15,0.000000
llava15,0.499897
llava15,0.169028
llava15,0.495319
llava15,0.499869
llava15,0.499973
llava15,0.444848
llava15,0.467522
llava15,0.500000
llava15,0.448811
llava15,0.121263
llava15,0.053685
llava15,0.492167
llava15,0.499953
llava15,0.369145
llava15,0.467486
llava15,0.500000
llava15,0.499996
llava15,0.480232
llava15,0.060546
llava15,0.449388
llava15,0.499596
llava15,0.497315
llava15,0.491956
llava15,0.499872
llava15,0.496758
llava15,0.499446
llava15,0.487418
llava15,0.463062
llava15,0.499999
llava15,0.486931
llava15,0.497111
llava15,0.497885
llava15,0.499988
llava15,0.499978
llava15,0.225719
llava15,0.490908
llava15,0.499916
llava15,0.499920
llava15,0.498198
llava15,0.499587
llava15,0.499904
llava15,0.498005
llava15,0.498885
llava15,0.494341
llava15,0.498913
llava15,0.495855
llava15,0.495409
llava15,0.499308
llava15,0.499816
llava15,0.499960
llava15,0.499891
llava15,0.499887
llava15,0.499988
llava15,0.488942
llava15,0.499870
llava15,0.394499
llava15,0.499770
llava15,0.500002
llava15,0.483190
llava15,0.472496
llava15,0.499926
llava15,0.499974
llava15,0.477633
llava15,0.499997
llava15,0.497306
llava15,0.499592
llava15,0.487124
llava15,0.476912
llava15,0.499717
llava15,0.499754
llava15,0.496392
llava15,0.499926
llava15,0.499961
llava15,0.499994
llava15,0.499995
llava15,0.499153
llava15,0.499992
llava15,0.000000
llava15,0.000000
llava15,0.000000
llava15,0.000378
llava15,0.494449
llava15,0.499955
llava15,0.499975
llava15,0.499906
llava15,0.499999
llava15,0.499971
llava15,0.499761
llava15,0.500000
llava15,0.499996
llava15,0.499931
llava15,0.499960
llava15,0.499921
llava15,0.487322
llava15,0.499718
llava15,0.499829
llava15,0.491261
llava15,0.499989
llava15,0.444793
llava15,0.499967
llava15,0.498286
llava15,0.497638
llava15,0.489302
llava15,0.496399
llava15,0.496021
llava15,0.466309
llava15,0.498796
llava15,0.492671
llava15,0.491949
llava15,0.496291
llava15,0.478644
llava15,0.500001
llava15,0.499546
llava15,0.495130
llava15,0.494768
llava15,0.499997
llava15,0.499946
llava15,0.436149
llava15,0.486929
llava15,0.499775
llava15,0.495986
llava15,0.499949
llava15,0.488224
llava15,0.495565
llava15,0.498598
llava15,0.495702
llava15,0.498742
llava15,0.498870
llava15,0.498060
llava15,0.499974
llava15,0.499988
llava15,0.492219
llava15,0.482382
llava15,0.498619
llava15,0.499997
llava15,0.490159
llava15,0.499999
llava15,0.499860
llava15,0.499701
llava15,0.497922
llava15,0.498105
llava15,0.499939
llava15,0.499922
llava15,0.499997
llava15,0.499983
llava15,0.186830
llava15,0.499071
llava15,0.499933
llava15,0.499806
llava15,0.463341
llava15,0.496582
llava15,0.499132
llava15,0.498903
llava15,0.495278
llava15,0.494146
llava15,0.499971
llava15,0.465265
llava15,0.496564
llava15,0.499990
llava15,0.499997
llava15,0.499968
llava15,0.000000
llava15,0.499548
llava15,0.214633
llava15,0.498559
llava15,0.482146
llava15,0.000724
llava15,0.230733
llava15,0.499978
llava15,0.499752
llava15,0.499960
llava15,0.484808
llava15,0.007486
llava15,0.448775
llava15,0.458914
llava15,0.179392
llava15,0.497917
llava15,0.499997
llava15,0.499997
llava15,0.499925
llava15,0.500000
llava15,0.499975
llava15,0.495167
llava15,0.499999
llava15,0.496553
llava15,0.046847
llava15,0.499721
llava15,0.357004
llava15,0.499972
llava15,0.499995
llava15,0.499954
llava15,0.463700
llava15,0.499519
llava15,0.499957
llava15,0.496092
llava15,0.499999
llava15,0.497861
llava15,0.459721
llava15,0.499471
llava15,0.499139
llava15,0.499718
llava15,0.499504
llava15,0.438574
llava15,0.499972
llava15,0.499990
llava15,0.499999
llava15,0.396202
llava15,0.497740
llava15,0.496776
llava15,0.488354
llava15,0.499723
llava15,0.499860
llava15,0.499829
llava15,0.496962
llava15,0.499991
llava15,0.499974
llava15,0.499083
llava15,0.499958
llava15,0.479561
llava15,0.482391
llava15,0.373395
llava15,0.497293
llava15,0.493140
llava15,0.491419
llava15,0.499363
llava15,0.500000
llava15,0.499963
llava15,0.274794
llava15,0.494864
llava15,0.492455
llava15,0.500001
llava15,0.500002
llava15,0.496234
llava15,0.499678
llava15,0.499685
llava15,0.498584
llava15,0.499991
llava15,0.482721
llava15,0.488243
llava15,0.488213
llava15,0.490333
llava15,0.490256
llava15,0.493705
llava15,0.499130
llava15,0.497361
llava15,0.436292
llava15,0.399658
llava15,0.474824
llava15,0.499999
llava15,0.500003
llava15,0.499988
llava15,0.110842
llava15,0.499943
llava15,0.497612
llava15,0.499950
llava15,0.479839
llava15,0.493698
llava15,0.489285
llava15,0.499999
llava15,0.499921
llava15,0.499996
llava15,0.499071
llava15,0.494945
llava15,0.500000
llava15,0.499817
llava15,0.485574
llava15,0.499973
llava15,0.000000
llava15,0.000000
llava15,0.000000
llava15,0.036204
llava15,0.392518
llava15,0.499984
llava15,0.499991
llava15,0.448799
llava15,0.498867
llava15,0.498485
llava15,0.499623
llava15,0.499933
llava15,0.485965
llava15,0.499948
llava15,0.499993
llava15,0.499946
llava15,0.452303
llava15,0.498343
llava15,0.498495
llava15,0.499998
llava15,0.499993
llava15,0.495818
llava15,0.498495
llava15,0.498935
llava15,0.499997
llava15,0.499998
llava15,0.488209
llava15,0.499995
llava15,0.499998
llava15,0.499940
llava15,0.497243
llava15,0.498560
llava15,0.499997
llava15,0.499939
llava15,0.499483
llava15,0.239950
llava15,0.499261
llava15,0.499962
llava15,0.499997
llava15,0.402596
llava15,0.486493
llava15,0.500000
llava15,0.496220
llava15,0.499755
llava15,0.485446
llava15,0.499995
llava15,0.495320
llava15,0.475921
llava15,0.499949
llava15,0.494963
llava15,0.486880
llava15,0.483919
llava15,0.499966
llava15,0.499996
llava15,0.497880
llava15,0.498190
llava15,0.499906
llava15,0.487790
llava15,0.499260
llava15,0.499903
llava15,0.499947
llava15,0.495884
llava15,0.497808
llava15,0.499580
llava15,0.484199
llava15,0.499392
llava15,0.498953
llava15,0.499990
llava15,0.499984
llava15,0.496678
llava15,0.427050
llava15,0.499411
llava15,0.499024
llava15,0.208422
llava15,0.483125
llava15,0.489693
llava15,0.497015
llava15,0.323917
llava15,0.499904
llava15,0.499652
llava15,0.500000
llava15,0.500000
llava15,0.499424
llava15,0.498107
llava15,0.499999
llava15,0.482948
llava15,0.499068
llava15,0.499996
llava15,0.496645
llava15,0.487683
llava15,0.473494
llava15,0.499979
llava15,0.157098
llava15,0.361440
llava15,0.402263
llava15,0.499977
llava15,0.499998
llava15,0.492772
llava15,0.462703
llava15,0.496728
llava15,0.496846
llava15,0.499998
llava15,0.499872
llava15,0.496776
llava15,0.498556
llava15,0.027310
llava15,0.499006
llava15,0.499905
llava15,0.499999
llava15,0.499990
llava15,0.488543
llava15,0.499939
llava15,0.000000
llava15,0.499699
llava15,0.498716
llava15,0.500000
llava15,0.499991
llava15,0.499971
llava15,0.489609
llava15,0.457332
llava15,0.499998
llava15,0.499996
llava15,0.178256
llava15,0.000051
llava15,0.001801
llava15,0.039774
llava15,0.500000
llava15,0.399204
llava15,0.499997
llava15,0.500001
llava15,0.498935
llava15,0.499340
llava15,0.499788
llava15,0.499996
llava15,0.498595
llava15,0.499998
llava15,0.495390
llava15,0.496113
llava15,0.394049
llava15,0.499991
llava15,0.490760
llava15,0.499959
llava15,0.494492
llava15,0.496534
llava15,0.467783
llava15,0.495626
llava15,0.458481
llava15,0.436057
llava15,0.497273
llava15,0.499978
llava15,0.499976
llava15,0.476983
llava15,0.499995
llava15,0.499804
llava15,0.499791
llava15,0.185573
llava15,0.499979
llava15,0.492510
llava15,0.453040
llava15,0.292066
llava15,0.490013
llava15,0.499983
llava15,0.498892
llava15,0.475569
llava15,0.498772
llava15,0.500000
llava15,0.485980
llava15,0.499022
llava15,0.489020
llava15,0.499891
llava15,0.499999
llava15,0.497854
llava15,0.462152
llava15,0.499904
llava15,0.480230
llava15,0.468525
llava15,0.499931
llava15,0.499079
llava15,0.487987
llava15,0.499929
llava15,0.479353
llava15,0.269479
llava15,0.430699
llava15,0.493811
llava15,0.499990
llava15,0.497446
llava15,0.499974
llava15,0.498197
llava15,0.500000
llava15,0.414801
llava15,0.476519
llava15,0.445637
llava15,0.499280
llava15,0.446082
llava15,0.470451
llava15,0.499977
llava15,0.499998
llava15,0.500003
llava15,0.500000
llava15,0.499997
llava15,0.498732
llava15,0.499428
llava15,0.000352
llava15,0.470540
llava15,0.471197
llava15,0.476184
llava15,0.466934
llava15,0.496285
llava15,0.499993
llava15,0.489731
llava15,0.499950
llava15,0.000000
llava15,0.000000
llava15,0.499693
llava15,0.497753
llava15,0.491660
llava15,0.376227
llava15,0.499980
llava15,0.478092
llava15,0.499366
llava15,0.494883
llava15,0.499971
llava15,0.465956
llava15,0.489716
llava15,0.496879
llava15,0.499633
llava15,0.499951
llava15,0.498964
llava15,0.499998
llava15,0.470023
llava15,0.437029
llava15,0.499993
llava15,0.498430
llava15,0.499927
llava15,0.499891
llava15,0.499957
llava15,0.499996
llava15,0.499988
llava15,0.347603
llava15,0.499667
llava15,0.422250
llava15,0.480434
llava15,0.427527
llava15,0.483101
llava15,0.490080
llava15,0.499973
llava15,0.499967
llava15,0.499992
llava15,0.476688
llava15,0.500000
llava15,0.498063
llava15,0.499975
llava15,0.493215
llava15,0.494924
llava15,0.495021
llava15,0.499154
llava15,0.499995
llava15,0.496383
llava15,0.495981
llava15,0.495868
llava15,0.499964
llava15,0.499998
llava15,0.499777
llava15,0.499999
llava15,0.500000
llava15,0.499988
llava15,0.499998
llava15,0.499999
llava15,0.499997
llava15,0.497043
llava15,0.499995
llava15,0.499996
llava15,0.499970
llava15,0.499902
llava15,0.482324
llava15,0.499928
llava15,0.499959
llava15,0.490367
llava15,0.467986
llava15,0.499985
llava15,0.480770
llava15,0.455557
llava15,0.499989
llava15,0.443750
llava15,0.383854
llava15,0.492729
llava15,0.493064
llava15,0.477271
llava15,0.497344
llava15,0.499996
llava15,0.493787
llava15,0.490913
llava15,0.499995
llava15,0.499997
llava15,0.497026
llava15,0.478924
llava15,0.499512
llava15,0.499412
llava15,0.499936
llava15,0.499982
llava15,0.499881
llava15,0.499999
llava15,0.496020
llava15,0.500000
llava15,0.499984
llava15,0.499963
llava15,0.493314
llava15,0.499281
llava15,0.498871
llava15,0.499186
llava15,0.499970
llava15,0.500003
llava15,0.499609
llava15,0.492153
llava15,0.499957
llava15,0.498761
llava15,0.441943
llava15,0.499956
llava15,0.494048
llava15,0.497954
llava15,0.499922
llava15,0.493741
llava15,0.499645
llava15,0.369704
llava15,0.499971
llava15,0.000000
llava15,0.000000
llava15,0.000000
llava15,0.000034
llava15,0.439911
llava15,0.499934
llava15,0.499985
llava15,0.483642
llava15,0.499998
llava15,0.490386
llava15,0.342234
llava15,0.497963
llava15,0.027855
llava15,0.448018
llava15,0.499995
llava15,0.499989
llava15,0.494009
llava15,0.499999
llava15,0.309353
llava15,0.499999
llava15,0.500000
llava15,0.486007
llava15,0.475307
llava15,0.499995
llava15,0.495640
llava15,0.499002
llava15,0.476193
llava15,0.499982
llava15,0.267813
llava15,0.499442
llava15,0.499998
llava15,0.394562
llava15,0.495716
llava15,0.420387
llava15,0.424974
llava15,0.499999
llava15,0.493555
llava15,0.499455
llava15,0.499979
llava15,0.499872
llava15,0.478944
llava15,0.494526
llava15,0.489869
llava15,0.417365
llava15,0.493396
llava15,0.499472
llava15,0.498374
llava15,0.160803
llava15,0.470358
llava15,0.469254
llava15,0.000485
llava15,0.497848
llava15,0.499999
llava15,0.484576
llava15,0.486595
llava15,0.483408
llava15,0.114061
llava15,0.459862
llava15,0.499852
llava15,0.499976
llava15,0.499932
llava15,0.497910
llava15,0.498954
llava15,0.498486
llava15,0.499651
llava15,0.499995
llava15,0.496734
llava15,0.488562
llava15,0.465655
llava15,0.464856
llava15,0.434933
llava15,0.495919
llava15,0.458645
llava15,0.499718
llava15,0.494687
llava15,0.490168
llava15,0.498448
llava15,0.494072
llava15,0.499928
llava15,0.496453
llava15,0.499952
llava15,0.493855
llava15,0.499957
llava15,0.499933
llava15,0.499490
llava15,0.029128
llava15,0.499864
llava15,0.455586
llava15,0.468987
llava15,0.499938
llava15,0.300642
llava15,0.498473
llava15,0.498972
llava15,0.500001
llava15,0.499997
llava15,0.497368
llava15,0.498100
llava15,0.500003
llava15,0.494032
llava15,0.499964
llava15,0.499960
llava15,0.494642
llava15,0.499999
llava15,0.495143
llava15,0.499370
llava15,0.418495
llava15,0.499989
llava15,0.499937
llava15,0.499830
llava15,0.499821
llava15,0.499955
llava15,0.497332
llava15,0.487156
llava15,0.499970
llava15,0.497061
llava15,0.497571
llava15,0.486920
llava15,0.499932
llava15,0.000000
llava15,0.000000
llava15,0.000000
llava15,0.000001
llava15,0.000032
llava15,0.497771
llava15,0.496497
llava15,0.482097
llava15,0.242866
llava15,0.499999
llava15,0.499937
llava15,0.499646
llava15,0.499848
llava15,0.499997
llava15,0.499994
llava15,0.500004
llava15,0.487610
llava15,0.493514
llava15,0.497209
llava15,0.498159
llava15,0.349905
llava15,0.483749
llava15,0.499998
llava15,0.500000
llava15,0.499997
llava15,0.498648
llava15,0.499737
llava15,0.496884
llava15,0.499956
llava15,0.499087
llava15,0.499999
llava15,0.494823
llava15,0.499989
llava15,0.499996
llava15,0.499963
llava15,0.498706
llava15,0.499955
llava15,0.498517
llava15,0.495568
llava15,0.496213
llava15,0.499498
llava15,0.482190
llava15,0.499856
llava15,0.499987
llava15,0.496126
llava15,0.493717
llava15,0.499562
llava15,0.367615
llava15,0.490900
llava15,0.499986
llava15,0.499972
llava15,0.485663
llava15,0.499988
llava15,0.493102
llava15,0.499671
llava15,0.499914
llava15,0.450234
llava15,0.499917
llava15,0.499725
llava15,0.494570
llava15,0.498816
llava15,0.499610
llava15,0.496094
llava15,0.493197
llava15,0.495158
llava15,0.499944
llava15,0.499753
llava15,0.497949
llava15,0.499876
llava15,0.492579
llava15,0.499878
llava15,0.470161
llava15,0.492788
llava15,0.499994
llava15,0.499969
llava15,0.499996
llava15,0.499960
llava15,0.486831
llava15,0.479786
llava15,0.499837
llava15,0.004252
llava15,0.409738
llava15,0.499998
llava15,0.499988
llava15,0.499832
llava15,0.000000
llava15,0.000000
llava15,0.499845
llava15,0.499108
llava15,0.433396
llava15,0.499960
llava15,0.499983
llava15,0.499968
llava15,0.496685
llava15,0.488285
llava15,0.499544
llava15,0.498909
llava15,0.498756
llava15,0.500000
llava15,0.500000
llava15,0.498029
llava15,0.478060
llava15,0.440295
llava15,0.499942
llava15,0.479442
llava15,0.499943
llava15,0.414234
llava15,0.038699
llava15,0.000000
llava15,0.378419
llava15,0.498897
llava15,0.499938
llava15,0.499070
llava15,0.495846
llava15,0.499993
llava15,0.499960
llava15,0.485135
llava15,0.496909
llava15,0.496495
llava15,0.426500
llava15,0.494128
llava15,0.498752
llava15,0.499882
llava15,0.499902
llava15,0.291854
llava15,0.493557
llava15,0.499311
llava15,0.499998
llava15,0.499994
llava15,0.333068
llava15,0.499932
llava15,0.499896
llava15,0.499991
llava15,0.499999
llava15,0.303383
llava15,0.418659
llava15,0.499993
llava15,0.496995
llava15,0.497264
llava15,0.498390
llava15,0.060467
llava15,0.490727
llava15,0.499985
llava15,0.499983
llava15,0.485407
llava15,0.497945
llava15,0.493891
llava15,0.494338
llava15,0.499829
llava15,0.499964
llava15,0.499997
llava15,0.499997
llava15,0.500000
llava15,0.499667
llava15,0.498497
llava15,0.499948
llava15,0.499994
llava15,0.497908
llava15,0.500001
llava15,0.498197
llava15,0.496347
llava15,0.499999
llava15,0.499996
llava15,0.499351
llava15,0.499064
llava15,0.499922
llava15,0.499886
llava15,0.499848
llava15,0.496377
llava15,0.493933
llava15,0.499997
llava15,0.499998
llava15,0.499998
llava15,0.500001
llava15,0.499994
llava15,0.498862
llava15,0.499838
llava15,0.499999
llava15,0.499239
llava15,0.496405
llava15,0.489688
llava15,0.499998
llava15,0.499999
llava15,0.495717
llava15,0.498957
llava15,0.499999
llava15,0.495765
llava15,0.468204
llava15,0.499970
llava15,0.000000
llava15,0.000000
llava15,0.499813
llava15,0.499370
llava15,0.486501
llava15,0.398615
llava15,0.499960
llava15,0.499999
llava15,0.496400
llava15,0.487574
llava15,0.497837
llava15,0.475378
llava15,0.468967
llava15,0.499997
llava15,0.499956
llava15,0.499220
llava15,0.496622
llava15,0.499998
llava15,0.450439
llava15,0.472646
llava15,0.500000
llava15,0.498806
llava15,0.500000
llava15,0.493808
llava15,0.500001
llava15,0.494535
llava15,0.499838
llava15,0.498535
llava15,0.500000
llava15,0.497849
llava15,0.399968
llava15,0.497968
llava15,0.397366
llava15,0.473900
llava15,0.499997
llava15,0.448605
llava15,0.071779
llava15,0.482242
llava15,0.495569
llava15,0.499949
llava15,0.500003
llava15,0.499996
llava15,0.499915
llava15,0.487949
llava15,0.496678
llava15,0.492798
llava15,0.424183
llava15,0.499998
llava15,0.428081
llava15,0.457501
llava15,0.460822
llava15,0.499997
llava15,0.496864
llava15,0.499703
llava15,0.498746
llava15,0.383044
llava15,0.497042
llava15,0.495601
llava15,0.499989
llava15,0.499140
llava15,0.499745
llava15,0.499983
llava15,0.499960
llava15,0.499999
llava15,0.492280
llava15,0.497511
llava15,0.499859
llava15,0.499982
llava15,0.499973
llava15,0.497327
llava15,0.499998
llava15,0.499999
llava15,0.497466
llava15,0.499997
llava15,0.499812
llava15,0.499357
llava15,0.499782
llava15,0.499867
llava15,0.184107
llava15,0.459022
llava15,0.497728
llava15,0.495026
llava15,0.496031
llava15,0.499902
llava15,0.500002
llava15,0.497801
llava15,0.499994
llava15,0.499989
llava15,0.498267
llava15,0.499996
llava15,0.498816
llava15,0.495170
llava15,0.498593
llava15,0.500000
llava15,0.499993
llava15,0.498675
llava15,0.498827
llava15,0.500001
llava15,0.499954
llava15,0.498020
llava15,0.496259
llava15,0.467138
llava15,0.499978
llava15,0.499998
llava15,0.499989
llava15,0.499704
llava15,0.494244
llava15,0.499980
llava15,0.000000
llava15,0.000466
llava15,0.499567
llava15,0.499999
llava15,0.499989
llava15,0.427152
llava15,0.499907
llava15,0.499941
llava15,0.449888
llava15,0.473959
llava15,0.499935
llava15,0.499996
llava15,0.499927
llava15,0.499248
llava15,0.500001
llava15,0.497121
llava15,0.494185
llava15,0.498962
llava15,0.497785
llava15,0.499998
llava15,0.499911
llava15,0.030268
llava15,0.231069
llava15,0.499997
llava15,0.500000
llava15,0.486653
llava15,0.496292
llava15,0.500000
llava15,0.498345
llava15,0.499913
llava15,0.482718
llava15,0.499082
llava15,0.500001
llava15,0.361132
llava15,0.437646
llava15,0.494362
llava15,0.438558
llava15,0.497892
llava15,0.499997
llava15,0.499976
llava15,0.498216
llava15,0.455209
llava15,0.499792
llava15,0.499859
llava15,0.499549
llava15,0.474683
llava15,0.475234
llava15,0.393539
llava15,0.494722
llava15,0.499999
llava15,0.499896
llava15,0.476866
llava15,0.499996
llava15,0.499999
llava15,0.499997
llava15,0.497132
llava15,0.495200
llava15,0.495455
llava15,0.499468
llava15,0.499917
llava15,0.498668
llava15,0.500003
llava15,0.283520
llava15,0.499820
llava15,0.499201
llava15,0.499998
llava15,0.496029
llava15,0.499998
llava15,0.499024
llava15,0.490922
llava15,0.499583
llava15,0.495268
llava15,0.499109
llava15,0.499824
llava15,0.469389
llava15,0.497667
llava15,0.499805
llava15,0.499716
llava15,0.497238
llava15,0.499967
llava15,0.499985
llava15,0.499998
llava15,0.499983
llava15,0.499971
llava15,0.496067
llava15,0.494139
llava15,0.498926
llava15,0.498704
llava15,0.499853
llava15,0.480612
llava15,0.470050
llava15,0.499999
llava15,0.499999
llava15,0.499994
llava15,0.499998
llava15,0.493435
llava15,0.493061
llava15,0.499133
llava15,0.498489
llava15,0.499990
llava15,0.000000
llava15,0.000466
llava15,0.499870
llava15,0.498158
llava15,0.496764
llava15,0.494394
llava15,0.500000
llava15,0.462975
llava15,0.420954
llava15,0.365888
llava15,0.379534
llava15,0.452667
llava15,0.496544
llava15,0.499959
llava15,0.499960
llava15,0.436979
llava15,0.499834
llava15,0.499990
llava15,0.499774
llava15,0.439411
llava15,0.499961
llava15,0.499970
llava15,0.499964
llava15,0.499863
llava15,0.499979
llava15,0.495254
llava15,0.499779
llava15,0.497403
llava15,0.499878
llava15,0.272533
llava15,0.497664
llava15,0.498993
llava15,0.497090
llava15,0.470646
llava15,0.499981
llava15,0.499997
llava15,0.499213
llava15,0.488852
llava15,0.438026
llava15,0.499851
llava15,0.499993
llava15,0.493189
llava15,0.499814
llava15,0.441512
llava15,0.115694
llava15,0.499440
llava15,0.499997
llava15,0.499999
llava15,0.495151
llava15,0.499756
llava15,0.299289
llava15,0.498925
llava15,0.499966
llava15,0.497927
llava15,0.499992
llava15,0.499999
llava15,0.499994
llava15,0.493983
llava15,0.499999
llava15,0.496066
llava15,0.499444
llava15,0.466586
llava15,0.496006
llava15,0.499967
llava15,0.500000
llava15,0.499996
llava15,0.499991
llava15,0.499229
llava15,0.493659
llava15,0.499996
llava15,0.499991
llava15,0.497535
llava15,0.498751
llava15,0.464296
llava15,0.499995
llava15,0.499998
llava15,0.486758
llava15,0.499996
llava15,0.494381
llava15,0.499935
llava15,0.471765
llava15,0.478118
llava15,0.490182
llava15,0.499979
llava15,0.437949
llava15,0.499754
llava15,0.498775
llava15,0.499828
llava15,0.499974
llava15,0.499998
llava15,0.499973
llava15,0.499999
llava15,0.499997
llava15,0.499982
llava15,0.471623
llava15,0.500000
llava15,0.499996
llava15,0.499966
llava15,0.484758
llava15,0.484127
llava15,0.499994
llava15,0.498449
llava15,0.494217
llava15,0.499974
llava15,0.484531
llava15,0.499852
llava15,0.499987
llava15,0.000000
llava15,0.000000
llava15,0.000000
llava15,0.499895
llava15,0.499957
llava15,0.390329
llava15,0.439594
llava15,0.494779
llava15,0.252878
llava15,0.442525
llava15,0.499975
llava15,0.496751
llava15,0.499944
llava15,0.497471
llava15,0.466736
llava15,0.497404
llava15,0.499891
llava15,0.331413
llava15,0.499740
llava15,0.499922
llava15,0.499967
llava15,0.483696
llava15,0.452121
llava15,0.497445
llava15,0.005195
llava15,0.446790
llava15,0.444002
llava15,0.499911
llava15,0.499856
llava15,0.499947
llava15,0.496860
llava15,0.499957
llava15,0.481285
llava15,0.499960
llava15,0.499899
llava15,0.458699
llava15,0.495220
llava15,0.499968
llava15,0.497159
llava15,0.496194
llava15,0.499984
llava15,0.484401
llava15,0.492302
llava15,0.500003
llava15,0.112439
llava15,0.499983
llava15,0.499914
llava15,0.499534
llava15,0.499853
llava15,0.499969
llava15,0.498718
llava15,0.496628
llava15,0.483483
llava15,0.499993
llava15,0.392856
llava15,0.471033
llava15,0.499385
llava15,0.499996
llava15,0.494570
llava15,0.499974
llava15,0.499998
llava15,0.499846
llava15,0.499870
llava15,0.499926
llava15,0.498318
llava15,0.439642
llava15,0.197237
llava15,0.442747
llava15,0.459822
llava15,0.499984
llava15,0.499665
llava15,0.498703
llava15,0.403354
llava15,0.498981
llava15,0.496366
llava15,0.499602
llava15,0.499994
llava15,0.419211
llava15,0.499982
llava15,0.499715
llava15,0.497760
llava15,0.499962
llava15,0.477676
llava15,0.475123
llava15,0.498157
llava15,0.499481
llava15,0.496043
llava15,0.499580
llava15,0.499981
llava15,0.499896
llava15,0.498515
llava15,0.498961
llava15,0.497420
llava15,0.499998
llava15,0.498849
llava15,0.499970
llava15,0.492946
llava15,0.499632
llava15,0.499994
llava15,0.499344
llava15,0.499999
llava15,0.499912
llava15,0.499961
llava15,0.000000
llava15,0.000000
llava15,0.000000
llava15,0.000000
llava15,0.000000
llava15,0.000000
llava15,0.000000
llava15,0.000000
llava15,0.468290
llava15,0.499933
llava15,0.474880
llava15,0.499996
llava15,0.499156
llava15,0.485670
llava15,0.472141
llava15,0.485338
llava15,0.498476
llava15,0.492953
llava15,0.376477
llava15,0.494740
llava15,0.482578
llava15,0.496465
llava15,0.495241
llava15,0.497756
llava15,0.498280
llava15,0.498728
llava15,0.499988
llava15,0.385182
llava15,0.499958
llava15,0.499577
llava15,0.485193
llava15,0.498503
llava15,0.493582
llava15,0.475739
llava15,0.497525
llava15,0.499770
llava15,0.495110
llava15,0.499981
llava15,0.479545
llava15,0.499488
llava15,0.364086
llava15,0.499253
llava15,0.496487
llava15,0.499995
llava15,0.488048
llava15,0.483993
llava15,0.498463
llava15,0.499980
llava15,0.461214
llava15,0.499980
llava15,0.470389
llava15,0.499928
llava15,0.499940
llava15,0.492254
llava15,0.498157
llava15,0.491223
llava15,0.499878
llava15,0.493655
llava15,0.165114
llava15,0.272372
llava15,0.499989
llava15,0.499954
llava15,0.408809
llava15,0.499956
llava15,0.248245
llava15,0.498273
llava15,0.351674
llava15,0.365097
llava15,0.499808
llava15,0.499987
llava15,0.385766
llava15,0.499997
llava15,0.499987
llava15,0.499404
llava15,0.495743
llava15,0.414380
llava15,0.499926
llava15,0.499976
llava15,0.499961
llava15,0.499997
llava15,0.482736
llava15,0.499904
llava15,0.495141
llava15,0.497711
llava15,0.499935
llava15,0.499806
llava15,0.499975
llava15,0.499960
llava15,0.496694
llava15,0.499364
llava15,0.499993
llava15,0.498990
llava15,0.499999
llava15,0.497053
llava15,0.491682
llava15,0.499713
llava15,0.481088
llava15,0.496666
llava15,0.499934
llava15,0.453375
llava15,0.494489
llava15,0.497916
llava15,0.498714
llava15,0.498011
llava15,0.499999
llava15,0.486199
llava15,0.499926
llava15,0.000000
llava15,0.000000
llava15,0.000000
llava15,0.004429
llava15,0.495500
llava15,0.498653
llava15,0.499991
llava15,0.494584
llava15,0.498430
llava15,0.499996
llava15,0.152001
llava15,0.489242
llava15,0.499879
llava15,0.500001
llava15,0.498862
llava15,0.446465
llava15,0.354078
llava15,0.498020
llava15,0.496093
llava15,0.499999
llava15,0.053760
llava15,0.499856
llava15,0.497743
llava15,0.499804
llava15,0.499954
llava15,0.491373
llava15,0.499993
llava15,0.497850
llava15,0.499962
llava15,0.483383
llava15,0.487724
llava15,0.499951
llava15,0.499987
llava15,0.499982
llava15,0.499957
llava15,0.499921
llava15,0.464369
llava15,0.496778
llava15,0.499422
llava15,0.498145
llava15,0.490490
llava15,0.497385
llava15,0.499926
llava15,0.499989
llava15,0.497732
llava15,0.496495
llava15,0.472732
llava15,0.423958
llava15,0.498687
llava15,0.499983
llava15,0.487470
llava15,0.494680
llava15,0.499918
llava15,0.499100
llava15,0.495315
llava15,0.488582
llava15,0.486669
llava15,0.499821
llava15,0.485467
llava15,0.487753
llava15,0.498879
llava15,0.499751
llava15,0.499804
llava15,0.495302
llava15,0.490698
llava15,0.500002
llava15,0.500000
llava15,0.485770
llava15,0.499758
llava15,0.499945
llava15,0.498514
llava15,0.499998
llava15,0.491308
llava15,0.494276
llava15,0.499998
llava15,0.499981
llava15,0.499996
llava15,0.498519
llava15,0.000000
llava15,0.000000
llava15,0.000000
llava15,0.000069
llava15,0.368555
llava15,0.487139
llava15,0.499999
llava15,0.489397
llava15,0.499073
llava15,0.497742
llava15,0.498357
llava15,0.499987
llava15,0.499969
llava15,0.471987
llava15,0.454353
llava15,0.216832
llava15,0.499990
llava15,0.499999
llava15,0.496025
llava15,0.498226
llava15,0.251960
llava15,0.497913
llava15,0.498273
llava15,0.475147
llava15,0.499977
llava15,0.497310
llava15,0.498652
llava15,0.462879
llava15,0.498418
llava15,0.494630
llava15,0.495540
llava15,0.493383
llava15,0.462221
llava15,0.401530
llava15,0.179900
llava15,0.411972
llava15,0.353643
llava15,0.439843
llava15,0.499850
llava15,0.484667
llava15,0.482155
llava15,0.499937
llava15,0.500002
llava15,0.495370
llava15,0.486392
llava15,0.474308
llava15,0.499996
llava15,0.419869
llava15,0.498613
llava15,0.499744
llava15,0.446523
llava15,0.499779
llava15,0.499246
llava15,0.476413
llava15,0.498663
llava15,0.500000
llava15,0.495173
llava15,0.499250
llava15,0.268584
llava15,0.499995
llava15,0.499198
llava15,0.407089
llava15,0.499976
llava15,0.259321
llava15,0.490100
llava15,0.500000
llava15,0.485799
llava15,0.499999
llava15,0.499153
llava15,0.362962
llava15,0.499892
llava15,0.500004
llava15,0.498669
llava15,0.498321
llava15,0.480058
llava15,0.497128
llava15,0.499804
llava15,0.499878
llava15,0.500002
llava15,0.389943
llava15,0.390203
llava15,0.490856
llava15,0.491277
llava15,0.498759
llava15,0.499993
llava15,0.472087
llava15,0.499853
llava15,0.479615
llava15,0.497261
llava15,0.499953
llava15,0.499999
llava15,0.499757
llava15,0.498167
llava15,0.499939
llava15,0.499997
llava15,0.478217
llava15,0.499999
llava15,0.471884
llava15,0.484227
llava15,0.490762
llava15,0.499810
llava15,0.500000
llava15,0.000000
llava15,0.000000
llava15,0.000000
llava15,0.000047
llava15,0.000000
llava15,0.000000
llava15,0.000000
llava15,0.000035
llava15,0.000000
llava15,0.000000
llava15,0.000184
llava15,0.499946
llava15,0.499953
llava15,0.497966
llava15,0.499897
llava15,0.499978
llava15,0.487810
llava15,0.499859
llava15,0.481656
llava15,0.491958
llava15,0.499033
llava15,0.472654
llava15,0.453978
llava15,0.499985
llava15,0.499974
llava15,0.494296
llava15,0.064032
llava15,0.499672
llava15,0.498173
llava15,0.499950
llava15,0.499960
llava15,0.488451
llava15,0.497180
llava15,0.499980
llava15,0.292044
llava15,0.499905
llava15,0.472074
llava15,0.458474
llava15,0.494939
llava15,0.499922
llava15,0.286361
llava15,0.458429
llava15,0.484900
llava15,0.499959
llava15,0.494266
llava15,0.499971
llava15,0.498820
llava15,0.499593
llava15,0.410183
llava15,0.208667
llava15,0.497712
llava15,0.499872
llava15,0.494123
llava15,0.499991
llava15,0.499850
llava15,0.499959
llava15,0.499961
llava15,0.499959
llava15,0.499981
llava15,0.499717
llava15,0.499862
llava15,0.499706
llava15,0.255791
llava15,0.281730
llava15,0.499595
llava15,0.441918
llava15,0.499700
llava15,0.476268
llava15,0.399291
llava15,0.494563
llava15,0.500000
llava15,0.484277
llava15,0.023466
llava15,0.479750
llava15,0.499991
llava15,0.499850
llava15,0.498818
llava15,0.466647
llava15,0.498722
llava15,0.499946
llava15,0.494423
llava15,0.431471
llava15,0.499989
llava15,0.499999
llava15,0.377183
llava15,0.017493
llava15,0.499354
llava15,0.234554
llava15,0.499554
llava15,0.000000
llava15,0.000230
llava15,0.470766
llava15,0.488729
llava15,0.500002
llava15,0.499680
llava15,0.499905
llava15,0.488699
llava15,0.499990
llava15,0.499989
llava15,0.470582
llava15,0.497352
llava15,0.234904
llava15,0.393712
llava15,0.285916
llava15,0.498815
llava15,0.500000
llava15,0.495340
llava15,0.499990
llava15,0.494037
llava15,0.499997
llava15,0.498644
llava15,0.499994
llava15,0.434980
llava15,0.493225
llava15,0.470435
llava15,0.379107
llava15,0.499001
llava15,0.489924
llava15,0.468119
llava15,0.499973
llava15,0.226391
llava15,0.499886
llava15,0.468157
llava15,0.499386
llava15,0.429290
llava15,0.499624
llava15,0.499993
llava15,0.343470
llava15,0.499811
llava15,0.499987
llava15,0.499981
llava15,0.499994
llava15,0.391197
llava15,0.228076
llava15,0.240717
llava15,0.404495
llava15,0.483216
llava15,0.500000
llava15,0.494193
llava15,0.497581
llava15,0.499979
llava15,0.498331
llava15,0.499987
llava15,0.499365
llava15,0.400563
llava15,0.499999
llava15,0.499991
llava15,0.498211
llava15,0.393291
llava15,0.490592
llava15,0.499396
llava15,0.499009
llava15,0.495441
llava15,0.499982
llava15,0.499999
llava15,0.458951
llava15,0.499849
llava15,0.480672
llava15,0.499985
llava15,0.023252
llava15,0.017937
llava15,0.169691
llava15,0.499997
llava15,0.499894
llava15,0.447698
llava15,0.499671
llava15,0.191000
llava15,0.499986
llava15,0.499997
llava15,0.482418
llava15,0.492403
llava15,0.499914
llava15,0.499995
llava15,0.500002
llava15,0.487367
llava15,0.499557
llava15,0.478106
llava15,0.498634
llava15,0.499989
llava15,0.202777
llava15,0.476005
llava15,0.499905
llava15,0.499163
llava15,0.499993
llava15,0.499960
llava15,0.500000
llava15,0.499534
llava15,0.498328
llava15,0.459671
llava15,0.499946
llava15,0.488625
llava15,0.482263
llava15,0.499846
llava15,0.000000
llava15,0.499845
llava15,0.499121
llava15,0.499979
llava15,0.232601
llava15,0.499962
llava15,0.500001
llava15,0.207486
llava15,0.499192
llava15,0.499993
llava15,0.499903
llava15,0.499985
llava15,0.484631
llava15,0.499999
llava15,0.498132
llava15,0.499975
llava15,0.499495
llava15,0.499946
llava15,0.476115
llava15,0.499437
llava15,0.474308
llava15,0.455265
llava15,0.499470
llava15,0.499954
llava15,0.477265
llava15,0.499937
llava15,0.499989
llava15,0.469885
llava15,0.499990
llava15,0.499628
llava15,0.456684
llava15,0.498303
llava15,0.500000
llava15,0.498404
llava15,0.495270
llava15,0.499997
llava15,0.500000
llava15,0.412249
llava15,0.499959
llava15,0.499961
llava15,0.247860
llava15,0.475689
llava15,0.499987
llava15,0.499999
llava15,0.499361
llava15,0.499722
llava15,0.487627
llava15,0.499916
llava15,0.471321
llava15,0.490726
llava15,0.494242
llava15,0.497592
llava15,0.499683
llava15,0.499997
llava15,0.288281
llava15,0.455384
llava15,0.409166
llava15,0.497943
llava15,0.498205
llava15,0.499409
llava15,0.499955
llava15,0.498808
llava15,0.499971
llava15,0.321803
llava15,0.086506
llava15,0.447070
llava15,0.499977
llava15,0.498496
llava15,0.498418
llava15,0.475476
llava15,0.499986
llava15,0.499999
llava15,0.499075
llava15,0.489937
llava15,0.499999
llava15,0.500000
llava15,0.213522
llava15,0.499050
llava15,0.499308
llava15,0.495476
llava15,0.499941
llava15,0.499032
llava15,0.495891
llava15,0.499673
llava15,0.499995
llava15,0.452033
llava15,0.499647
llava15,0.457204
llava15,0.480889
llava15,0.499865
llava15,0.499986
llava15,0.468204
llava15,0.329215
llava15,0.499789
llava15,0.000000
llava15,0.000001
llava15,0.003092
llava15,0.499907
llava15,0.499167
llava15,0.499516
llava15,0.495938
llava15,0.499107
llava15,0.499990
llava15,0.499966
llava15,0.499999
llava15,0.496005
llava15,0.498037
llava15,0.486570
llava15,0.497847
llava15,0.445048
llava15,0.133921
llava15,0.377730
llava15,0.499998
llava15,0.499954
llava15,0.499998
llava15,0.500002
llava15,0.489665
llava15,0.499654
llava15,0.499991
llava15,0.499995
llava15,0.499997
llava15,0.486392
llava15,0.499961
llava15,0.499996
llava15,0.499998
llava15,0.469590
llava15,0.500000
llava15,0.499679
llava15,0.499999
llava15,0.492289
llava15,0.425772
llava15,0.494308
llava15,0.243616
llava15,0.499883
llava15,0.499992
llava15,0.491945
llava15,0.496549
llava15,0.496101
llava15,0.407091
llava15,0.189435
llava15,0.499935
llava15,0.499990
llava15,0.499996
llava15,0.500000
llava15,0.497904
llava15,0.499309
llava15,0.475193
llava15,0.189645
llava15,0.374653
llava15,0.499966
llava15,0.152523
llava15,0.499922
llava15,0.498563
llava15,0.488803
llava15,0.479219
llava15,0.499930
llava15,0.499811
llava15,0.499961
llava15,0.499996
llava15,0.473670
llava15,0.495007
llava15,0.391509
llava15,0.499872
llava15,0.499986
llava15,0.498608
llava15,0.470281
llava15,0.489174
llava15,0.499994
llava15,0.496731
llava15,0.495148
llava15,0.497191
llava15,0.499873
llava15,0.497204
llava15,0.470368
llava15,0.499920
llava15,0.498026
llava15,0.499758
llava15,0.484409
llava15,0.499967
llava15,0.499859
llava15,0.496845
llava15,0.499968
llava15,0.466892
llava15,0.499998
llava15,0.499071
llava15,0.494858
llava15,0.100319
llava15,0.499700
llava15,0.499873
llava15,0.499994
llava15,0.499989
llava15,0.394706
llava15,0.468619
llava15,0.500002
llava15,0.500001
llava15,0.499585
llava15,0.499999
llava15,0.495669
llava15,0.499993
llava15,0.440391
llava15,0.500000
llava15,0.499914
llava15,0.499985
llava15,0.000000
llava15,0.052142
llava15,0.499819
llava15,0.499276
llava15,0.494076
llava15,0.500001
llava15,0.497605
llava15,0.497780
llava15,0.499997
llava15,0.499925
llava15,0.486531
llava15,0.499999
llava15,0.362933
llava15,0.496856
llava15,0.495190
llava15,0.262113
llava15,0.500002
llava15,0.479337
llava15,0.499991
llava15,0.499995
llava15,0.442632
llava15,0.484314
llava15,0.484263
llava15,0.499991
llava15,0.499998
llava15,0.494894
llava15,0.499984
llava15,0.361751
llava15,0.499966
llava15,0.496612
llava15,0.497766
llava15,0.500002
llava15,0.499766
llava15,0.499390
llava15,0.499780
llava15,0.497500
llava15,0.499905
llava15,0.392312
llava15,0.498432
llava15,0.499996
llava15,0.500000
llava15,0.499877
llava15,0.435618
llava15,0.499917
llava15,0.483247
llava15,0.490476
llava15,0.463089
llava15,0.499987
llava15,0.500000
llava15,0.498878
llava15,0.349175
llava15,0.497496
llava15,0.499879
llava15,0.496793
llava15,0.499992
llava15,0.478170
llava15,0.499990
llava15,0.499935
llava15,0.452296
llava15,0.499995
llava15,0.013257
llava15,0.286058
llava15,0.499995
llava15,0.499984
llava15,0.498760
llava15,0.499397
llava15,0.499450
llava15,0.496068
llava15,0.499999
llava15,0.499999
llava15,0.500000
llava15,0.499913
llava15,0.499988
llava15,0.471794
llava15,0.434515
llava15,0.500000
llava15,0.267657
llava15,0.480391
llava15,0.499283
llava15,0.498279
llava15,0.484072
llava15,0.499972
llava15,0.499756
llava15,0.499990
llava15,0.487080
llava15,0.441390
llava15,0.482854
llava15,0.499959
llava15,0.499247
llava15,0.499999
llava15,0.499997
llava15,0.489473
llava15,0.499757
llava15,0.498460
llava15,0.499986
llava15,0.000000
llava15,0.052142
llava15,0.499819
llava15,0.499375
llava15,0.495882
llava15,0.478371
llava15,0.499980
llava15,0.134348
llava15,0.011133
llava15,0.000040
llava15,0.497208
llava15,0.499998
llava15,0.483932
llava15,0.500003
llava15,0.478463
llava15,0.497116
llava15,0.471653
llava15,0.473948
llava15,0.499999
llava15,0.499471
llava15,0.297711
llava15,0.499954
llava15,0.499988
llava15,0.491568
llava15,0.499974
llava15,0.499727
llava15,0.498308
llava15,0.429027
llava15,0.497475
llava15,0.499980
llava15,0.499995
llava15,0.497129
llava15,0.468985
llava15,0.499988
llava15,0.499360
llava15,0.459634
llava15,0.499995
llava15,0.495215
llava15,0.499996
llava15,0.499990
llava15,0.499299
llava15,0.491205
llava15,0.493495
llava15,0.491891
llava15,0.497163
llava15,0.499523
llava15,0.498869
llava15,0.499837
llava15,0.494467
llava15,0.488425
llava15,0.004175
llava15,0.452943
llava15,0.497779
llava15,0.234619
llava15,0.499941
llava15,0.086389
llava15,0.499986
llava15,0.499991
llava15,0.498752
llava15,0.499953
llava15,0.481759
llava15,0.496728
llava15,0.254672
llava15,0.433579
llava15,0.499940
llava15,0.428905
llava15,0.413815
llava15,0.498843
llava15,0.499995
llava15,0.493719
llava15,0.087653
llava15,0.495883
llava15,0.486116
llava15,0.493452
llava15,0.499911
llava15,0.499982
llava15,0.404716
llava15,0.499945
llava15,0.489561
llava15,0.499350
llava15,0.468863
llava15,0.499991
llava15,0.483957
llava15,0.493161
llava15,0.499999
llava15,0.467393
llava15,0.425616
llava15,0.477627
llava15,0.499998
llava15,0.499988
llava15,0.470578
llava15,0.491745
llava15,0.498147
llava15,0.499407
llava15,0.499928
llava15,0.000000
llava15,0.000000
llava15,0.499787
llava15,0.499986
llava15,0.000215
llava15,0.044247
llava15,0.486296
llava15,0.499995
llava15,0.493620
llava15,0.499907
llava15,0.477667
llava15,0.499081
llava15,0.499999
llava15,0.499970
llava15,0.405635
llava15,0.499999
llava15,0.499996
llava15,0.447113
llava15,0.262153
llava15,0.477512
llava15,0.500000
llava15,0.499999
llava15,0.497818
llava15,0.499310
llava15,0.499998
llava15,0.498679
llava15,0.499980
llava15,0.498718
llava15,0.499795
llava15,0.016848
llava15,0.476461
llava15,0.494930
llava15,0.499966
llava15,0.498000
llava15,0.492018
llava15,0.498243
llava15,0.482580
llava15,0.498862
llava15,0.495069
llava15,0.498279
llava15,0.499850
llava15,0.498426
llava15,0.499940
llava15,0.491047
llava15,0.499376
llava15,0.499865
llava15,0.499998
llava15,0.499995
llava15,0.472106
llava15,0.499931
llava15,0.499982
llava15,0.499972
llava15,0.498162
llava15,0.500000
llava15,0.499629
llava15,0.496845
llava15,0.499959
llava15,0.500000
llava15,0.499949
llava15,0.497329
llava15,0.499715
llava15,0.499577
llava15,0.498261
llava15,0.490271
llava15,0.499997
llava15,0.499015
llava15,0.499726
llava15,0.499831
llava15,0.499898
llava15,0.499587
llava15,0.500000
llava15,0.499922
llava15,0.497786
llava15,0.498043
llava15,0.499990
llava15,0.489000
llava15,0.499085
llava15,0.497839
llava15,0.481240
llava15,0.499876
llava15,0.500002
llava15,0.477949
llava15,0.499242
llava15,0.450916
llava15,0.467677
llava15,0.468299
llava15,0.498026
llava15,0.473751
llava15,0.499769
llava15,0.497752
llava15,0.039732
llava15,0.000009
llava15,0.470440
llava15,0.499998
llava15,0.499992
llava15,0.401224
llava15,0.497280
llava15,0.499609
llava15,0.499640
llava15,0.493486
llava15,0.499636
llava15,0.499999
llava15,0.500003
llava15,0.495927
llava15,0.499975
llava15,0.499993
llava15,0.500000
llava15,0.500001
llava15,0.500002
llava15,0.499899
llava15,0.499680
llava15,0.499960
llava15,0.000000
llava15,0.499841
llava15,0.499031
llava15,0.499419
llava15,0.499009
llava15,0.472336
llava15,0.498347
llava15,0.462822
llava15,0.495621
llava15,0.499203
llava15,0.500000
llava15,0.500000
llava15,0.494272
llava15,0.499998
llava15,0.487246
llava15,0.499985
llava15,0.499993
llava15,0.500001
llava15,0.484991
llava15,0.487688
llava15,0.499749
llava15,0.494228
llava15,0.134663
llava15,0.500000
llava15,0.492062
llava15,0.499678
llava15,0.499996
llava15,0.499968
llava15,0.491121
llava15,0.498350
llava15,0.497108
llava15,0.499407
llava15,0.460057
llava15,0.364197
llava15,0.499949
llava15,0.499803
llava15,0.500000
llava15,0.481762
llava15,0.499907
llava15,0.443816
llava15,0.494646
llava15,0.454982
llava15,0.477837
llava15,0.500002
llava15,0.495566
llava15,0.499656
llava15,0.492935
llava15,0.499819
llava15,0.498331
llava15,0.499999
llava15,0.496260
llava15,0.499955
llava15,0.261306
llava15,0.437802
llava15,0.410975
llava15,0.499997
llava15,0.499989
llava15,0.493071
llava15,0.500000
llava15,0.499994
llava15,0.497856
llava15,0.499702
llava15,0.485965
llava15,0.499999
llava15,0.499723
llava15,0.499487
llava15,0.499884
llava15,0.469544
llava15,0.461731
llava15,0.499882
llava15,0.499779
llava15,0.498171
llava15,0.500001
llava15,0.500001
llava15,0.499259
llava15,0.355983
llava15,0.499808
llava15,0.297786
llava15,0.494900
llava15,0.489601
llava15,0.499722
llava15,0.499548
llava15,0.499989
llava15,0.496840
llava15,0.499917
llava15,0.000000
llava15,0.499841
llava15,0.499031
llava15,0.499686
llava15,0.496588
llava15,0.493405
llava15,0.499820
llava15,0.169527
llava15,0.499921
llava15,0.478685
llava15,0.499111
llava15,0.499984
llava15,0.500002
llava15,0.499999
llava15,0.491622
llava15,0.482670
llava15,0.499727
llava15,0.499998
llava15,0.492217
llava15,0.499984
llava15,0.306907
llava15,0.480354
llava15,0.492977
llava15,0.497854
llava15,0.499906
llava15,0.499999
llava15,0.473837
llava15,0.499915
llava15,0.498784
llava15,0.499998
llava15,0.499999
llava15,0.499928
llava15,0.499990
llava15,0.490318
llava15,0.495693
llava15,0.466737
llava15,0.494961
llava15,0.499984
llava15,0.493400
llava15,0.499503
llava15,0.499885
llava15,0.499594
llava15,0.492581
llava15,0.499998
llava15,0.499846
llava15,0.476859
llava15,0.498199
llava15,0.497294
llava15,0.499772
llava15,0.462427
llava15,0.499990
llava15,0.497749
llava15,0.499907
llava15,0.499976
llava15,0.486296
llava15,0.491774
llava15,0.493789
llava15,0.499663
llava15,0.497980
llava15,0.499993
llava15,0.499996
llava15,0.489144
llava15,0.499989
llava15,0.495347
llava15,0.452773
llava15,0.477502
llava15,0.484157
llava15,0.493683
llava15,0.493313
llava15,0.499434
llava15,0.494849
llava15,0.499999
llava15,0.495020
llava15,0.499999
llava15,0.500000
llava15,0.498047
llava15,0.500000
llava15,0.498722
llava15,0.499073
llava15,0.499308
llava15,0.488124
llava15,0.491386
llava15,0.499996
llava15,0.437116
llava15,0.499783
llava15,0.499927
llava15,0.490128
llava15,0.499779
llava15,0.493751
llava15,0.499988
llava15,0.499999
llava15,0.496862
llava15,0.500001
llava15,0.447583
llava15,0.488846
llava15,0.499996
llava15,0.488467
llava15,0.499660
llava15,0.499905
llava15,0.496441
llava15,0.320111
llava15,0.397296
llava15,0.500001
llava15,0.496632
llava15,0.499999
llava15,0.499999
llava15,0.072980
llava15,0.428646
llava15,0.499967
llava15,0.494366
llava15,0.500000
llava15,0.498191
llava15,0.499909
llava15,0.000000
llava15,0.499750
llava15,0.000833
llava15,0.496969
llava15,0.021505
llava15,0.489132
llava15,0.487694
llava15,0.499991
llava15,0.488391
llava15,0.499985
llava15,0.500000
llava15,0.461625
llava15,0.498249
llava15,0.497924
llava15,0.499938
llava15,0.134896
llava15,0.499993
llava15,0.088093
llava15,0.456908
llava15,0.487435
llava15,0.359993
llava15,0.499874
llava15,0.500000
llava15,0.484189
llava15,0.496394
llava15,0.499998
llava15,0.499183
llava15,0.499898
llava15,0.499994
llava15,0.493449
llava15,0.498033
llava15,0.499588
llava15,0.499310
llava15,0.499001
llava15,0.497577
llava15,0.491574
llava15,0.476666
llava15,0.478523
llava15,0.488061
llava15,0.499587
llava15,0.499936
llava15,0.493438
llava15,0.499865
llava15,0.499927
llava15,0.492787
llava15,0.496103
llava15,0.499819
llava15,0.431117
llava15,0.499910
llava15,0.381918
llava15,0.494564
llava15,0.498135
llava15,0.496535
llava15,0.497948
llava15,0.482146
llava15,0.495676
llava15,0.497565
llava15,0.202875
llava15,0.479879
llava15,0.497884
llava15,0.496253
llava15,0.499960
llava15,0.500002
llava15,0.499992
llava15,0.409965
llava15,0.499972
llava15,0.499953
llava15,0.496785
llava15,0.454024
llava15,0.499728
llava15,0.479690
llava15,0.494133
llava15,0.499910
llava15,0.498244
llava15,0.499841
llava15,0.499878
llava15,0.481874
llava15,0.492648
llava15,0.499261
llava15,0.497257
llava15,0.499988
llava15,0.499906
llava15,0.489797
llava15,0.492024
llava15,0.118842
llava15,0.499998
llava15,0.488245
llava15,0.499669
llava15,0.496707
llava15,0.495338
llava15,0.500000
llava15,0.500001
llava15,0.499600
llava15,0.495858
llava15,0.499986
llava15,0.434360
llava15,0.494658
llava15,0.499992
llava15,0.499998
llava15,0.499917
llava15,0.499104
llava15,0.499982
llava15,0.500003
llava15,0.499994
llava15,0.499957
llava15,0.499999
llava15,0.498210
llava15,0.498982
llava15,0.448258
llava15,0.499877
llava15,0.488682
llava15,0.499918
llava15,0.499951
llava15,0.499097
llava15,0.499970
llava15,0.495983
llava15,0.228732
llava15,0.469961
llava15,0.499735
llava15,0.500000
llava15,0.499990
llava15,0.499989
llava15,0.000000
llava15,0.000000
llava15,0.000000
llava15,0.012348
llava15,0.000000
llava15,0.489678
llava15,0.499975
llava15,0.490753
llava15,0.499040
llava15,0.482775
llava15,0.497986
llava15,0.474097
llava15,0.500002
llava15,0.499301
llava15,0.499978
llava15,0.500000
llava15,0.486261
llava15,0.499950
llava15,0.498506
llava15,0.499996
llava15,0.499997
llava15,0.493857
llava15,0.498778
llava15,0.499997
llava15,0.469838
llava15,0.499706
llava15,0.495383
llava15,0.499999
llava15,0.487375
llava15,0.499966
llava15,0.103248
llava15,0.012893
llava15,0.499854
llava15,0.497136
llava15,0.493086
llava15,0.499999
llava15,0.499997
llava15,0.499993
llava15,0.471160
llava15,0.499696
llava15,0.499990
llava15,0.495794
llava15,0.417276
llava15,0.499827
llava15,0.499730
llava15,0.499684
llava15,0.499719
llava15,0.482179
llava15,0.499998
llava15,0.462773
llava15,0.265933
llava15,0.499286
llava15,0.482295
llava15,0.414232
llava15,0.499928
llava15,0.499855
llava15,0.410503
llava15,0.427736
llava15,0.473645
llava15,0.500000
llava15,0.489508
llava15,0.492420
llava15,0.499614
llava15,0.499323
llava15,0.499932
llava15,0.499894
llava15,0.484943
llava15,0.499970
llava15,0.399455
llava15,0.499705
llava15,0.192732
llava15,0.469369
llava15,0.488219
llava15,0.485680
llava15,0.461340
llava15,0.491177
llava15,0.498967
llava15,0.496285
llava15,0.499999
llava15,0.499911
llava15,0.280323
llava15,0.499968
llava15,0.465024
llava15,0.499940
llava15,0.484310
llava15,0.496042
llava15,0.497650
llava15,0.490528
llava15,0.449010
llava15,0.499424
llava15,0.157077
llava15,0.370429
llava15,0.331367
llava15,0.500000
llava15,0.499990
llava15,0.493318
llava15,0.493977
llava15,0.499993
llava15,0.499986
llava15,0.085431
llava15,0.499877
llava15,0.000000
llava15,0.499880
llava15,0.429240
llava15,0.499680
llava15,0.499359
llava15,0.496196
llava15,0.499967
llava15,0.493854
llava15,0.499980
llava15,0.493131
llava15,0.495937
llava15,0.493452
llava15,0.499994
llava15,0.500001
llava15,0.207805
llava15,0.499898
llava15,0.496162
llava15,0.499955
llava15,0.498348
llava15,0.128024
llava15,0.410341
llava15,0.468083
llava15,0.499994
llava15,0.499999
llava15,0.495488
llava15,0.490426
llava15,0.493675
llava15,0.497713
llava15,0.498761
llava15,0.497661
llava15,0.473561
llava15,0.499968
llava15,0.499999
llava15,0.499925
llava15,0.450176
llava15,0.496267
llava15,0.498805
llava15,0.499868
llava15,0.493933
llava15,0.499999
llava15,0.500002
llava15,0.497828
llava15,0.499992
llava15,0.499986
llava15,0.497352
llava15,0.499989
llava15,0.499979
llava15,0.493381
llava15,0.499024
llava15,0.499981
llava15,0.499172
llava15,0.499992
llava15,0.490139
llava15,0.492495
llava15,0.421857
llava15,0.453102
llava15,0.499995
llava15,0.488933
llava15,0.499938
llava15,0.492869
llava15,0.499952
llava15,0.496066
llava15,0.499843
llava15,0.491644
llava15,0.492122
llava15,0.500000
llava15,0.494659
llava15,0.499931
llava15,0.499984
llava15,0.499247
llava15,0.497806
llava15,0.499985
llava15,0.492470
llava15,0.499791
llava15,0.490074
llava15,0.499981
llava15,0.499961
llava15,0.499919
llava15,0.499994
llava15,0.498234
llava15,0.499953
llava15,0.000000
llava15,0.000000
llava15,0.000000
llava15,0.000003
llava15,0.001156
llava15,0.461926
llava15,0.499984
llava15,0.488387
llava15,0.499977
llava15,0.499970
llava15,0.499996
llava15,0.497715
llava15,0.500001
llava15,0.080510
llava15,0.499484
llava15,0.500001
llava15,0.500000
llava15,0.500000
llava15,0.484391
llava15,0.458868
llava15,0.499648
llava15,0.444117
llava15,0.499998
llava15,0.499445
llava15,0.499948
llava15,0.499991
llava15,0.500000
llava15,0.499508
llava15,0.499958
llava15,0.499951
llava15,0.499976
llava15,0.500000
llava15,0.499913
llava15,0.499724
llava15,0.402904
llava15,0.499998
llava15,0.500001
llava15,0.469564
llava15,0.497770
llava15,0.439443
llava15,0.496223
llava15,0.207746
llava15,0.496786
llava15,0.499399
llava15,0.499999
llava15,0.500000
llava15,0.494949
llava15,0.499708
llava15,0.500000
llava15,0.491398
llava15,0.499985
llava15,0.499993
llava15,0.499584
llava15,0.499157
llava15,0.499963
llava15,0.486538
llava15,0.499998
llava15,0.500000
llava15,0.489047
llava15,0.499995
llava15,0.500000
llava15,0.499939
llava15,0.498487
llava15,0.485406
llava15,0.475169
llava15,0.499008
llava15,0.500000
llava15,0.500000
llava15,0.339673
llava15,0.500002
llava15,0.498431
llava15,0.499995
llava15,0.500000
llava15,0.493642
llava15,0.499987
llava15,0.499537
llava15,0.267636
llava15,0.499752
llava15,0.499984
llava15,0.496612
llava15,0.499735
llava15,0.498934
llava15,0.483612
llava15,0.000024
llava15,0.499006
llava15,0.000155
llava15,0.499981
llava15,0.499693
llava15,0.398367
llava15,0.499719
llava15,0.479981
llava15,0.496777
llava15,0.498089
llava15,0.500002
llava15,0.498218
llava15,0.055773
llava15,0.490841
llava15,0.458274
llava15,0.499998
llava15,0.499760
llava15,0.452811
llava15,0.500000
llava15,0.499181
llava15,0.484449
llava15,0.498096
llava15,0.500001
llava15,0.403475
llava15,0.499851
llava15,0.500000
llava15,0.405997
llava15,0.499943
llava15,0.499972
llava15,0.499979
llava15,0.499986
llava15,0.495838
llava15,0.499841
llava15,0.499831
llava15,0.499996
llava15,0.000000
llava15,0.000000
llava15,0.499894
llava15,0.498181
llava15,0.500000
llava15,0.499974
llava15,0.494655
llava15,0.483931
llava15,0.499702
llava15,0.499993
llava15,0.491947
llava15,0.497683
llava15,0.499106
llava15,0.496628
llava15,0.499912
llava15,0.499958
llava15,0.151468
llava15,0.499980
llava15,0.499973
llava15,0.497235
llava15,0.496973
llava15,0.499963
llava15,0.499997
llava15,0.489188
llava15,0.500000
llava15,0.499974
llava15,0.498716
llava15,0.499415
llava15,0.499996
llava15,0.500000
llava15,0.032476
llava15,0.494783
llava15,0.499866
llava15,0.499960
llava15,0.477518
llava15,0.484828
llava15,0.499999
llava15,0.499958
llava15,0.500000
llava15,0.499997
llava15,0.499959
llava15,0.448207
llava15,0.478485
llava15,0.499983
llava15,0.499997
llava15,0.480279
llava15,0.500000
llava15,0.495218
llava15,0.499916
llava15,0.487369
llava15,0.499990
llava15,0.490612
llava15,0.495296
llava15,0.499998
llava15,0.496062
llava15,0.495734
llava15,0.499969
llava15,0.499824
llava15,0.497748
llava15,0.376002
llava15,0.500001
llava15,0.495838
llava15,0.499858
llava15,0.500000
llava15,0.486249
llava15,0.489666
llava15,0.499869
llava15,0.437186
llava15,0.492212
llava15,0.481330
llava15,0.499941
llava15,0.499996
llava15,0.499802
llava15,0.499997
llava15,0.500001
llava15,0.180256
llava15,0.492542
llava15,0.500000
llava15,0.470328
llava15,0.416153
llava15,0.499845
llava15,0.457450
llava15,0.256302
llava15,0.496261
llava15,0.499775
llava15,0.498004
llava15,0.488860
llava15,0.500003
llava15,0.499999
llava15,0.499861
llava15,0.499908
llava15,0.496112
llava15,0.475659
llava15,0.499877
llava15,0.483699
llava15,0.498397
llava15,0.401164
llava15,0.499953
llava15,0.499530
llava15,0.455056
llava15,0.499999
llava15,0.472935
llava15,0.499998
llava15,0.497294
llava15,0.499990
llava15,0.499991
llava15,0.499245
llava15,0.414968
llava15,0.483848
llava15,0.499920
llava15,0.499999
llava15,0.494291
llava15,0.499930
llava15,0.499986
llava15,0.000087
llava15,0.418860
llava15,0.489895
llava15,0.494986
llava15,0.492271
llava15,0.499937
llava15,0.498517
llava15,0.499999
llava15,0.491974
llava15,0.499974
llava15,0.496453
llava15,0.497902
llava15,0.494977
llava15,0.497769
llava15,0.000000
llava15,0.000000
llava15,0.499894
llava15,0.499298
llava15,0.485201
llava15,0.490017
llava15,0.051861
llava15,0.499899
llava15,0.493466
llava15,0.499966
llava15,0.499999
llava15,0.499963
llava15,0.498253
llava15,0.499992
llava15,0.499998
llava15,0.488550
llava15,0.500000
llava15,0.499932
llava15,0.499902
llava15,0.199251
llava15,0.499953
llava15,0.500000
llava15,0.499732
llava15,0.498615
llava15,0.467891
llava15,0.499677
llava15,0.499988
llava15,0.499999
llava15,0.499978
llava15,0.493248
llava15,0.499992
llava15,0.499985
llava15,0.496930
llava15,0.499998
llava15,0.472437
llava15,0.488255
llava15,0.493690
llava15,0.489897
llava15,0.499198
llava15,0.499996
llava15,0.499990
llava15,0.493885
llava15,0.499777
llava15,0.498847
llava15,0.499999
llava15,0.499984
llava15,0.453839
llava15,0.499998
llava15,0.500003
llava15,0.496246
llava15,0.498602
llava15,0.434958
llava15,0.485642
llava15,0.499658
llava15,0.499985
llava15,0.404225
llava15,0.499936
llava15,0.499617
llava15,0.499778
llava15,0.499969
llava15,0.499760
llava15,0.499778
llava15,0.498902
llava15,0.499216
llava15,0.499729
llava15,0.000000
llava15,0.000000
llava15,0.000000
llava15,0.000104
llava15,0.000681
llava15,0.495107
llava15,0.499996
llava15,0.498865
llava15,0.476803
llava15,0.499866
llava15,0.499977
llava15,0.426364
llava15,0.500001
llava15,0.098482
llava15,0.026155
llava15,0.499998
llava15,0.500000
llava15,0.499928
llava15,0.489367
llava15,0.316225
llava15,0.499997
llava15,0.495063
llava15,0.316427
llava15,0.499996
llava15,0.500000
llava15,0.484637
llava15,0.499992
llava15,0.499981
llava15,0.500000
llava15,0.499939
llava15,0.498764
llava15,0.499161
llava15,0.499527
llava15,0.495898
llava15,0.493212
llava15,0.493982
llava15,0.499410
llava15,0.492065
llava15,0.499999
llava15,0.409137
llava15,0.499970
llava15,0.492012
llava15,0.499965
llava15,0.499998
llava15,0.474491
llava15,0.479393
llava15,0.499847
llava15,0.499999
llava15,0.500000
llava15,0.401251
llava15,0.499825
llava15,0.366653
llava15,0.499996
llava15,0.499997
llava15,0.499478
llava15,0.498539
llava15,0.499996
llava15,0.430983
llava15,0.499959
llava15,0.493161
llava15,0.467387
llava15,0.499999
llava15,0.492825
llava15,0.493825
llava15,0.499542
llava15,0.499999
llava15,0.495218
llava15,0.435692
llava15,0.499999
llava15,0.000000
llava15,0.000041
llava15,0.000000
llava15,0.020168
llava15,0.136095
llava15,0.003412
llava15,0.499721
llava15,0.427246
llava15,0.489528
llava15,0.499374
llava15,0.499977
llava15,0.499988
llava15,0.381809
llava15,0.483777
llava15,0.421937
llava15,0.492057
llava15,0.488343
llava15,0.497151
llava15,0.466366
llava15,0.427664
llava15,0.499876
llava15,0.498748
llava15,0.498569
llava15,0.499652
llava15,0.497575
llava15,0.499721
llava15,0.449009
llava15,0.499005
llava15,0.316290
llava15,0.461958
llava15,0.499996
llava15,0.487938
llava15,0.438511
llava15,0.499935
llava15,0.499983
llava15,0.498453
llava15,0.455323
llava15,0.499977
llava15,0.499990
llava15,0.349076
llava15,0.498928
llava15,0.499804
llava15,0.499997
llava15,0.499998
llava15,0.500000
llava15,0.499570
llava15,0.499989
llava15,0.500000
llava15,0.450829
llava15,0.386422
llava15,0.499900
llava15,0.499917
llava15,0.481576
llava15,0.499976
llava15,0.495751
llava15,0.499997
llava15,0.491193
llava15,0.499196
llava15,0.499973
llava15,0.498935
llava15,0.499998
llava15,0.486177
llava15,0.499913
llava15,0.418539
llava15,0.498260
llava15,0.499994
llava15,0.499989
llava15,0.499998
llava15,0.499998
llava15,0.407221
llava15,0.354571
llava15,0.499380
llava15,0.499379
llava15,0.492455
llava15,0.185773
llava15,0.484290
llava15,0.499248
llava15,0.468318
llava15,0.499971
llava15,0.478406
llava15,0.494565
llava15,0.499859
llava15,0.000000
llava15,0.000041
llava15,0.499955
llava15,0.499766
llava15,0.499996
llava15,0.499996
llava15,0.500001
llava15,0.281562
llava15,0.489045
llava15,0.499998
llava15,0.483779
llava15,0.497839
llava15,0.002093
llava15,0.350014
llava15,0.478214
llava15,0.499810
llava15,0.479204
llava15,0.479016
llava15,0.168898
llava15,0.471414
llava15,0.478834
llava15,0.498971
llava15,0.496563
llava15,0.490507
llava15,0.052148
llava15,0.024005
llava15,0.481327
llava15,0.497929
llava15,0.493993
llava15,0.499310
llava15,0.499645
llava15,0.498304
llava15,0.499970
llava15,0.499991
llava15,0.433194
llava15,0.478389
llava15,0.493859
llava15,0.499987
llava15,0.499985
llava15,0.499989
llava15,0.487324
llava15,0.485373
llava15,0.499977
llava15,0.490874
llava15,0.498719
llava15,0.495616
llava15,0.452573
llava15,0.498515
llava15,0.496544
llava15,0.499110
llava15,0.499685
llava15,0.499984
llava15,0.499924
llava15,0.495020
llava15,0.499898
llava15,0.499983
llava15,0.500000
llava15,0.494146
llava15,0.499963
llava15,0.485617
llava15,0.499906
llava15,0.499996
llava15,0.499997
llava15,0.485782
llava15,0.481729
llava15,0.499042
llava15,0.413496
llava15,0.499923
llava15,0.498571
llava15,0.499644
llava15,0.499967
llava15,0.499446
llava15,0.499999
llava15,0.026544
llava15,0.499848
llava15,0.499994
llava15,0.489728
llava15,0.488478
llava15,0.499979
llava15,0.499572
llava15,0.499999
llava15,0.499829
llava15,0.499581
llava15,0.422970
llava15,0.490579
llava15,0.499995
llava15,0.499999
llava15,0.499999
llava15,0.383651
llava15,0.498259
llava15,0.498564
llava15,0.487991
llava15,0.489518
llava15,0.499988
llava15,0.499999
llava15,0.499540
llava15,0.499986
llava15,0.499949
llava15,0.494188
llava15,0.499992
llava15,0.499908
llava15,0.499998
llava15,0.499988
llava15,0.438360
llava15,0.497188
llava15,0.499850
llava15,0.499993
llava15,0.499260
llava15,0.497971
llava15,0.490035
llava15,0.499992
llava15,0.499929
llava15,0.487027
llava15,0.499989
llava15,0.499423
llava15,0.499968
llava15,0.499999
llava15,0.497123
llava15,0.497296
llava15,0.489947
llava15,0.488410
llava15,0.471759
llava15,0.498912
llava15,0.472361
llava15,0.429858
llava15,0.488559
llava15,0.499996
llava15,0.499960
llava15,0.000000
llava15,0.000041
llava15,0.000000
llava15,0.005210
llava15,0.496893
llava15,0.499937
llava15,0.499928
llava15,0.499956
llava15,0.498372
llava15,0.499969
llava15,0.455566
llava15,0.486445
llava15,0.499002
llava15,0.499773
llava15,0.453251
llava15,0.499912
llava15,0.499996
llava15,0.487904
llava15,0.499686
llava15,0.471332
llava15,0.465238
llava15,0.498727
llava15,0.499998
llava15,0.458962
llava15,0.499982
llava15,0.493262
llava15,0.495722
llava15,0.499975
llava15,0.446383
llava15,0.492057
llava15,0.495569
llava15,0.430371
llava15,0.463336
llava15,0.494266
llava15,0.499995
llava15,0.456584
llava15,0.499996
llava15,0.499944
llava15,0.497431
llava15,0.482089
llava15,0.499815
llava15,0.498384
llava15,0.482373
llava15,0.499685
llava15,0.500003
llava15,0.499997
llava15,0.499863
llava15,0.499974
llava15,0.499994
llava15,0.497575
llava15,0.499984
llava15,0.499994
llava15,0.499933
llava15,0.492036
llava15,0.499831
llava15,0.446679
llava15,0.488599
llava15,0.499991
llava15,0.499874
llava15,0.496997
llava15,0.497795
llava15,0.489473
llava15,0.499438
llava15,0.494101
llava15,0.500002
llava15,0.499341
llava15,0.499996
llava15,0.496423
llava15,0.499786
llava15,0.432874
llava15,0.499917
llava15,0.482838
llava15,0.499948
llava15,0.490731
llava15,0.499955
llava15,0.468491
llava15,0.499734
llava15,0.496749
llava15,0.499983
llava15,0.499993
llava15,0.499934
llava15,0.452413
llava15,0.428880
llava15,0.499881
llava15,0.499172
llava15,0.462755
llava15,0.499913
llava15,0.499899
llava15,0.498206
llava15,0.498545
llava15,0.338987
llava15,0.499966
llava15,0.499928
llava15,0.500000
llava15,0.488204
llava15,0.499947
llava15,0.188654
llava15,0.499823
llava15,0.494990
llava15,0.498420
llava15,0.495194
llava15,0.452316
llava15,0.494931
llava15,0.432270
llava15,0.499995
llava15,0.450840
llava15,0.499991
llava15,0.496525
llava15,0.499876
llava15,0.494835
llava15,0.499966
llava15,0.495721
llava15,0.474157
llava15,0.499198
llava15,0.500000
llava15,0.490206
llava15,0.499597
llava15,0.499299
llava15,0.482905
llava15,0.499997
llava15,0.499822
llava15,0.498329
llava15,0.421777
llava15,0.499494
llava15,0.003069
llava15,0.499922
llava15,0.000000
llava15,0.499834
llava15,0.499227
llava15,0.499796
llava15,0.497909
llava15,0.499960
llava15,0.499916
llava15,0.494220
llava15,0.497850
llava15,0.499998
llava15,0.499968
llava15,0.499490
llava15,0.497708
llava15,0.492776
llava15,0.499995
llava15,0.490438
llava15,0.039675
llava15,0.497042
llava15,0.495031
llava15,0.486554
llava15,0.499953
llava15,0.499953
llava15,0.306161
llava15,0.083623
llava15,0.497608
llava15,0.364503
llava15,0.189748
llava15,0.499960
llava15,0.498287
llava15,0.499456
llava15,0.499947
llava15,0.209000
llava15,0.488841
llava15,0.466289
llava15,0.499961
llava15,0.499909
llava15,0.478939
llava15,0.483758
llava15,0.498709
llava15,0.497662
llava15,0.499944
llava15,0.202429
llava15,0.497823
llava15,0.499987
llava15,0.368582
llava15,0.488737
llava15,0.495992
llava15,0.500002
llava15,0.499554
llava15,0.500003
llava15,0.491569
llava15,0.484864
llava15,0.497964
llava15,0.499967
llava15,0.109625
llava15,0.385394
llava15,0.485727
llava15,0.478913
llava15,0.482072
llava15,0.499995
llava15,0.499917
llava15,0.466677
llava15,0.499848
llava15,0.497763
llava15,0.478804
llava15,0.499996
llava15,0.498788
llava15,0.498097
llava15,0.499752
llava15,0.483287
llava15,0.397182
llava15,0.496361
llava15,0.491864
llava15,0.499183
llava15,0.455742
llava15,0.499256
llava15,0.268959
llava15,0.499956
llava15,0.490946
llava15,0.497974
llava15,0.499925
llava15,0.499757
llava15,0.499402
llava15,0.500002
llava15,0.499999
llava15,0.499995
llava15,0.395000
llava15,0.486930
llava15,0.499552
llava15,0.491428
llava15,0.499111
llava15,0.499866
llava15,0.497662
llava15,0.499964
llava15,0.000000
llava15,0.499905
llava15,0.499564
llava15,0.499598
llava15,0.499492
llava15,0.499155
llava15,0.499968
llava15,0.499440
llava15,0.496122
llava15,0.499781
llava15,0.499988
llava15,0.464469
llava15,0.498764
llava15,0.500001
llava15,0.480592
llava15,0.245284
llava15,0.279061
llava15,0.499892
llava15,0.500001
llava15,0.492960
llava15,0.456987
llava15,0.499762
llava15,0.499992
llava15,0.499840
llava15,0.498961
llava15,0.473749
llava15,0.499954
llava15,0.480316
llava15,0.453564
llava15,0.499405
llava15,0.489179
llava15,0.499998
llava15,0.432833
llava15,0.494197
llava15,0.491244
llava15,0.499991
llava15,0.499999
llava15,0.499937
llava15,0.411224
llava15,0.464612
llava15,0.469353
llava15,0.469368
llava15,0.497003
llava15,0.498357
llava15,0.498464
llava15,0.499970
llava15,0.497662
llava15,0.499794
llava15,0.499921
llava15,0.494056
llava15,0.495177
llava15,0.499998
llava15,0.491866
llava15,0.499634
llava15,0.487508
llava15,0.498058
llava15,0.496864
llava15,0.496971
llava15,0.493469
llava15,0.497163
llava15,0.500000
llava15,0.498363
llava15,0.484363
llava15,0.496553
llava15,0.499991
llava15,0.495121
llava15,0.499707
llava15,0.499499
llava15,0.497488
llava15,0.499631
llava15,0.499956
llava15,0.483458
llava15,0.498279
llava15,0.500000
llava15,0.499998
llava15,0.495923
llava15,0.499996
llava15,0.499964
llava15,0.277480
llava15,0.499816
llava15,0.499119
llava15,0.105013
llava15,0.384921
llava15,0.499937
llava15,0.499985
llava15,0.499942
llava15,0.477623
llava15,0.499981
llava15,0.451868
llava15,0.491160
llava15,0.371854
llava15,0.499554
llava15,0.499997
llava15,0.498906
llava15,0.484545
llava15,0.435368
llava15,0.494709
llava15,0.497227
llava15,0.499828
llava15,0.499971
llava15,0.480779
llava15,0.485321
llava15,0.456354
llava15,0.499995
llava15,0.119385
llava15,0.499931
llava15,0.499597
llava15,0.498552
llava15,0.499632
llava15,0.498987
llava15,0.499999
llava15,0.477401
llava15,0.499884
llava15,0.000000
llava15,0.499913
llava15,0.380116
llava15,0.499885
llava15,0.499691
llava15,0.496871
llava15,0.499989
llava15,0.499999
llava15,0.448907
llava15,0.499091
llava15,0.498842
llava15,0.497707
llava15,0.367347
llava15,0.081386
llava15,0.499996
llava15,0.452812
llava15,0.499865
llava15,0.499954
llava15,0.497674
llava15,0.499968
llava15,0.200143
llava15,0.494718
llava15,0.498767
llava15,0.499811
llava15,0.499882
llava15,0.499556
llava15,0.499672
llava15,0.484062
llava15,0.492716
llava15,0.499989
llava15,0.499911
llava15,0.499997
llava15,0.499982
llava15,0.499824
llava15,0.483295
llava15,0.499995
llava15,0.499936
llava15,0.499644
llava15,0.499829
llava15,0.484256
llava15,0.495947
llava15,0.419748
llava15,0.488075
llava15,0.499983
llava15,0.273163
llava15,0.493978
llava15,0.376744
llava15,0.499988
llava15,0.496837
llava15,0.498863
llava15,0.499932
llava15,0.498967
llava15,0.499989
llava15,0.489717
llava15,0.494923
llava15,0.494095
llava15,0.458023
llava15,0.499989
llava15,0.499951
llava15,0.499739
llava15,0.494287
llava15,0.499967
llava15,0.481737
llava15,0.499885
llava15,0.496201
llava15,0.466097
llava15,0.494647
llava15,0.496050
llava15,0.490931
llava15,0.203524
llava15,0.499801
llava15,0.480046
llava15,0.484044
llava15,0.499996
llava15,0.495745
llava15,0.499999
llava15,0.480099
llava15,0.470858
llava15,0.488589
llava15,0.499998
llava15,0.499996
llava15,0.416827
llava15,0.497080
llava15,0.497270
llava15,0.499929
llava15,0.487095
llava15,0.497708
llava15,0.497104
llava15,0.499999
llava15,0.499998
llava15,0.500001
llava15,0.499760
llava15,0.499831
llava15,0.499226
llava15,0.499927
llava15,0.498767
llava15,0.025692
llava15,0.482417
llava15,0.499819
llava15,0.499053
llava15,0.499858
llava15,0.499980
llava15,0.000000
llava15,0.000263
llava15,0.000000
llava15,0.003781
llava15,0.022678
llava15,0.466131
llava15,0.499918
llava15,0.499560
llava15,0.499889
llava15,0.491502
llava15,0.499997
llava15,0.499880
llava15,0.497797
llava15,0.337374
llava15,0.493102
llava15,0.500000
llava15,0.499339
llava15,0.499556
llava15,0.324503
llava15,0.423747
llava15,0.499854
llava15,0.493957
llava15,0.496853
llava15,0.499992
llava15,0.499992
llava15,0.499230
llava15,0.499639
llava15,0.499998
llava15,0.474415
llava15,0.499765
llava15,0.495627
llava15,0.492175
llava15,0.499953
llava15,0.499838
llava15,0.499874
llava15,0.411222
llava15,0.489233
llava15,0.492424
llava15,0.499608
llava15,0.482290
llava15,0.495329
llava15,0.499688
llava15,0.467294
llava15,0.499057
llava15,0.497603
llava15,0.498898
llava15,0.499990
llava15,0.421547
llava15,0.490692
llava15,0.499999
llava15,0.499996
llava15,0.433713
llava15,0.484267
llava15,0.186081
llava15,0.499800
llava15,0.498070
llava15,0.499992
llava15,0.498547
llava15,0.499950
llava15,0.491146
llava15,0.499964
llava15,0.499980
llava15,0.421307
llava15,0.499989
llava15,0.497945
llava15,0.499696
llava15,0.499835
llava15,0.499655
llava15,0.496970
llava15,0.499281
llava15,0.500000
llava15,0.477553
llava15,0.498378
llava15,0.499997
llava15,0.485855
llava15,0.494704
llava15,0.494297
llava15,0.497759
llava15,0.498302
llava15,0.500003
llava15,0.499979
llava15,0.000000
llava15,0.000263
llava15,0.000000
llava15,0.499972
llava15,0.492716
llava15,0.493141
llava15,0.499969
llava15,0.424112
llava15,0.493906
llava15,0.476523
llava15,0.486711
llava15,0.500001
llava15,0.494564
llava15,0.488510
llava15,0.499830
llava15,0.499956
llava15,0.499875
llava15,0.311986
llava15,0.499910
llava15,0.495049
llava15,0.499983
llava15,0.499983
llava15,0.499988
llava15,0.499927
llava15,0.481223
llava15,0.498613
llava15,0.499764
llava15,0.499325
llava15,0.489303
llava15,0.500000
llava15,0.493143
llava15,0.486588
llava15,0.498618
llava15,0.463282
llava15,0.489930
llava15,0.499709
llava15,0.497667
llava15,0.498414
llava15,0.489241
llava15,0.495643
llava15,0.441482
llava15,0.499974
llava15,0.400045
llava15,0.499659
llava15,0.494996
llava15,0.499748
llava15,0.498960
llava15,0.498878
llava15,0.499839
llava15,0.458130
llava15,0.488685
llava15,0.499632
llava15,0.440487
llava15,0.500000
llava15,0.497179
llava15,0.443985
llava15,0.473001
llava15,0.499976
llava15,0.314647
llava15,0.483256
llava15,0.493395
llava15,0.499781
llava15,0.497320
llava15,0.499999
llava15,0.499990
llava15,0.499717
llava15,0.499245
llava15,0.499169
llava15,0.499998
llava15,0.499518
llava15,0.499998
llava15,0.499916
llava15,0.499102
llava15,0.386401
llava15,0.499999
llava15,0.499988
llava15,0.499988
llava15,0.499990
llava15,0.499380
llava15,0.496081
llava15,0.499958
llava15,0.500000
llava15,0.499997
llava15,0.500000
llava15,0.490516
llava15,0.499640
llava15,0.000000
llava15,0.499842
llava15,0.499315
llava15,0.500000
llava15,0.499993
llava15,0.496056
llava15,0.489246
llava15,0.483204
llava15,0.496832
llava15,0.499874
llava15,0.499928
llava15,0.494942
llava15,0.492120
llava15,0.499994
llava15,0.496801
llava15,0.499552
llava15,0.474953
llava15,0.465561
llava15,0.323998
llava15,0.278254
llava15,0.291525
llava15,0.499928
llava15,0.499937
llava15,0.499967
llava15,0.475008
llava15,0.499950
llava15,0.406781
llava15,0.499950
llava15,0.499993
llava15,0.492707
llava15,0.499986
llava15,0.499962
llava15,0.499994
llava15,0.498561
llava15,0.499998
llava15,0.499980
llava15,0.467584
llava15,0.499994
llava15,0.498553
llava15,0.482682
llava15,0.415486
llava15,0.476999
llava15,0.499304
llava15,0.488725
llava15,0.489682
llava15,0.498570
llava15,0.493419
llava15,0.499990
llava15,0.216190
llava15,0.499990
llava15,0.488718
llava15,0.499087
llava15,0.499995
llava15,0.497958
llava15,0.499994
llava15,0.498971
llava15,0.499900
llava15,0.485400
llava15,0.498611
llava15,0.499689
llava15,0.429815
llava15,0.453023
llava15,0.398685
llava15,0.485555
llava15,0.039055
llava15,0.279729
llava15,0.403492
llava15,0.485843
llava15,0.316092
llava15,0.479672
llava15,0.499971
llava15,0.486813
llava15,0.499942
llava15,0.499972
llava15,0.499946
llava15,0.452839
llava15,0.496069
llava15,0.494488
llava15,0.499891
llava15,0.461597
llava15,0.499994
llava15,0.499980
llava15,0.482939
llava15,0.499782
llava15,0.499125
llava15,0.498051
llava15,0.499982
llava15,0.499999
llava15,0.499937
llava15,0.126278
llava15,0.499999
llava15,0.499992
llava15,0.499996
llava15,0.499991
llava15,0.499351
llava15,0.499933
llava15,0.500000
llava15,0.461330
llava15,0.500000
llava15,0.498884
llava15,0.496212
llava15,0.498475
llava15,0.499807
llava15,0.500002
llava15,0.499924
llava15,0.499990
llava15,0.499995
llava15,0.481048
llava15,0.010631
llava15,0.446437
llava15,0.499970
llava15,0.495260
llava15,0.499997
llava15,0.499472
llava15,0.401722
llava15,0.498401
llava15,0.499991
llava15,0.000000
llava15,0.499913
llava15,0.499301
llava15,0.499820
llava15,0.498692
llava15,0.496290
llava15,0.499858
llava15,0.498563
llava15,0.499402
llava15,0.485798
llava15,0.491357
llava15,0.494131
llava15,0.496519
llava15,0.499970
llava15,0.444787
llava15,0.499506
llava15,0.499980
llava15,0.496611
llava15,0.479575
llava15,0.499847
llava15,0.483206
llava15,0.499499
llava15,0.499998
llava15,0.499995
llava15,0.491189
llava15,0.499996
llava15,0.489474
llava15,0.470339
llava15,0.472979
llava15,0.486102
llava15,0.498081
llava15,0.499974
llava15,0.497614
llava15,0.493838
llava15,0.499584
llava15,0.496093
llava15,0.499956
llava15,0.497574
llava15,0.483638
llava15,0.499832
llava15,0.499989
llava15,0.491376
llava15,0.499998
llava15,0.499983
llava15,0.497140
llava15,0.426705
llava15,0.305618
llava15,0.498381
llava15,0.499676
llava15,0.497115
llava15,0.499983
llava15,0.128595
llava15,0.454942
llava15,0.499983
llava15,0.489687
llava15,0.499675
llava15,0.472217
llava15,0.499999
llava15,0.499921
llava15,0.492987
llava15,0.480589
llava15,0.499979
llava15,0.455112
llava15,0.498155
llava15,0.490272
llava15,0.499977
llava15,0.497174
llava15,0.474817
llava15,0.499989
llava15,0.487308
llava15,0.493764
llava15,0.482637
llava15,0.462913
llava15,0.490751
llava15,0.428009
llava15,0.478371
llava15,0.490423
llava15,0.497527
llava15,0.499879
llava15,0.478511
llava15,0.499982
llava15,0.496128
llava15,0.496673
llava15,0.492599
llava15,0.499999
llava15,0.492752
llava15,0.473554
llava15,0.493899
llava15,0.491697
llava15,0.499993
llava15,0.000000
llava15,0.000002
llava15,0.101160
llava15,0.499837
llava15,0.499958
llava15,0.499960
llava15,0.499458
llava15,0.465019
llava15,0.499969
llava15,0.499992
llava15,0.499942
llava15,0.460919
llava15,0.499380
llava15,0.496680
llava15,0.499959
llava15,0.499986
llava15,0.499147
llava15,0.488195
llava15,0.499753
llava15,0.499997
llava15,0.339238
llava15,0.480730
llava15,0.499995
llava15,0.499938
llava15,0.499369
llava15,0.499979
llava15,0.500000
llava15,0.496826
llava15,0.500003
llava15,0.497903
llava15,0.497634
llava15,0.498167
llava15,0.499998
llava15,0.467045
llava15,0.500000
llava15,0.499926
llava15,0.020125
llava15,0.488113
llava15,0.019543
llava15,0.267118
llava15,0.499999
llava15,0.499973
llava15,0.473990
llava15,0.499921
llava15,0.496067
llava15,0.497000
llava15,0.492999
llava15,0.481763
llava15,0.462315
llava15,0.478313
llava15,0.499976
llava15,0.500000
llava15,0.481478
llava15,0.499991
llava15,0.499999
llava15,0.374229
llava15,0.040605
llava15,0.315134
llava15,0.500000
llava15,0.498141
llava15,0.488346
llava15,0.500002
llava15,0.499997
llava15,0.499739
llava15,0.499400
llava15,0.499052
llava15,0.499998
llava15,0.499997
llava15,0.499192
llava15,0.500002
llava15,0.499999
llava15,0.499997
llava15,0.498786
llava15,0.499966
llava15,0.499795
llava15,0.499360
llava15,0.499938
llava15,0.498449
llava15,0.500001
llava15,0.500001
llava15,0.500000
llava15,0.499213
llava15,0.500000
llava15,0.499900
llava15,0.498890
llava15,0.500000
llava15,0.488422
llava15,0.489627
llava15,0.496130
llava15,0.499416
llava15,0.497820
llava15,0.499999
llava15,0.499782
llava15,0.498803
llava15,0.499916
llava15,0.468107
llava15,0.497836
llava15,0.479437
llava15,0.499970
llava15,0.499516
llava15,0.498660
llava15,0.499409
llava15,0.499981
llava15,0.499994
llava15,0.499449
llava15,0.499635
llava15,0.483492
llava15,0.499914
llava15,0.499999
llava15,0.500003
llava15,0.500000
llava15,0.499949
llava15,0.000000
llava15,0.499678
llava15,0.499214
llava15,0.499698
llava15,0.478184
llava15,0.499999
llava15,0.499999
llava15,0.409849
llava15,0.494923
llava15,0.499990
llava15,0.498541
llava15,0.499204
llava15,0.499999
llava15,0.495106
llava15,0.465733
llava15,0.499997
llava15,0.499947
llava15,0.499996
llava15,0.455726
llava15,0.499968
llava15,0.499996
llava15,0.499999
llava15,0.122728
llava15,0.016965
llava15,0.491625
llava15,0.499939
llava15,0.499854
llava15,0.499974
llava15,0.494694
llava15,0.499699
llava15,0.490224
llava15,0.496915
llava15,0.500000
llava15,0.498031
llava15,0.499969
llava15,0.498009
llava15,0.499382
llava15,0.499999
llava15,0.500000
llava15,0.500000
llava15,0.499975
llava15,0.436046
llava15,0.499059
llava15,0.486574
llava15,0.499947
llava15,0.499989
llava15,0.500001
llava15,0.092820
llava15,0.499879
llava15,0.498088
llava15,0.498885
llava15,0.489996
llava15,0.499972
llava15,0.500001
llava15,0.489734
llava15,0.500000
llava15,0.497457
llava15,0.500003
llava15,0.500000
llava15,0.133017
llava15,0.418659
llava15,0.499999
llava15,0.500001
llava15,0.479337
llava15,0.498832
llava15,0.500000
llava15,0.500000
llava15,0.499577
llava15,0.499315
llava15,0.499759
llava15,0.500001
llava15,0.499996
llava15,0.499618
llava15,0.499899
llava15,0.431055
llava15,0.499999
llava15,0.499994
llava15,0.499007
llava15,0.492457
llava15,0.499986
llava15,0.499998
llava15,0.498393
llava15,0.499869
llava15,0.372306
llava15,0.498972
llava15,0.485175
llava15,0.499998
llava15,0.499978
llava15,0.499995
llava15,0.286149
llava15,0.488384
llava15,0.000576
llava15,0.499843
llava15,0.499302
llava15,0.499399
llava15,0.495221
llava15,0.499999
llava15,0.488686
llava15,0.481587
llava15,0.499897
llava15,0.500000
llava15,0.499985
llava15,0.497589
llava15,0.262560
llava15,0.499817
llava15,0.400528
llava15,0.141025
llava15,0.417964
llava15,0.500001
llava15,0.499909
llava15,0.498920
llava15,0.499935
llava15,0.499860
llava15,0.499968
llava15,0.496513
llava15,0.499942
llava15,0.000000
llava15,0.499840
llava15,0.499159
llava15,0.500000
llava15,0.499988
llava15,0.499965
llava15,0.496006
llava15,0.366327
llava15,0.496274
llava15,0.499998
llava15,0.489634
llava15,0.499992
llava15,0.499997
llava15,0.418633
llava15,0.426811
llava15,0.499997
llava15,0.499761
llava15,0.496035
llava15,0.499960
llava15,0.500002
llava15,0.481854
llava15,0.447929
llava15,0.471278
llava15,0.499580
llava15,0.499996
llava15,0.499796
llava15,0.499897
llava15,0.499976
llava15,0.499953
llava15,0.496518
llava15,0.499831
llava15,0.491382
llava15,0.499993
llava15,0.499999
llava15,0.500000
llava15,0.499522
llava15,0.497094
llava15,0.426167
llava15,0.499931
llava15,0.448441
llava15,0.499906
llava15,0.500000
llava15,0.498993
llava15,0.500001
llava15,0.497611
llava15,0.492827
llava15,0.499999
llava15,0.499096
llava15,0.496840
llava15,0.500001
llava15,0.494114
llava15,0.500000
llava15,0.499998
llava15,0.499469
llava15,0.471956
llava15,0.500001
llava15,0.420994
llava15,0.499819
llava15,0.499834
llava15,0.483572
llava15,0.498338
llava15,0.500000
llava15,0.499999
llava15,0.499997
llava15,0.499990
llava15,0.499826
llava15,0.486546
llava15,0.497447
llava15,0.499997
llava15,0.500000
llava15,0.499729
llava15,0.496433
llava15,0.498088
llava15,0.499999
llava15,0.499978
llava15,0.498728
llava15,0.499975
llava15,0.445976
llava15,0.499979
llava15,0.499877
llava15,0.500000
llava15,0.492190
llava15,0.497232
llava15,0.499992
llava15,0.205477
llava15,0.364725
llava15,0.500001
llava15,0.495383
llava15,0.499985
llava15,0.497640
llava15,0.484641
llava15,0.239282
llava15,0.492730
llava15,0.499676
llava15,0.488931
llava15,0.498569
llava15,0.498616
llava15,0.500000
llava15,0.399224
llava15,0.499807
llava15,0.000000
llava15,0.000744
llava15,0.000000
llava15,0.000097
llava15,0.000000
llava15,0.483736
llava15,0.427020
llava15,0.499712
llava15,0.492014
llava15,0.499443
llava15,0.499963
llava15,0.499961
llava15,0.499938
llava15,0.499994
llava15,0.499997
llava15,0.497748
llava15,0.498904
llava15,0.499938
llava15,0.499334
llava15,0.499998
llava15,0.499999
llava15,0.499967
llava15,0.460151
llava15,0.499725
llava15,0.499985
llava15,0.465171
llava15,0.281084
llava15,0.499875
llava15,0.499958
llava15,0.492249
llava15,0.478080
llava15,0.499989
llava15,0.498942
llava15,0.491310
llava15,0.499807
llava15,0.499988
llava15,0.499878
llava15,0.499996
llava15,0.469119
llava15,0.499934
llava15,0.499285
llava15,0.500002
llava15,0.500000
llava15,0.500000
llava15,0.498402
llava15,0.499171
llava15,0.499180
llava15,0.500000
llava15,0.499808
llava15,0.500001
llava15,0.436166
llava15,0.499976
llava15,0.484777
llava15,0.499998
llava15,0.500001
llava15,0.499882
llava15,0.493899
llava15,0.490092
llava15,0.496579
llava15,0.489119
llava15,0.464174
llava15,0.496252
llava15,0.498771
llava15,0.500001
llava15,0.499477
llava15,0.499475
llava15,0.499837
llava15,0.484684
llava15,0.499996
llava15,0.499989
llava15,0.499710
llava15,0.487662
llava15,0.477787
llava15,0.495963
llava15,0.499990
llava15,0.493198
llava15,0.491570
llava15,0.499905
llava15,0.000090
llava15,0.479315
llava15,0.500000
llava15,0.499616
llava15,0.499379
llava15,0.489292
llava15,0.483275
llava15,0.499996
llava15,0.499907
llava15,0.499923
llava15,0.499923
llava15,0.499967
llava15,0.498611
llava15,0.499832
llava15,0.499966
llava15,0.498866
llava15,0.499989
llava15,0.500000
llava15,0.498307
llava15,0.499998
llava15,0.500004
llava15,0.499827
llava15,0.499696
llava15,0.499277
llava15,0.499999
llava15,0.499926
llava15,0.499965
llava15,0.498604
llava15,0.488243
llava15,0.150201
llava15,0.108166
llava15,0.000000
llava15,0.000744
llava15,0.000002
llava15,0.000000
llava15,0.499973
llava15,0.493131
llava15,0.480740
llava15,0.490550
llava15,0.498897
llava15,0.493322
llava15,0.499963
llava15,0.499993
llava15,0.499982
llava15,0.499993
llava15,0.499985
llava15,0.497262
llava15,0.499937
llava15,0.485453
llava15,0.496902
llava15,0.496206
llava15,0.497017
llava15,0.499957
llava15,0.499660
llava15,0.499206
llava15,0.500004
llava15,0.496934
llava15,0.499825
llava15,0.499988
llava15,0.495979
llava15,0.499543
llava15,0.499737
llava15,0.343982
llava15,0.366729
llava15,0.499997
llava15,0.495017
llava15,0.499994
llava15,0.500003
llava15,0.346518
llava15,0.499904
llava15,0.499964
llava15,0.499679
llava15,0.451632
llava15,0.499836
llava15,0.498967
llava15,0.498711
llava15,0.483648
llava15,0.494515
llava15,0.496069
llava15,0.499467
llava15,0.499991
llava15,0.442156
llava15,0.490333
llava15,0.497187
llava15,0.499997
llava15,0.499889
llava15,0.499838
llava15,0.398289
llava15,0.499894
llava15,0.480194
llava15,0.390293
llava15,0.499916
llava15,0.499979
llava15,0.499979
llava15,0.486206
llava15,0.499995
llava15,0.496829
llava15,0.491256
llava15,0.497899
llava15,0.495445
llava15,0.495399
llava15,0.404482
llava15,0.499907
llava15,0.499985
llava15,0.497510
llava15,0.499960
llava15,0.429224
llava15,0.499980
llava15,0.500000
llava15,0.498975
llava15,0.499921
llava15,0.499972
llava15,0.269283
llava15,0.480298
llava15,0.499017
llava15,0.436559
llava15,0.497293
llava15,0.499989
llava15,0.498459
llava15,0.499982
llava15,0.500002
llava15,0.491269
llava15,0.485733
llava15,0.498965
llava15,0.000894
llava15,0.496154
llava15,0.499990
llava15,0.499988
llava15,0.500002
llava15,0.481775
llava15,0.499954
llava15,0.000000
llava15,0.000000
llava15,0.000000
llava15,0.500000
llava15,0.499990
llava15,0.499956
llava15,0.499972
llava15,0.485080
llava15,0.499985
llava15,0.493860
llava15,0.493206
llava15,0.499624
llava15,0.499926
llava15,0.499999
llava15,0.499997
llava15,0.496744
llava15,0.452326
llava15,0.479837
llava15,0.499080
llava15,0.499995
llava15,0.500003
llava15,0.500000
llava15,0.482782
llava15,0.499968
llava15,0.498546
llava15,0.490050
llava15,0.499976
llava15,0.498701
llava15,0.500001
llava15,0.478052
llava15,0.500000
llava15,0.498916
llava15,0.499972
llava15,0.492971
llava15,0.471173
llava15,0.499997
llava15,0.498875
llava15,0.476672
llava15,0.496206
llava15,0.492334
llava15,0.487221
llava15,0.495396
llava15,0.451065
llava15,0.491894
llava15,0.499968
llava15,0.499990
llava15,0.499167
llava15,0.355678
llava15,0.474176
llava15,0.497004
llava15,0.265032
llava15,0.437418
llava15,0.499975
llava15,0.376627
llava15,0.498711
llava15,0.499999
llava15,0.499641
llava15,0.281202
llava15,0.499930
llava15,0.362694
llava15,0.499950
llava15,0.499917
llava15,0.489314
llava15,0.498767
llava15,0.499196
llava15,0.492679
llava15,0.479106
llava15,0.499610
llava15,0.490579
llava15,0.495972
llava15,0.499999
llava15,0.498434
llava15,0.499040
llava15,0.486935
llava15,0.498091
llava15,0.495541
llava15,0.499459
llava15,0.499347
llava15,0.499656
llava15,0.499965
llava15,0.500002
llava15,0.500000
llava15,0.491510
llava15,0.499925
llava15,0.496519
llava15,0.499954
llava15,0.498284
llava15,0.498577
llava15,0.499734
llava15,0.500000
llava15,0.498651
llava15,0.499923
llava15,0.499794
llava15,0.499657
llava15,0.499988
llava15,0.466404
llava15,0.499997
llava15,0.497752
llava15,0.489536
llava15,0.499982
llava15,0.491727
llava15,0.499991
llava15,0.499999
llava15,0.496345
llava15,0.492021
llava15,0.499992
llava15,0.499995
llava15,0.499947
llava15,0.499915
llava15,0.499041
llava15,0.499950
llava15,0.499974
llava15,0.499998
llava15,0.500000
llava15,0.498808
llava15,0.499880
llava15,0.000000
llava15,0.499750
llava15,0.000833
llava15,0.496969
llava15,0.021505
llava15,0.499950
llava15,0.499998
llava15,0.471575
llava15,0.499951
llava15,0.499998
llava15,0.494937
llava15,0.499900
llava15,0.499979
llava15,0.498127
llava15,0.499999
llava15,0.499994
llava15,0.485366
llava15,0.498759
llava15,0.499880
llava15,0.418967
llava15,0.499996
llava15,0.431375
llava15,0.499588
llava15,0.494786
llava15,0.473402
llava15,0.499998
llava15,0.499314
llava15,0.499418
llava15,0.497044
llava15,0.477220
llava15,0.497169
llava15,0.497546
llava15,0.229180
llava15,0.459703
llava15,0.422350
llava15,0.499950
llava15,0.213234
llava15,0.499671
llava15,0.499974
llava15,0.476999
llava15,0.499994
llava15,0.499951
llava15,0.439784
llava15,0.210492
llava15,0.328269
llava15,0.498754
llava15,0.495358
llava15,0.499997
llava15,0.499582
llava15,0.498986
llava15,0.372308
llava15,0.369409
llava15,0.499763
llava15,0.491111
llava15,0.499998
llava15,0.312004
llava15,0.495196
llava15,0.499551
llava15,0.491051
llava15,0.496728
llava15,0.499985
llava15,0.499998
llava15,0.500000
llava15,0.499301
llava15,0.499938
llava15,0.498709
llava15,0.499997
llava15,0.499962
llava15,0.473722
llava15,0.446702
llava15,0.459620
llava15,0.492553
llava15,0.265043
llava15,0.138187
llava15,0.486228
llava15,0.499203
llava15,0.498070
llava15,0.499995
llava15,0.461862
llava15,0.498855
llava15,0.479909
llava15,0.483172
llava15,0.500000
llava15,0.499996
llava15,0.495811
llava15,0.499950
llava15,0.499939
llava15,0.493359
llava15,0.497064
llava15,0.499028
llava15,0.499982
llava15,0.499983
llava15,0.496197
llava15,0.488723
llava15,0.436366
llava15,0.022463
llava15,0.499627
llava15,0.499999
llava15,0.498183
llava15,0.496241
llava15,0.499998
llava15,0.499999
llava15,0.495873
llava15,0.448414
llava15,0.498444
llava15,0.499994
llava15,0.500000
llava15,0.496107
llava15,0.500000
llava15,0.500000
llava15,0.499718
llava15,0.446251
llava15,0.499956
llava15,0.491956
llava15,0.499989
llava15,0.499995
llava15,0.492411
llava15,0.498692
llava15,0.499434
llava15,0.499044
llava15,0.499962
llava15,0.000000
llava15,0.499841
llava15,0.499031
llava15,0.499686
llava15,0.496588
llava15,0.497479
llava15,0.499986
llava15,0.499995
llava15,0.498041
llava15,0.486671
llava15,0.482744
llava15,0.499172
llava15,0.499972
llava15,0.341184
llava15,0.500002
llava15,0.497396
llava15,0.500000
llava15,0.499998
llava15,0.500002
llava15,0.498704
llava15,0.493669
llava15,0.499994
llava15,0.499977
llava15,0.484571
llava15,0.497585
llava15,0.500001
llava15,0.498528
llava15,0.499999
llava15,0.489908
llava15,0.499943
llava15,0.477356
llava15,0.499863
llava15,0.499999
llava15,0.495407
llava15,0.487206
llava15,0.261308
llava15,0.281332
llava15,0.472659
llava15,0.499530
llava15,0.498669
llava15,0.499850
llava15,0.499311
llava15,0.499590
llava15,0.498898
llava15,0.499548
llava15,0.499998
llava15,0.320975
llava15,0.499799
llava15,0.490720
llava15,0.499781
llava15,0.500000
llava15,0.500000
llava15,0.499914
llava15,0.499899
llava15,0.482143
llava15,0.488173
llava15,0.499982
llava15,0.499998
llava15,0.498974
llava15,0.499997
llava15,0.485027
llava15,0.500001
llava15,0.499046
llava15,0.499995
llava15,0.499994
llava15,0.454240
llava15,0.499997
llava15,0.499570
llava15,0.499923
llava15,0.497178
llava15,0.482455
llava15,0.499798
llava15,0.496129
llava15,0.499869
llava15,0.499619
llava15,0.430278
llava15,0.249776
llava15,0.495705
llava15,0.454706
llava15,0.465125
llava15,0.499931
llava15,0.499976
llava15,0.497627
llava15,0.499997
llava15,0.498072
llava15,0.500002
llava15,0.496444
llava15,0.499905
llava15,0.499987
llava15,0.500001
llava15,0.490714
llava15,0.407745
llava15,0.495378
llava15,0.499428
llava15,0.499985
llava15,0.494920
llava15,0.499999
llava15,0.499997
llava15,0.499677
llava15,0.499561
llava15,0.494237
llava15,0.496864
llava15,0.499896
llava15,0.500000
llava15,0.499860
llava15,0.499998
llava15,0.499999
llava15,0.499999
llava15,0.499975
llava15,0.000000
llava15,0.000000
llava15,0.000000
llava15,0.500000
llava15,0.499995
llava15,0.500001
llava15,0.467376
llava15,0.003869
llava15,0.499973
llava15,0.342912
llava15,0.464963
llava15,0.499161
llava15,0.500000
llava15,0.498243
llava15,0.431640
llava15,0.499999
llava15,0.333632
llava15,0.499526
llava15,0.499998
llava15,0.497302
llava15,0.499955
llava15,0.107029
llava15,0.499994
llava15,0.499892
llava15,0.493414
llava15,0.499999
llava15,0.480473
llava15,0.497775
llava15,0.484199
llava15,0.495389
llava15,0.499985
llava15,0.500001
llava15,0.499998
llava15,0.492842
llava15,0.493217
llava15,0.500000
llava15,0.493270
llava15,0.499999
llava15,0.500000
llava15,0.497987
llava15,0.498125
llava15,0.416924
llava15,0.499943
llava15,0.494266
llava15,0.499998
llava15,0.499992
llava15,0.483483
llava15,0.495615
llava15,0.500000
llava15,0.500001
llava15,0.499989
llava15,0.499975
llava15,0.499264
llava15,0.497746
llava15,0.499932
llava15,0.499264
llava15,0.499997
llava15,0.494164
llava15,0.499804
llava15,0.392256
llava15,0.499748
llava15,0.382612
llava15,0.497918
llava15,0.499657
llava15,0.493121
llava15,0.499922
llava15,0.500001
llava15,0.283674
llava15,0.499974
llava15,0.484961
llava15,0.500002
llava15,0.151961
llava15,0.477098
llava15,0.500000
llava15,0.499996
llava15,0.385884
llava15,0.098638
llava15,0.498919
llava15,0.498412
llava15,0.496995
llava15,0.499985
llava15,0.499997
llava15,0.496064
llava15,0.499085
llava15,0.483925
llava15,0.499984
llava15,0.247032
llava15,0.488624
llava15,0.491512
llava15,0.496730
llava15,0.499999
llava15,0.499999
llava15,0.494219
llava15,0.500001
llava15,0.499589
llava15,0.500000
llava15,0.497643
llava15,0.498639
llava15,0.500001
llava15,0.498207
llava15,0.499580
llava15,0.499987
llava15,0.499998
llava15,0.499862
llava15,0.497754
llava15,0.499979
llava15,0.499999
llava15,0.500001
llava15,0.428046
llava15,0.072586
llava15,0.002014
llava15,0.000000
llava15,0.000000
llava15,0.499787
llava15,0.498146
llava15,0.486027
llava15,0.499957
llava15,0.499992
llava15,0.499910
llava15,0.461433
llava15,0.489608
llava15,0.492896
llava15,0.499853
llava15,0.479861
llava15,0.500001
llava15,0.169840
llava15,0.494303
llava15,0.483827
llava15,0.496907
llava15,0.499981
llava15,0.498351
llava15,0.500002
llava15,0.498724
llava15,0.499781
llava15,0.500000
llava15,0.496423
llava15,0.499867
llava15,0.499379
llava15,0.489717
llava15,0.496306
llava15,0.480720
llava15,0.498269
llava15,0.178542
llava15,0.496956
llava15,0.498774
llava15,0.500000
llava15,0.496587
llava15,0.439036
llava15,0.499996
llava15,0.499989
llava15,0.493888
llava15,0.497615
llava15,0.499897
llava15,0.495093
llava15,0.499678
llava15,0.499299
llava15,0.468852
llava15,0.491354
llava15,0.499995
llava15,0.492990
llava15,0.491431
llava15,0.494721
llava15,0.499973
llava15,0.222218
llava15,0.367981
llava15,0.439043
llava15,0.493705
llava15,0.498682
llava15,0.495413
llava15,0.500000
llava15,0.498064
llava15,0.002096
llava15,0.479857
llava15,0.499999
llava15,0.499998
llava15,0.499912
llava15,0.488418
llava15,0.499996
llava15,0.491184
llava15,0.499997
llava15,0.499951
llava15,0.488935
llava15,0.474825
llava15,0.499992
llava15,0.499970
llava15,0.252252
llava15,0.189554
llava15,0.420633
llava15,0.499995
llava15,0.496959
llava15,0.499996
llava15,0.487553
llava15,0.498436
llava15,0.499997
llava15,0.494100
llava15,0.498005
llava15,0.497535
llava15,0.499999
llava15,0.499992
llava15,0.498944
llava15,0.462312
llava15,0.499997
llava15,0.500000
llava15,0.499261
llava15,0.498087
llava15,0.499999
llava15,0.000000
llava15,0.000263
llava15,0.000000
llava15,0.000149
llava15,0.014624
llava15,0.008109
llava15,0.499522
llava15,0.500003
llava15,0.418806
llava15,0.214121
llava15,0.152078
llava15,0.499009
llava15,0.499997
llava15,0.499999
llava15,0.494827
llava15,0.499994
llava15,0.500000
llava15,0.499989
llava15,0.495010
llava15,0.499993
llava15,0.475682
llava15,0.497924
llava15,0.499737
llava15,0.499309
llava15,0.499605
llava15,0.499994
llava15,0.499209
llava15,0.499991
llava15,0.499964
llava15,0.499920
llava15,0.464239
llava15,0.483589
llava15,0.004287
llava15,0.432812
llava15,0.499997
llava15,0.494099
llava15,0.499988
llava15,0.492450
llava15,0.497295
llava15,0.497839
llava15,0.500000
llava15,0.498667
llava15,0.454387
llava15,0.492218
llava15,0.496942
llava15,0.499984
llava15,0.499663
llava15,0.500000
llava15,0.499994
llava15,0.498467
llava15,0.474456
llava15,0.499677
llava15,0.499908
llava15,0.360210
llava15,0.499971
llava15,0.499977
llava15,0.498900
llava15,0.499978
llava15,0.499142
llava15,0.445127
llava15,0.478847
llava15,0.461984
llava15,0.475723
llava15,0.499980
llava15,0.499939
llava15,0.499864
llava15,0.499331
llava15,0.476859
llava15,0.499990
llava15,0.499999
llava15,0.499435
llava15,0.499996
llava15,0.488268
llava15,0.499916
llava15,0.499977
llava15,0.000000
llava15,0.000263
llava15,0.000000
llava15,0.000042
llava15,0.042166
llava15,0.493194
llava15,0.499607
llava15,0.217890
llava15,0.000262
llava15,0.000255
llava15,0.002706
llava15,0.486010
llava15,0.499670
llava15,0.429782
llava15,0.485747
llava15,0.417689
llava15,0.495779
llava15,0.499928
llava15,0.481267
llava15,0.496257
llava15,0.497113
llava15,0.499664
llava15,0.492852
llava15,0.499990
llava15,0.495397
llava15,0.499869
llava15,0.499980
llava15,0.454660
llava15,0.483241
llava15,0.499994
llava15,0.500000
llava15,0.465313
llava15,0.335678
llava15,0.284627
llava15,0.499891
llava15,0.499965
llava15,0.474537
llava15,0.499938
llava15,0.499992
llava15,0.499907
llava15,0.485683
llava15,0.499978
llava15,0.141212
llava15,0.467038
llava15,0.493158
llava15,0.499960
llava15,0.491976
llava15,0.499927
llava15,0.497209
llava15,0.499802
llava15,0.499987
llava15,0.499983
llava15,0.499205
llava15,0.500004
llava15,0.464878
llava15,0.495246
llava15,0.499987
llava15,0.454656
llava15,0.434460
llava15,0.499583
llava15,0.499955
llava15,0.499701
llava15,0.335702
llava15,0.484350
llava15,0.499993
llava15,0.477784
llava15,0.461241
llava15,0.499921
llava15,0.488667
llava15,0.499864
llava15,0.051318
llava15,0.436773
llava15,0.499935
llava15,0.499975
llava15,0.488411
llava15,0.499992
llava15,0.499982
llava15,0.462564
llava15,0.496107
llava15,0.489709
llava15,0.499921
llava15,0.322953
llava15,0.450084
llava15,0.499999
llava15,0.419282
llava15,0.499903
llava15,0.493044
llava15,0.499943
llava15,0.499362
llava15,0.499986
llava15,0.000000
llava15,0.000263
llava15,0.000000
llava15,0.000012
llava15,0.034164
llava15,0.000002
llava15,0.000000
llava15,0.001179
llava15,0.000633
llava15,0.000001
llava15,0.003063
llava15,0.489292
llava15,0.500001
llava15,0.439641
llava15,0.489523
llava15,0.499997
llava15,0.499107
llava15,0.499264
llava15,0.143590
llava15,0.430110
llava15,0.492512
llava15,0.496691
llava15,0.491650
llava15,0.495303
llava15,0.498340
llava15,0.498388
llava15,0.499969
llava15,0.493917
llava15,0.499908
llava15,0.499977
llava15,0.499992
llava15,0.499910
llava15,0.469115
llava15,0.499957
llava15,0.499997
llava15,0.497514
llava15,0.499373
llava15,0.497829
llava15,0.499999
llava15,0.491789
llava15,0.499622
llava15,0.456544
llava15,0.499990
llava15,0.488923
llava15,0.499152
llava15,0.496587
llava15,0.499957
llava15,0.497871
llava15,0.499992
llava15,0.499392
llava15,0.499830
llava15,0.499975
llava15,0.499972
llava15,0.499926
llava15,0.499639
llava15,0.500003
llava15,0.499366
llava15,0.497061
llava15,0.499334
llava15,0.499750
llava15,0.498506
llava15,0.499463
llava15,0.499980
llava15,0.490918
llava15,0.491444
llava15,0.499862
llava15,0.499997
llava15,0.499981
llava15,0.479073
llava15,0.499556
llava15,0.499551
llava15,0.495250
llava15,0.494020
llava15,0.498721
llava15,0.493517
llava15,0.499998
llava15,0.495339
llava15,0.496269
llava15,0.499983
llava15,0.499995
llava15,0.499882
llava15,0.488436
llava15,0.499989
llava15,0.499646
llava15,0.499892
llava15,0.499982
llava15,0.499960
llava15,0.499792
llava15,0.499511
llava15,0.499979
llava15,0.499749
llava15,0.492960
llava15,0.498459
llava15,0.000000
llava15,0.000263
llava15,0.000000
llava15,0.022869
llava15,0.200202
llava15,0.270425
llava15,0.499705
llava15,0.499157
llava15,0.499617
llava15,0.499990
llava15,0.499990
llava15,0.499130
llava15,0.499557
llava15,0.500000
llava15,0.499959
llava15,0.460106
llava15,0.467203
llava15,0.495413
llava15,0.497097
llava15,0.496446
llava15,0.487985
llava15,0.499999
llava15,0.499999
llava15,0.498811
llava15,0.022839
llava15,0.001846
llava15,0.445258
llava15,0.495003
llava15,0.499993
llava15,0.491055
llava15,0.482042
llava15,0.499936
llava15,0.499909
llava15,0.488499
llava15,0.000082
llava15,0.490677
llava15,0.499807
llava15,0.453119
llava15,0.499993
llava15,0.418406
llava15,0.499998
llava15,0.493171
llava15,0.499987
llava15,0.496298
llava15,0.499031
llava15,0.499867
llava15,0.497481
llava15,0.497787
llava15,0.246874
llava15,0.195797
llava15,0.437264
llava15,0.499982
llava15,0.445579
llava15,0.499912
llava15,0.497326
llava15,0.402141
llava15,0.204788
llava15,0.000000
llava15,0.000834
llava15,0.312986
llava15,0.415229
llava15,0.500001
llava15,0.496893
llava15,0.500000
llava15,0.499266
llava15,0.499995
llava15,0.499012
llava15,0.420806
llava15,0.498996
llava15,0.485440
llava15,0.497570
llava15,0.401702
llava15,0.499960
llava15,0.496114
llava15,0.499997
llava15,0.500000
llava15,0.499284
llava15,0.473670
llava15,0.497526
llava15,0.496619
llava15,0.497247
llava15,0.499650
llava15,0.500000
llava15,0.499891
llava15,0.499989
llava15,0.499996
llava15,0.500000
llava15,0.499834
llava15,0.499956
llava15,0.497077
llava15,0.499877
llava15,0.499995
llava15,0.499971
llava15,0.480854
llava15,0.481002
llava15,0.499998
llava15,0.497458
llava15,0.487351
llava15,0.496791
llava15,0.447823
llava15,0.499394
llava15,0.499946
llava15,0.499820
llava15,0.500000
llava15,0.465256
llava15,0.497922
llava15,0.499803
llava15,0.493394
llava15,0.499805
llava15,0.483565
llava15,0.499992
llava15,0.496272
llava15,0.499576
llava15,0.498293
llava15,0.496335
llava15,0.499968
llava15,0.493559
llava15,0.499637
llava15,0.490238
llava15,0.499970
llava15,0.000000
llava15,0.499913
llava15,0.499301
llava15,0.499981
llava15,0.289780
llava15,0.499973
llava15,0.499049
llava15,0.499985
llava15,0.490501
llava15,0.499989
llava15,0.499169
llava15,0.499805
llava15,0.499013
llava15,0.496505
llava15,0.499893
llava15,0.499829
llava15,0.492529
llava15,0.375418
llava15,0.499816
llava15,0.203624
llava15,0.451350
llava15,0.487895
llava15,0.486919
llava15,0.490356
llava15,0.471092
llava15,0.478483
llava15,0.489234
llava15,0.499986
llava15,0.499986
llava15,0.499988
llava15,0.499985
llava15,0.499618
llava15,0.499995
llava15,0.307882
llava15,0.495906
llava15,0.499192
llava15,0.451523
llava15,0.487805
llava15,0.494909
llava15,0.497590
llava15,0.499761
llava15,0.499268
llava15,0.499976
llava15,0.499974
llava15,0.499992
llava15,0.494278
llava15,0.499184
llava15,0.499250
llava15,0.499822
llava15,0.499631
llava15,0.499997
llava15,0.499579
llava15,0.479617
llava15,0.499992
llava15,0.474463
llava15,0.473990
llava15,0.499516
llava15,0.482869
llava15,0.490212
llava15,0.499824
llava15,0.496979
llava15,0.496270
llava15,0.499958
llava15,0.499241
llava15,0.497110
llava15,0.499975
llava15,0.499408
llava15,0.495196
llava15,0.499964
llava15,0.494011
llava15,0.499693
llava15,0.499899
llava15,0.499973
llava15,0.500001
llava15,0.500000
llava15,0.499996
llava15,0.499234
llava15,0.493750
llava15,0.499931
llava15,0.434593
llava15,0.491927
llava15,0.499994
llava15,0.496377
llava15,0.499994
llava15,0.484192
llava15,0.497920
llava15,0.499999
llava15,0.499973
llava15,0.499988
llava15,0.499534
llava15,0.000000
llava15,0.000035
llava15,0.000000
llava15,0.000000
llava15,0.480499
llava15,0.499920
llava15,0.200322
llava15,0.000000
llava15,0.184658
llava15,0.006638
llava15,0.000000
llava15,0.000155
llava15,0.000011
llava15,0.499901
llava15,0.485844
llava15,0.499999
llava15,0.499834
llava15,0.396000
llava15,0.495747
llava15,0.500000
llava15,0.497762
llava15,0.144500
llava15,0.472147
llava15,0.499953
llava15,0.499218
llava15,0.499942
llava15,0.499811
llava15,0.453007
llava15,0.484759
llava15,0.498259
llava15,0.478222
llava15,0.499998
llava15,0.487925
llava15,0.499988
llava15,0.499992
llava15,0.499960
llava15,0.499984
llava15,0.499992
llava15,0.470475
llava15,0.387972
llava15,0.499653
llava15,0.499630
llava15,0.484825
llava15,0.491341
llava15,0.498515
llava15,0.476272
llava15,0.402677
llava15,0.499958
llava15,0.499719
llava15,0.499620
llava15,0.499984
llava15,0.499993
llava15,0.494094
llava15,0.499942
llava15,0.470092
llava15,0.499974
llava15,0.499984
llava15,0.500001
llava15,0.499997
llava15,0.497600
llava15,0.494180
llava15,0.496716
llava15,0.499505
llava15,0.483324
llava15,0.499928
llava15,0.499436
llava15,0.492455
llava15,0.492887
llava15,0.499968
llava15,0.495409
llava15,0.499991
llava15,0.499998
llava15,0.499971
llava15,0.498228
llava15,0.499853
llava15,0.499651
llava15,0.500000
llava15,0.499834
llava15,0.499266
llava15,0.499622
llava15,0.499171
llava15,0.499989
llava15,0.150100
llava15,0.496698
llava15,0.500005
llava15,0.497538
llava15,0.495523
llava15,0.499845
llava15,0.499999
llava15,0.498517
llava15,0.500000
llava15,0.499658
llava15,0.259316
llava15,0.498810
llava15,0.495211
llava15,0.499689
llava15,0.499690
llava15,0.494728
llava15,0.499989
llava15,0.499825
llava15,0.499848
llava15,0.499598
llava15,0.498192
llava15,0.499994
llava15,0.499984
llava15,0.490704
llava15,0.499984
llava15,0.498913
llava15,0.499998
llava15,0.000000
llava15,0.000035
llava15,0.499945
llava15,0.499654
llava15,0.496799
llava15,0.389107
llava15,0.499995
llava15,0.499984
llava15,0.487498
llava15,0.499545
llava15,0.499137
llava15,0.483976
llava15,0.491808
llava15,0.499624
llava15,0.498784
llava15,0.499967
llava15,0.499988
llava15,0.499999
llava15,0.497666
llava15,0.499979
llava15,0.498410
llava15,0.499971
llava15,0.496457
llava15,0.497161
llava15,0.499896
llava15,0.322218
llava15,0.499972
llava15,0.500000
llava15,0.438660
llava15,0.499972
llava15,0.498899
llava15,0.496220
llava15,0.498868
llava15,0.496728
llava15,0.492198
llava15,0.495651
llava15,0.440659
llava15,0.499890
llava15,0.499936
llava15,0.499963
llava15,0.499993
llava15,0.499973
llava15,0.499990
llava15,0.457410
llava15,0.498726
llava15,0.499922
llava15,0.500000
llava15,0.499999
llava15,0.489353
llava15,0.499088
llava15,0.490915
llava15,0.500000
llava15,0.497473
llava15,0.383160
llava15,0.499969
llava15,0.499925
llava15,0.484751
llava15,0.499260
llava15,0.499515
llava15,0.494549
llava15,0.497966
llava15,0.218004
llava15,0.489532
llava15,0.499999
llava15,0.499937
llava15,0.499712
llava15,0.500000
llava15,0.499978
llava15,0.332061
llava15,0.497226
llava15,0.497668
llava15,0.499902
llava15,0.499991
llava15,0.495004
llava15,0.498862
llava15,0.338996
llava15,0.491805
llava15,0.499999
llava15,0.499493
llava15,0.494829
llava15,0.497200
llava15,0.485901
llava15,0.499934
llava15,0.000000
llava15,0.000035
llava15,0.499952
llava15,0.499554
llava15,0.497210
llava15,0.458344
llava15,0.499034
llava15,0.499998
llava15,0.488173
llava15,0.499317
llava15,0.500001
llava15,0.487730
llava15,0.499996
llava15,0.429039
llava15,0.499998
llava15,0.499507
llava15,0.291586
llava15,0.497956
llava15,0.499721
llava15,0.488308
llava15,0.499945
llava15,0.466696
llava15,0.499529
llava15,0.474198
llava15,0.499992
llava15,0.500001
llava15,0.499986
llava15,0.500001
llava15,0.467877
llava15,0.499804
llava15,0.499959
llava15,0.372405
llava15,0.498447
llava15,0.496266
llava15,0.499373
llava15,0.499050
llava15,0.497761
llava15,0.430671
llava15,0.482601
llava15,0.481034
llava15,0.499648
llava15,0.497582
llava15,0.499080
llava15,0.499880
llava15,0.499790
llava15,0.496929
llava15,0.499988
llava15,0.499456
llava15,0.499804
llava15,0.497399
llava15,0.499988
llava15,0.499997
llava15,0.344828
llava15,0.489269
llava15,0.499956
llava15,0.499951
llava15,0.489916
llava15,0.499866
llava15,0.499302
llava15,0.499999
llava15,0.493546
llava15,0.478124
llava15,0.499414
llava15,0.461984
llava15,0.499997
llava15,0.499676
llava15,0.498873
llava15,0.499993
llava15,0.474955
llava15,0.496818
llava15,0.499981
llava15,0.499096
llava15,0.483768
llava15,0.495344
llava15,0.456511
llava15,0.499948
llava15,0.495175
llava15,0.498659
llava15,0.497739
llava15,0.479935
llava15,0.499995
llava15,0.499970
llava15,0.000000
llava15,0.499843
llava15,0.499311
llava15,0.499809
llava15,0.497688
llava15,0.499976
llava15,0.498297
llava15,0.498229
llava15,0.498332
llava15,0.499990
llava15,0.473371
llava15,0.499979
llava15,0.499998
llava15,0.498781
llava15,0.491102
llava15,0.499731
llava15,0.489048
llava15,0.498447
llava15,0.498910
llava15,0.471641
llava15,0.464253
llava15,0.481992
llava15,0.499981
llava15,0.492249
llava15,0.439831
llava15,0.499898
llava15,0.499998
llava15,0.483048
llava15,0.499855
llava15,0.499635
llava15,0.492196
llava15,0.491519
llava15,0.497325
llava15,0.498355
llava15,0.499247
llava15,0.499499
llava15,0.499998
llava15,0.499132
llava15,0.499786
llava15,0.499228
llava15,0.485455
llava15,0.497111
llava15,0.498584
llava15,0.499997
llava15,0.499961
llava15,0.452904
llava15,0.499987
llava15,0.464548
llava15,0.263871
llava15,0.370966
llava15,0.499277
llava15,0.448780
llava15,0.434098
llava15,0.483134
llava15,0.499338
llava15,0.430851
llava15,0.499901
llava15,0.476420
llava15,0.498826
llava15,0.479639
llava15,0.496908
llava15,0.491057
llava15,0.417540
llava15,0.499817
llava15,0.495878
llava15,0.500001
llava15,0.499993
llava15,0.491704
llava15,0.499989
llava15,0.498398
llava15,0.499494
llava15,0.488596
llava15,0.499465
llava15,0.499971
llava15,0.494448
llava15,0.496951
llava15,0.499929
llava15,0.488428
llava15,0.498204
llava15,0.499403
llava15,0.477779
llava15,0.499992
llava15,0.399437
llava15,0.498812
llava15,0.498065
llava15,0.496947
llava15,0.499094
llava15,0.499850
llava15,0.489637
llava15,0.499999
llava15,0.492044
llava15,0.499965
llava15,0.499717
llava15,0.499908
llava15,0.499937
llava15,0.000000
llava15,0.499843
llava15,0.499568
llava15,0.499623
llava15,0.499324
llava15,0.499993
llava15,0.450926
llava15,0.499924
llava15,0.499994
llava15,0.499959
llava15,0.499949
llava15,0.499998
llava15,0.499142
llava15,0.499998
llava15,0.499973
llava15,0.499800
llava15,0.499652
llava15,0.479391
llava15,0.499828
llava15,0.489517
llava15,0.403925
llava15,0.497057
llava15,0.499520
llava15,0.476766
llava15,0.499992
llava15,0.499998
llava15,0.496936
llava15,0.499832
llava15,0.497305
llava15,0.499987
llava15,0.490221
llava15,0.448810
llava15,0.483682
llava15,0.497774
llava15,0.499594
llava15,0.499365
llava15,0.499977
llava15,0.499758
llava15,0.499353
llava15,0.499706
llava15,0.480131
llava15,0.499848
llava15,0.499999
llava15,0.499986
llava15,0.493091
llava15,0.492551
llava15,0.499194
llava15,0.499285
llava15,0.489780
llava15,0.479257
llava15,0.499985
llava15,0.457293
llava15,0.499954
llava15,0.425417
llava15,0.496859
llava15,0.487563
llava15,0.497107
llava15,0.496719
llava15,0.496143
llava15,0.499981
llava15,0.490725
llava15,0.500000
llava15,0.498411
llava15,0.499753
llava15,0.499989
llava15,0.499871
llava15,0.498840
llava15,0.499462
llava15,0.499981
llava15,0.499940
llava15,0.489522
llava15,0.496306
llava15,0.498611
llava15,0.499919
llava15,0.499916
llava15,0.499994
llava15,0.499583
llava15,0.499989
llava15,0.453312
llava15,0.499304
llava15,0.499997
llava15,0.498828
llava15,0.498757
llava15,0.499999
llava15,0.499433
llava15,0.499969
llava15,0.499401
llava15,0.000000
llava15,0.000000
llava15,0.499912
llava15,0.499164
llava15,0.496052
llava15,0.492003
llava15,0.482409
llava15,0.499967
llava15,0.401291
llava15,0.499985
llava15,0.499986
llava15,0.499973
llava15,0.500000
llava15,0.484670
llava15,0.385433
llava15,0.499993
llava15,0.499862
llava15,0.490371
llava15,0.499999
llava15,0.499998
llava15,0.499999
llava15,0.168709
llava15,0.495304
llava15,0.500001
llava15,0.496384
llava15,0.498784
llava15,0.492604
llava15,0.488963
llava15,0.498478
llava15,0.499985
llava15,0.499994
llava15,0.389272
llava15,0.499988
llava15,0.401608
llava15,0.495147
llava15,0.500003
llava15,0.499999
llava15,0.499998
llava15,0.492624
llava15,0.499818
llava15,0.499602
llava15,0.491178
llava15,0.499948
llava15,0.478203
llava15,0.499946
llava15,0.499645
llava15,0.497867
llava15,0.499999
llava15,0.499918
llava15,0.499996
llava15,0.500001
llava15,0.487446
llava15,0.457926
llava15,0.495598
llava15,0.499987
llava15,0.492477
llava15,0.414983
llava15,0.498882
llava15,0.499889
llava15,0.489225
llava15,0.499961
llava15,0.497654
llava15,0.478996
llava15,0.499986
llava15,0.499539
llava15,0.499519
llava15,0.499962
llava15,0.499826
llava15,0.500001
llava15,0.499913
llava15,0.499998
llava15,0.496646
llava15,0.492813
llava15,0.499982
llava15,0.499671
llava15,0.482556
llava15,0.499792
llava15,0.499951
llava15,0.499778
llava15,0.207457
llava15,0.499754
llava15,0.496110
llava15,0.478685
llava15,0.490773
llava15,0.499998
llava15,0.498281
llava15,0.499489
llava15,0.499988
llava15,0.497412
llava15,0.499951
llava15,0.188892
llava15,0.499577
llava15,0.499166
llava15,0.498513
llava15,0.499645
llava15,0.498459
llava15,0.499955
llava15,0.499994
llava15,0.499253
llava15,0.499643
llava15,0.499973
llava15,0.000000
llava15,0.000000
llava15,0.000000
llava15,0.000000
llava15,0.000000
llava15,0.457940
llava15,0.499981
llava15,0.498449
llava15,0.499736
llava15,0.497047
llava15,0.499984
llava15,0.500000
llava15,0.499973
llava15,0.494631
llava15,0.499986
llava15,0.499999
llava15,0.499914
llava15,0.498667
llava15,0.493252
llava15,0.499996
llava15,0.499999
llava15,0.500000
llava15,0.499402
llava15,0.498996
llava15,0.499980
llava15,0.499909
llava15,0.499998
llava15,0.499949
llava15,0.488890
llava15,0.499999
llava15,0.500000
llava15,0.497211
llava15,0.499989
llava15,0.500002
llava15,0.494227
llava15,0.499989
llava15,0.499999
llava15,0.499881
llava15,0.455912
llava15,0.497722
llava15,0.499997
llava15,0.500001
llava15,0.488047
llava15,0.499997
llava15,0.495341
llava15,0.499586
llava15,0.499995
llava15,0.499898
llava15,0.500001
llava15,0.483680
llava15,0.499995
llava15,0.485013
llava15,0.497964
llava15,0.379853
llava15,0.498346
llava15,0.499943
llava15,0.472208
llava15,0.499948
llava15,0.499990
llava15,0.499825
llava15,0.487613
llava15,0.500000
llava15,0.498120
llava15,0.470721
llava15,0.489868
llava15,0.499969
llava15,0.424038
llava15,0.499966
llava15,0.493643
llava15,0.087525
llava15,0.481702
llava15,0.499213
llava15,0.499745
llava15,0.499987
llava15,0.469979
llava15,0.499161
llava15,0.477922
llava15,0.500000
llava15,0.499789
llava15,0.497353
llava15,0.496830
llava15,0.488952
llava15,0.492663
llava15,0.475900
llava15,0.499125
llava15,0.499760
llava15,0.499912
llava15,0.499915
llava15,0.499952
llava15,0.455486
llava15,0.499402
llava15,0.497797
llava15,0.499990
llava15,0.499875
llava15,0.499751
llava15,0.499999
llava15,0.499998
llava15,0.500000
llava15,0.500000
llava15,0.499981
llava15,0.000000
llava15,0.000000
llava15,0.499860
llava15,0.499380
llava15,0.493808
llava15,0.357183
llava15,0.499968
llava15,0.499994
llava15,0.499777
llava15,0.499994
llava15,0.447859
llava15,0.489199
llava15,0.499985
llava15,0.024922
llava15,0.283608
llava15,0.499997
llava15,0.052993
llava15,0.487650
llava15,0.499992
llava15,0.499997
llava15,0.499966
llava15,0.426414
llava15,0.499998
llava15,0.499999
llava15,0.496971
llava15,0.497093
llava15,0.311980
llava15,0.340243
llava15,0.095243
llava15,0.499998
llava15,0.447556
llava15,0.472629
llava15,0.499819
llava15,0.499999
llava15,0.499481
llava15,0.495842
llava15,0.433652
llava15,0.499980
llava15,0.480520
llava15,0.497337
llava15,0.499883
llava15,0.499988
llava15,0.488679
llava15,0.499987
llava15,0.499984
llava15,0.481662
llava15,0.389678
llava15,0.499971
llava15,0.499999
llava15,0.498619
llava15,0.498658
llava15,0.472790
llava15,0.494421
llava15,0.491903
llava15,0.500000
llava15,0.499994
llava15,0.499846
llava15,0.499995
llava15,0.499981
llava15,0.499998
llava15,0.457086
llava15,0.326999
llava15,0.499984
llava15,0.499969
llava15,0.384581
llava15,0.499906
llava15,0.499473
llava15,0.499926
llava15,0.283768
llava15,0.499996
llava15,0.497100
llava15,0.405359
llava15,0.499984
llava15,0.300291
llava15,0.463291
llava15,0.450465
llava15,0.499998
llava15,0.500004
llava15,0.477003
llava15,0.499650
llava15,0.499957
llava15,0.499999
llava15,0.491713
llava15,0.495381
llava15,0.496954
llava15,0.495148
llava15,0.500000
llava15,0.499842
llava15,0.499448
llava15,0.498439
llava15,0.476523
llava15,0.499974
llava15,0.499998
llava15,0.499731
llava15,0.494272
llava15,0.499999
llava15,0.500000
llava15,0.499986
llava15,0.157763
llava15,0.090172
llava15,0.002242
llava15,0.499960
llava15,0.499969
llava15,0.500000
llava15,0.499017
llava15,0.447633
llava15,0.499608
llava15,0.499455
llava15,0.500000
llava15,0.000000
llava15,0.499806
llava15,0.103988
llava15,0.494362
llava15,0.500001
llava15,0.499995
llava15,0.499812
llava15,0.494081
llava15,0.494685
llava15,0.499982
llava15,0.500000
llava15,0.496369
llava15,0.379715
llava15,0.499996
llava15,0.499990
llava15,0.500000
llava15,0.495597
llava15,0.498663
llava15,0.499994
llava15,0.499989
llava15,0.384570
llava15,0.499552
llava15,0.400200
llava15,0.489389
llava15,0.492329
llava15,0.499892
llava15,0.495856
llava15,0.499155
llava15,0.495415
llava15,0.499959
llava15,0.499999
llava15,0.447926
llava15,0.304309
llava15,0.487553
llava15,0.499927
llava15,0.499559
llava15,0.491223
llava15,0.499946
llava15,0.361730
llava15,0.269520
llava15,0.488073
llava15,0.499951
llava15,0.493281
llava15,0.499966
llava15,0.499771
llava15,0.493656
llava15,0.499111
llava15,0.499044
llava15,0.497162
llava15,0.499945
llava15,0.498993
llava15,0.499954
llava15,0.499963
llava15,0.355180
llava15,0.494391
llava15,0.497749
llava15,0.411135
llava15,0.496464
llava15,0.485484
llava15,0.474658
llava15,0.490974
llava15,0.499192
llava15,0.499814
llava15,0.497720
llava15,0.499959
llava15,0.500000
llava15,0.390058
llava15,0.489292
llava15,0.471850
llava15,0.486276
llava15,0.494121
llava15,0.436486
llava15,0.498869
llava15,0.499631
llava15,0.498109
llava15,0.500000
llava15,0.499959
llava15,0.149489
llava15,0.499710
llava15,0.495824
llava15,0.418601
llava15,0.493400
llava15,0.490989
llava15,0.499999
llava15,0.500000
llava15,0.493257
llava15,0.499958
llava15,0.494048
llava15,0.499571
llava15,0.499962
llava15,0.493817
llava15,0.498514
llava15,0.480060
llava15,0.460482
llava15,0.499934
llava15,0.498190
llava15,0.492711
llava15,0.493469
llava15,0.499989
llava15,0.499984
llava15,0.499884
llava15,0.000000
llava15,0.499878
llava15,0.499035
llava15,0.499791
llava15,0.497870
llava15,0.499987
llava15,0.499999
llava15,0.475372
llava15,0.499955
llava15,0.499999
llava15,0.457504
llava15,0.499789
llava15,0.498345
llava15,0.463900
llava15,0.499987
llava15,0.499999
llava15,0.465506
llava15,0.252182
llava15,0.493854
llava15,0.499570
llava15,0.163086
llava15,0.475851
llava15,0.499530
llava15,0.499997
llava15,0.499990
llava15,0.466847
llava15,0.374945
llava15,0.425643
llava15,0.499981
llava15,0.500002
llava15,0.490458
llava15,0.496515
llava15,0.499987
llava15,0.499342
llava15,0.498438
llava15,0.484410
llava15,0.499430
llava15,0.499998
llava15,0.497815
llava15,0.496817
llava15,0.499391
llava15,0.485668
llava15,0.499900
llava15,0.499994
llava15,0.499999
llava15,0.447718
llava15,0.499747
llava15,0.142377
llava15,0.374150
llava15,0.499992
llava15,0.495543
llava15,0.499756
llava15,0.499993
llava15,0.498608
llava15,0.492690
llava15,0.499394
llava15,0.499976
llava15,0.496891
llava15,0.490612
llava15,0.499878
llava15,0.492634
llava15,0.483797
llava15,0.500000
llava15,0.470116
llava15,0.494618
llava15,0.499964
llava15,0.499920
llava15,0.500000
llava15,0.499895
llava15,0.499662
llava15,0.475075
llava15,0.267657
llava15,0.498086
llava15,0.489529
llava15,0.499960
llava15,0.499926
llava15,0.499955
llava15,0.499999
llava15,0.497208
llava15,0.499951
llava15,0.499826
llava15,0.499172
llava15,0.495831
llava15,0.379903
llava15,0.499998
llava15,0.499861
llava15,0.482709
llava15,0.498996
llava15,0.500000
llava15,0.476577
llava15,0.481680
llava15,0.493616
llava15,0.484105
llava15,0.499997
llava15,0.495684
llava15,0.499999
llava15,0.000000
llava15,0.000000
llava15,0.000000
llava15,0.000000
llava15,0.000004
llava15,0.001301
llava15,0.377917
llava15,0.492744
llava15,0.307963
llava15,0.492120
llava15,0.499863
llava15,0.483099
llava15,0.252188
llava15,0.346017
llava15,0.352876
llava15,0.430535
llava15,0.499971
llava15,0.499993
llava15,0.263582
llava15,0.485160
llava15,0.499992
llava15,0.499991
llava15,0.464367
llava15,0.499060
llava15,0.499968
llava15,0.494076
llava15,0.499987
llava15,0.499884
llava15,0.498533
llava15,0.478092
llava15,0.491358
llava15,0.499992
llava15,0.370363
llava15,0.499956
llava15,0.497789
llava15,0.496225
llava15,0.494599
llava15,0.494470
llava15,0.485127
llava15,0.488745
llava15,0.494853
llava15,0.499943
llava15,0.497299
llava15,0.487561
llava15,0.499991
llava15,0.499401
llava15,0.499994
llava15,0.499960
llava15,0.499712
llava15,0.499925
llava15,0.499497
llava15,0.500003
llava15,0.499992
llava15,0.500000
llava15,0.494063
llava15,0.499999
llava15,0.332495
llava15,0.496984
llava15,0.499993
llava15,0.493292
llava15,0.499997
llava15,0.496929
llava15,0.254898
llava15,0.495331
llava15,0.499839
llava15,0.499637
llava15,0.500000
llava15,0.499993
llava15,0.499236
llava15,0.499962
llava15,0.498964
llava15,0.499959
llava15,0.499462
llava15,0.499668
llava15,0.499970
llava15,0.499887
llava15,0.499604
llava15,0.499753
llava15,0.499303
llava15,0.499453
llava15,0.499661
llava15,0.499624
llava15,0.499967
llava15,0.500000
llava15,0.498760
llava15,0.497345
llava15,0.495194
llava15,0.200526
llava15,0.499999
llava15,0.499941
llava15,0.499982
llava15,0.499239
llava15,0.499997
llava15,0.499990
llava15,0.000000
llava15,0.499833
llava15,0.499046
llava15,0.499759
llava15,0.494591
llava15,0.405207
llava15,0.469723
llava15,0.499981
llava15,0.499999
llava15,0.499994
llava15,0.500000
llava15,0.499913
llava15,0.482878
llava15,0.499999
llava15,0.496474
llava15,0.499999
llava15,0.489767
llava15,0.466092
llava15,0.496566
llava15,0.496621
llava15,0.499856
llava15,0.500000
llava15,0.499978
llava15,0.481303
llava15,0.499997
llava15,0.499966
llava15,0.500000
llava15,0.497659
llava15,0.014476
llava15,0.059830
llava15,0.499985
llava15,0.499920
llava15,0.497518
llava15,0.499382
llava15,0.499986
llava15,0.495541
llava15,0.401239
llava15,0.499980
llava15,0.499779
llava15,0.498379
llava15,0.479821
llava15,0.491927
llava15,0.440274
llava15,0.499988
llava15,0.500000
llava15,0.484952
llava15,0.489915
llava15,0.499994
llava15,0.498450
llava15,0.492341
llava15,0.482626
llava15,0.490370
llava15,0.464518
llava15,0.499983
llava15,0.499996
llava15,0.489060
llava15,0.494768
llava15,0.498429
llava15,0.499999
llava15,0.500000
llava15,0.499873
llava15,0.498739
llava15,0.480693
llava15,0.499911
llava15,0.497640
llava15,0.432012
llava15,0.499974
llava15,0.232162
llava15,0.499209
llava15,0.497858
llava15,0.499655
llava15,0.442879
llava15,0.473376
llava15,0.499090
llava15,0.499988
llava15,0.430390
llava15,0.499580
llava15,0.498934
llava15,0.483674
llava15,0.475914
llava15,0.487117
llava15,0.493312
llava15,0.494836
llava15,0.499952
llava15,0.000000
llava15,0.000000
llava15,0.000000
llava15,0.499987
llava15,0.493704
llava15,0.495070
llava15,0.499980
llava15,0.499950
llava15,0.401156
llava15,0.487768
llava15,0.498771
llava15,0.499997
llava15,0.499955
llava15,0.490214
llava15,0.499999
llava15,0.500001
llava15,0.499329
llava15,0.495555
llava15,0.499999
llava15,0.499985
llava15,0.492534
llava15,0.494113
llava15,0.494577
llava15,0.499996
llava15,0.498106
llava15,0.497791
llava15,0.489164
llava15,0.499979
llava15,0.499997
llava15,0.499463
llava15,0.499726
llava15,0.499844
llava15,0.499428
llava15,0.493958
llava15,0.499925
llava15,0.499998
llava15,0.494015
llava15,0.411471
llava15,0.429985
llava15,0.484828
llava15,0.500000
llava15,0.498055
llava15,0.499976
llava15,0.500000
llava15,0.499981
llava15,0.493671
llava15,0.499428
llava15,0.477427
llava15,0.499977
llava15,0.497654
llava15,0.434651
llava15,0.499997
llava15,0.326920
llava15,0.499769
llava15,0.499989
llava15,0.496803
llava15,0.493065
llava15,0.016124
llava15,0.485132
llava15,0.499962
llava15,0.500002
llava15,0.494441
llava15,0.499951
llava15,0.499974
llava15,0.499509
llava15,0.499999
llava15,0.499947
llava15,0.498695
llava15,0.499290
llava15,0.499990
llava15,0.499979
llava15,0.499639
llava15,0.493562
llava15,0.499774
llava15,0.499869
llava15,0.491968
llava15,0.497985
llava15,0.500001
llava15,0.285156
llava15,0.486222
llava15,0.500003
llava15,0.500000
llava15,0.499810
llava15,0.455607
llava15,0.498309
llava15,0.499042
llava15,0.499999
llava15,0.475779
llava15,0.441045
llava15,0.293214
llava15,0.196971
llava15,0.499947
llava15,0.435882
llava15,0.499945
llava15,0.000000
llava15,0.000000
llava15,0.499894
llava15,0.499397
llava15,0.472782
llava15,0.499976
llava15,0.016573
llava15,0.011906
llava15,0.004690
llava15,0.005836
llava15,0.000019
llava15,0.000004
llava15,0.035902
llava15,0.499994
llava15,0.499998
llava15,0.449551
llava15,0.380322
llava15,0.365865
llava15,0.435999
llava15,0.499977
llava15,0.500000
llava15,0.442555
llava15,0.499981
llava15,0.490743
llava15,0.499925
llava15,0.499999
llava15,0.499997
llava15,0.499347
llava15,0.499990
llava15,0.498527
llava15,0.499999
llava15,0.499993
llava15,0.499716
llava15,0.499940
llava15,0.499992
llava15,0.499997
llava15,0.499386
llava15,0.499835
llava15,0.499984
llava15,0.499997
llava15,0.498602
llava15,0.436048
llava15,0.497849
llava15,0.499926
llava15,0.500000
llava15,0.500000
llava15,0.499995
llava15,0.499959
llava15,0.448843
llava15,0.499970
llava15,0.499463
llava15,0.498911
llava15,0.499976
llava15,0.499998
llava15,0.499997
llava15,0.499960
llava15,0.500000
llava15,0.499991
llava15,0.498944
llava15,0.490274
llava15,0.487149
llava15,0.479735
llava15,0.455702
llava15,0.499999
llava15,0.499991
llava15,0.499999
llava15,0.500001
llava15,0.494503
llava15,0.499967
llava15,0.490012
llava15,0.500003
llava15,0.499988
llava15,0.499456
llava15,0.470605
llava15,0.499855
llava15,0.499158
llava15,0.499999
llava15,0.499998
llava15,0.499735
llava15,0.493960
llava15,0.499999
llava15,0.499997
llava15,0.496056
llava15,0.495270
llava15,0.499635
llava15,0.499971
llava15,0.499922
llava15,0.499944
llava15,0.499382
llava15,0.499878
llava15,0.499996
llava15,0.499612
llava15,0.499152
llava15,0.499994
llava15,0.499332
llava15,0.498794
llava15,0.499838
llava15,0.498857
llava15,0.499994
llava15,0.000000
llava15,0.499665
llava15,0.499270
llava15,0.499993
llava15,0.495521
llava15,0.492834
llava15,0.499986
llava15,0.499998
llava15,0.486127
llava15,0.499923
llava15,0.499994
llava15,0.493546
llava15,0.470316
llava15,0.499739
llava15,0.499933
llava15,0.496393
llava15,0.499705
llava15,0.499954
llava15,0.488527
llava15,0.497846
llava15,0.499991
llava15,0.499990
llava15,0.496991
llava15,0.499086
llava15,0.499345
llava15,0.499998
llava15,0.500002
llava15,0.499987
llava15,0.495963
llava15,0.499933
llava15,0.421277
llava15,0.499999
llava15,0.475803
llava15,0.495792
llava15,0.500000
llava15,0.450576
llava15,0.487535
llava15,0.431045
llava15,0.499917
llava15,0.499997
llava15,0.209528
llava15,0.499736
llava15,0.479377
llava15,0.498143
llava15,0.499999
llava15,0.496987
llava15,0.488789
llava15,0.499721
llava15,0.499999
llava15,0.499994
llava15,0.499350
llava15,0.496517
llava15,0.445004
llava15,0.499997
llava15,0.499997
llava15,0.499173
llava15,0.499981
llava15,0.483823
llava15,0.500000
llava15,0.482284
llava15,0.489952
llava15,0.497521
llava15,0.499927
llava15,0.499755
llava15,0.497313
llava15,0.499539
llava15,0.499933
llava15,0.122205
llava15,0.385237
llava15,0.323416
llava15,0.497315
llava15,0.500000
llava15,0.499993
llava15,0.499818
llava15,0.499179
llava15,0.497682
llava15,0.499665
llava15,0.498837
llava15,0.499912
llava15,0.499951
llava15,0.499959
llava15,0.496774
llava15,0.498454
llava15,0.494002
llava15,0.500000
llava15,0.028787
llava15,0.482321
llava15,0.492707
llava15,0.209255
llava15,0.491106
llava15,0.500001
llava15,0.499997
llava15,0.500000
llava15,0.497472
llava15,0.500000
llava15,0.499762
llava15,0.499413
llava15,0.499883
llava15,0.474282
llava15,0.499781
llava15,0.499901
llava15,0.496690
llava15,0.499890
llava15,0.499999
llava15,0.499999
llava15,0.498030
llava15,0.499988
llava15,0.500004
llava15,0.499968
llava15,0.500000
llava15,0.499388
llava15,0.500001
llava15,0.000000
llava15,0.000000
llava15,0.000000
llava15,0.500001
llava15,0.499995
llava15,0.498402
llava15,0.485380
llava15,0.499243
llava15,0.493690
llava15,0.498728
llava15,0.495745
llava15,0.395235
llava15,0.475539
llava15,0.007190
llava15,0.499243
llava15,0.499931
llava15,0.468691
llava15,0.496178
llava15,0.498825
llava15,0.499848
llava15,0.499455
llava15,0.499975
llava15,0.484604
llava15,0.499842
llava15,0.498730
llava15,0.407160
llava15,0.499602
llava15,0.499975
llava15,0.232563
llava15,0.420438
llava15,0.488912
llava15,0.101358
llava15,0.441089
llava15,0.159124
llava15,0.347320
llava15,0.499181
llava15,0.499984
llava15,0.499910
llava15,0.499414
llava15,0.499986
llava15,0.499987
llava15,0.499994
llava15,0.484151
llava15,0.478784
llava15,0.499798
llava15,0.499287
llava15,0.426183
llava15,0.488445
llava15,0.499939
llava15,0.499993
llava15,0.499991
llava15,0.498701
llava15,0.499994
llava15,0.489747
llava15,0.297981
llava15,0.499921
llava15,0.499903
llava15,0.499994
llava15,0.499998
llava15,0.499983
llava15,0.499749
llava15,0.498347
llava15,0.499146
llava15,0.499877
llava15,0.491273
llava15,0.499997
llava15,0.494837
llava15,0.499946
llava15,0.487372
llava15,0.499997
llava15,0.499999
llava15,0.499927
llava15,0.499278
llava15,0.496833
llava15,0.499995
llava15,0.499992
llava15,0.499992
llava15,0.439660
llava15,0.474430
llava15,0.499959
llava15,0.394663
llava15,0.406459
llava15,0.000115
llava15,0.408337
llava15,0.486054
llava15,0.499428
llava15,0.494131
llava15,0.499943
llava15,0.499999
llava15,0.496652
llava15,0.499479
llava15,0.499885
llava15,0.481693
llava15,0.499865
llava15,0.000000
llava15,0.499908
llava15,0.499164
llava15,0.499711
llava15,0.499325
llava15,0.499588
llava15,0.500000
llava15,0.499251
llava15,0.499794
llava15,0.378865
llava15,0.036892
llava15,0.499907
llava15,0.206437
llava15,0.000091
llava15,0.039162
llava15,0.499996
llava15,0.177929
llava15,0.492682
llava15,0.499992
llava15,0.499997
llava15,0.496877
llava15,0.476991
llava15,0.499930
llava15,0.499964
llava15,0.499990
llava15,0.499937
llava15,0.499357
llava15,0.485469
llava15,0.499981
llava15,0.499995
llava15,0.499956
llava15,0.371119
llava15,0.324841
llava15,0.467390
llava15,0.499905
llava15,0.499953
llava15,0.499958
llava15,0.486525
llava15,0.475326
llava15,0.493692
llava15,0.484124
llava15,0.378944
llava15,0.489978
llava15,0.442491
llava15,0.499221
llava15,0.499652
llava15,0.499999
llava15,0.499998
llava15,0.467239
llava15,0.499482
llava15,0.499824
llava15,0.480228
llava15,0.499987
llava15,0.499953
llava15,0.499906
llava15,0.499982
llava15,0.479707
llava15,0.493525
llava15,0.499982
llava15,0.072554
llava15,0.498654
llava15,0.464139
llava15,0.496150
llava15,0.498954
llava15,0.500002
llava15,0.500003
llava15,0.499994
llava15,0.496632
llava15,0.499997
llava15,0.486911
llava15,0.498695
llava15,0.498756
llava15,0.495026
llava15,0.500000
llava15,0.499956
llava15,0.499847
llava15,0.494549
llava15,0.499783
llava15,0.289381
llava15,0.472175
llava15,0.451195
llava15,0.499786
llava15,0.481498
llava15,0.499452
llava15,0.499997
llava15,0.495068
llava15,0.499702
llava15,0.499790
llava15,0.500000
llava15,0.499998
llava15,0.499038
llava15,0.493988
llava15,0.499975
llava15,0.000000
llava15,0.000000
llava15,0.000000
llava15,0.000000
llava15,0.000458
llava15,0.469949
llava15,0.499966
llava15,0.496757
llava15,0.499534
llava15,0.498367
llava15,0.338158
llava15,0.497186
llava15,0.361274
llava15,0.493659
llava15,0.499990
llava15,0.498487
llava15,0.499671
llava15,0.495977
llava15,0.499864
llava15,0.444875
llava15,0.497342
llava15,0.499420
llava15,0.499250
llava15,0.499997
llava15,0.412418
llava15,0.496336
llava15,0.499796
llava15,0.238550
llava15,0.499776
llava15,0.499579
llava15,0.499998
llava15,0.499826
llava15,0.472048
llava15,0.499994
llava15,0.494224
llava15,0.178026
llava15,0.375780
llava15,0.499827
llava15,0.499740
llava15,0.499976
llava15,0.499988
llava15,0.499892
llava15,0.496031
llava15,0.469489
llava15,0.499963
llava15,0.499959
llava15,0.487886
llava15,0.499986
llava15,0.499960
llava15,0.499974
llava15,0.498345
llava15,0.490475
llava15,0.499986
llava15,0.496969
llava15,0.499983
llava15,0.499964
llava15,0.499662
llava15,0.499472
llava15,0.499916
llava15,0.499136
llava15,0.499993
llava15,0.499860
llava15,0.333370
llava15,0.499948
llava15,0.500004
llava15,0.497777
llava15,0.487164
llava15,0.499293
llava15,0.499784
llava15,0.499592
llava15,0.499824
llava15,0.499412
llava15,0.471024
llava15,0.496112
llava15,0.499997
llava15,0.499867
llava15,0.499988
llava15,0.499745
llava15,0.498495
llava15,0.499995
llava15,0.490895
llava15,0.491614
llava15,0.499940
llava15,0.341928
llava15,0.498790
llava15,0.499435
llava15,0.500003
llava15,0.390120
llava15,0.499994
llava15,0.500002
llava15,0.425708
llava15,0.441774
llava15,0.426798
llava15,0.499987
llava15,0.499774
llava15,0.483721
llava15,0.499773
llava15,0.500000
llava15,0.499713
llava15,0.499892
llava15,0.497588
llava15,0.499930
llava15,0.499888
llava15,0.499997
llava15,0.500000
llava15,0.494976
llava15,0.481966
llava15,0.487571
llava15,0.497111
llava15,0.499735
llava15,0.500001
llava15,0.484742
llava15,0.500002
llava15,0.499992
llava15,0.499988
llava15,0.264374
llava15,0.499812
llava15,0.499518
llava15,0.499863
llava15,0.499749
llava15,0.495984
llava15,0.499282
llava15,0.499860
llava15,0.500002
llava15,0.000000
llava15,0.499908
llava15,0.499164
llava15,0.499999
llava15,0.499823
llava15,0.498179
llava15,0.499994
llava15,0.499997
llava15,0.484274
llava15,0.372579
llava15,0.499512
llava15,0.499990
llava15,0.500001
llava15,0.414090
llava15,0.499987
llava15,0.500000
llava15,0.458658
llava15,0.499989
llava15,0.147198
llava15,0.486834
llava15,0.457801
llava15,0.499887
llava15,0.487742
llava15,0.479614
llava15,0.471462
llava15,0.496072
llava15,0.489102
llava15,0.491631
llava15,0.499922
llava15,0.498389
llava15,0.473066
llava15,0.486451
llava15,0.499859
llava15,0.422189
llava15,0.499844
llava15,0.464936
llava15,0.395763
llava15,0.499967
llava15,0.499959
llava15,0.466462
llava15,0.489068
llava15,0.492127
llava15,0.496588
llava15,0.438104
llava15,0.490754
llava15,0.499861
llava15,0.499997
llava15,0.488726
llava15,0.499984
llava15,0.499992
llava15,0.499998
llava15,0.492159
llava15,0.498376
llava15,0.499999
llava15,0.499987
llava15,0.493245
llava15,0.499991
llava15,0.490828
llava15,0.499852
llava15,0.500000
llava15,0.499992
llava15,0.488183
llava15,0.499182
llava15,0.499994
llava15,0.455281
llava15,0.486969
llava15,0.499949
llava15,0.483073
llava15,0.499326
llava15,0.499981
llava15,0.495755
llava15,0.496872
llava15,0.496580
llava15,0.425745
llava15,0.499974
llava15,0.441416
llava15,0.498000
llava15,0.497607
llava15,0.499949
llava15,0.499994
llava15,0.073192
llava15,0.498748
llava15,0.492778
llava15,0.500000
llava15,0.499433
llava15,0.496891
llava15,0.499985
llava15,0.499988
llava15,0.499959
llava15,0.499961
llava15,0.499829
llava15,0.499748
llava15,0.485145
llava15,0.498313
llava15,0.497470
llava15,0.499557
llava15,0.499983
llava15,0.499098
llava15,0.499001
llava15,0.500000
llava15,0.499993
llava15,0.499998
llava15,0.439164
llava15,0.421693
llava15,0.499496
llava15,0.499960
llava15,0.493780
llava15,0.492121
llava15,0.500000
llava15,0.499748
llava15,0.499998
llava15,0.000000
llava15,0.000000
llava15,0.000000
llava15,0.000115
llava15,0.000112
llava15,0.486604
llava15,0.499854
llava15,0.500001
llava15,0.495178
llava15,0.498994
llava15,0.496997
llava15,0.491811
llava15,0.496698
llava15,0.459511
llava15,0.494585
llava15,0.497971
llava15,0.499984
llava15,0.492846
llava15,0.499941
llava15,0.480238
llava15,0.487722
llava15,0.499955
llava15,0.499992
llava15,0.495307
llava15,0.498017
llava15,0.487850
llava15,0.499936
llava15,0.336623
llava15,0.499861
llava15,0.493349
llava15,0.499369
llava15,0.499990
llava15,0.499939
llava15,0.499977
llava15,0.499702
llava15,0.499967
llava15,0.475202
llava15,0.457424
llava15,0.499526
llava15,0.492724
llava15,0.498155
llava15,0.495561
llava15,0.499999
llava15,0.411881
llava15,0.499653
llava15,0.497603
llava15,0.500000
llava15,0.498850
llava15,0.499939
llava15,0.493109
llava15,0.499991
llava15,0.495039
llava15,0.499914
llava15,0.491370
llava15,0.499957
llava15,0.499997
llava15,0.071388
llava15,0.496117
llava15,0.500000
llava15,0.495082
llava15,0.499818
llava15,0.499987
llava15,0.499895
llava15,0.498981
llava15,0.492728
llava15,0.499995
llava15,0.500001
llava15,0.489424
llava15,0.499912
llava15,0.319619
llava15,0.499962
llava15,0.377565
llava15,0.499982
llava15,0.493499
llava15,0.499329
llava15,0.499731
llava15,0.499996
llava15,0.470599
llava15,0.488678
llava15,0.497532
llava15,0.499416
llava15,0.500003
llava15,0.442445
llava15,0.477449
llava15,0.499998
llava15,0.396405
llava15,0.489714
llava15,0.499995
llava15,0.499936
llava15,0.479563
llava15,0.499880
llava15,0.499691
llava15,0.458618
llava15,0.496972
llava15,0.499906
llava15,0.498806
llava15,0.485312
llava15,0.499452
llava15,0.499195
llava15,0.499273
llava15,0.499968
llava15,0.492201
llava15,0.495739
llava15,0.500000
llava15,0.499593
llava15,0.498996
llava15,0.497956
llava15,0.499968
llava15,0.498092
llava15,0.499961
llava15,0.499997
llava15,0.434468
llava15,0.499955
llava15,0.499945
llava15,0.498794
llava15,0.494593
llava15,0.498975
llava15,0.500000
llava15,0.000000
llava15,0.499880
llava15,0.499814
llava15,0.499768
llava15,0.499995
llava15,0.499926
llava15,0.499677
llava15,0.479878
llava15,0.334489
llava15,0.001670
llava15,0.499959
llava15,0.114619
llava15,0.479871
llava15,0.493232
llava15,0.497400
llava15,0.496199
llava15,0.499802
llava15,0.499987
llava15,0.498589
llava15,0.407095
llava15,0.471569
llava15,0.478197
llava15,0.499890
llava15,0.458765
llava15,0.499991
llava15,0.499732
llava15,0.447263
llava15,0.499637
llava15,0.490240
llava15,0.495376
llava15,0.488233
llava15,0.481733
llava15,0.481433
llava15,0.488854
llava15,0.489244
llava15,0.499344
llava15,0.500000
llava15,0.499991
llava15,0.494764
llava15,0.495707
llava15,0.499984
llava15,0.474554
llava15,0.499963
llava15,0.497899
llava15,0.499963
llava15,0.463589
llava15,0.493132
llava15,0.499997
llava15,0.491425
llava15,0.500002
llava15,0.499712
llava15,0.500000
llava15,0.499980
llava15,0.499741
llava15,0.499037
llava15,0.499676
llava15,0.498761
llava15,0.491669
llava15,0.499971
llava15,0.495397
llava15,0.499974
llava15,0.499153
llava15,0.497705
llava15,0.474686
llava15,0.484465
llava15,0.491913
llava15,0.499416
llava15,0.499133
llava15,0.499998
llava15,0.500003
llava15,0.488676
llava15,0.472448
llava15,0.473674
llava15,0.416553
llava15,0.498966
llava15,0.499950
llava15,0.499338
llava15,0.499721
llava15,0.497781
llava15,0.495537
llava15,0.499994
llava15,0.499995
llava15,0.494112
llava15,0.499994
llava15,0.497761
llava15,0.487309
llava15,0.342040
llava15,0.484580
llava15,0.500000
llava15,0.499998
llava15,0.500001
llava15,0.499996
llava15,0.319803
llava15,0.499995
llava15,0.498422
llava15,0.499989
llava15,0.498540
llava15,0.499999
llava15,0.498554
llava15,0.499098
llava15,0.499996
llava15,0.500000
llava15,0.500001
llava15,0.494201
llava15,0.499955
llava15,0.000000
llava15,0.000000
llava15,0.000000
llava15,0.000000
llava15,0.000000
llava15,0.081394
llava15,0.017565
llava15,0.020905
llava15,0.360770
llava15,0.499312
llava15,0.497533
llava15,0.474555
llava15,0.497623
llava15,0.495218
llava15,0.498676
llava15,0.499999
llava15,0.500000
llava15,0.499980
llava15,0.499993
llava15,0.499970
llava15,0.499887
llava15,0.500003
llava15,0.499996
llava15,0.499832
llava15,0.499983
llava15,0.499973
llava15,0.475016
llava15,0.498364
llava15,0.499354
llava15,0.495535
llava15,0.499957
llava15,0.494370
llava15,0.499974
llava15,0.499969
llava15,0.476086
llava15,0.499824
llava15,0.499586
llava15,0.420866
llava15,0.499901
llava15,0.042948
llava15,0.234613
llava15,0.322100
llava15,0.499670
llava15,0.499995
llava15,0.499988
llava15,0.484257
llava15,0.499951
llava15,0.489675
llava15,0.499986
llava15,0.497138
llava15,0.481686
llava15,0.499868
llava15,0.499936
llava15,0.499993
llava15,0.496438
llava15,0.498826
llava15,0.496235
llava15,0.499951
llava15,0.489605
llava15,0.499987
llava15,0.499970
llava15,0.498640
llava15,0.500000
llava15,0.499994
llava15,0.497124
llava15,0.498988
llava15,0.326604
llava15,0.495230
llava15,0.363190
llava15,0.499962
llava15,0.475336
llava15,0.499817
llava15,0.499999
llava15,0.500000
llava15,0.499133
llava15,0.499207
llava15,0.498827
llava15,0.487443
llava15,0.363175
llava15,0.500000
llava15,0.487726
llava15,0.480917
llava15,0.440079
llava15,0.499989
llava15,0.471479
llava15,0.499997
llava15,0.499682
llava15,0.498744
llava15,0.469609
llava15,0.479934
llava15,0.434771
llava15,0.499999
llava15,0.497978
llava15,0.496677
llava15,0.499688
llava15,0.499861
llava15,0.000000
llava15,0.499900
llava15,0.499146
llava15,0.499784
llava15,0.499271
llava15,0.497896
llava15,0.500000
llava15,0.498696
llava15,0.493817
llava15,0.497930
llava15,0.497016
llava15,0.493921
llava15,0.499914
llava15,0.499041
llava15,0.498566
llava15,0.499988
llava15,0.470722
llava15,0.420142
llava15,0.499999
llava15,0.499106
llava15,0.499994
llava15,0.499899
llava15,0.474114
llava15,0.494467
llava15,0.500001
llava15,0.497650
llava15,0.498018
llava15,0.288533
llava15,0.492965
llava15,0.497988
llava15,0.492454
llava15,0.497427
llava15,0.498622
llava15,0.498875
llava15,0.342745
llava15,0.011297
llava15,0.185195
llava15,0.329699
llava15,0.497417
llava15,0.487318
llava15,0.497190
llava15,0.431021
llava15,0.486044
llava15,0.414739
llava15,0.499996
llava15,0.499969
llava15,0.000372
llava15,0.006425
llava15,0.499844
llava15,0.499911
llava15,0.499998
llava15,0.474038
llava15,0.381086
llava15,0.492438
llava15,0.463648
llava15,0.498763
llava15,0.485007
llava15,0.089723
llava15,0.429130
llava15,0.483129
llava15,0.499977
llava15,0.499771
llava15,0.306897
llava15,0.471813
llava15,0.499971
llava15,0.499879
llava15,0.489473
llava15,0.369805
llava15,0.498717
llava15,0.397746
llava15,0.481977
llava15,0.499980
llava15,0.500001
llava15,0.497883
llava15,0.499650
llava15,0.497967
llava15,0.499062
llava15,0.499839
llava15,0.499986
llava15,0.499992
llava15,0.498274
llava15,0.481806
llava15,0.470837
llava15,0.486265
llava15,0.480304
llava15,0.499647
llava15,0.498883
llava15,0.494311
llava15,0.499907
llava15,0.500001
llava15,0.497379
llava15,0.499693
llava15,0.497556
llava15,0.496304
llava15,0.499723
llava15,0.499852
llava15,0.411681
llava15,0.424717
llava15,0.499991
llava15,0.493273
llava15,0.499963
llava15,0.499005
llava15,0.464030
llava15,0.499980
llava15,0.499976
llava15,0.499414
llava15,0.492204
llava15,0.499993
llava15,0.277148
llava15,0.499998
llava15,0.499987
llava15,0.499976
llava15,0.499980
llava15,0.470065
llava15,0.495131
llava15,0.499878
llava15,0.499736
llava15,0.463504
llava15,0.498845
llava15,0.499565
llava15,0.000000
llava15,0.499822
llava15,0.499511
llava15,0.499641
llava15,0.499991
llava15,0.356473
llava15,0.029985
llava15,0.437235
llava15,0.499978
llava15,0.436402
llava15,0.499381
llava15,0.499993
llava15,0.499994
llava15,0.499936
llava15,0.499999
llava15,0.499997
llava15,0.499950
llava15,0.499992
llava15,0.499985
llava15,0.452233
llava15,0.457541
llava15,0.117113
llava15,0.490461
llava15,0.497694
llava15,0.499987
llava15,0.498583
llava15,0.381574
llava15,0.497981
llava15,0.499355
llava15,0.490248
llava15,0.498232
llava15,0.498742
llava15,0.499918
llava15,0.474553
llava15,0.424159
llava15,0.498659
llava15,0.497583
llava15,0.499291
llava15,0.497220
llava15,0.496106
llava15,0.499612
llava15,0.490547
llava15,0.499995
llava15,0.476990
llava15,0.446471
llava15,0.499159
llava15,0.499658
llava15,0.499144
llava15,0.255458
llava15,0.498920
llava15,0.325157
llava15,0.491270
llava15,0.499766
llava15,0.496828
llava15,0.499834
llava15,0.500002
llava15,0.499960
llava15,0.500000
llava15,0.497433
llava15,0.498828
llava15,0.435980
llava15,0.453905
llava15,0.500000
llava15,0.499999
llava15,0.163003
llava15,0.396049
llava15,0.499037
llava15,0.500002
llava15,0.497993
llava15,0.499770
llava15,0.000000
llava15,0.000000
llava15,0.499938
llava15,0.499719
llava15,0.492880
llava15,0.349718
llava15,0.496199
llava15,0.499993
llava15,0.433285
llava15,0.499780
llava15,0.499996
llava15,0.495016
llava15,0.489256
llava15,0.492145
llava15,0.499967
llava15,0.499992
llava15,0.495474
llava15,0.248756
llava15,0.269161
llava15,0.430512
llava15,0.499966
llava15,0.499986
llava15,0.494650
llava15,0.499997
llava15,0.499978
llava15,0.499910
llava15,0.499520
llava15,0.499982
llava15,0.499998
llava15,0.497973
llava15,0.500002
llava15,0.487356
llava15,0.499315
llava15,0.499964
llava15,0.499809
llava15,0.498480
llava15,0.498731
llava15,0.022163
llava15,0.372686
llava15,0.445551
llava15,0.498304
llava15,0.495189
llava15,0.499162
llava15,0.476526
llava15,0.500000
llava15,0.498884
llava15,0.487978
llava15,0.499988
llava15,0.400007
llava15,0.494082
llava15,0.499757
llava15,0.481048
llava15,0.499993
llava15,0.499974
llava15,0.498212
llava15,0.499567
llava15,0.499998
llava15,0.494361
llava15,0.499984
llava15,0.006798
llava15,0.017055
llava15,0.499958
llava15,0.499976
llava15,0.499997
llava15,0.499908
llava15,0.436979
llava15,0.499786
llava15,0.499972
llava15,0.496020
llava15,0.493912
llava15,0.498682
llava15,0.496182
llava15,0.500000
llava15,0.498697
llava15,0.448625
llava15,0.497026
llava15,0.387386
llava15,0.499851
llava15,0.499984
llava15,0.499969
llava15,0.475634
llava15,0.499996
llava15,0.499995
llava15,0.492050
llava15,0.482259
llava15,0.499866
llava15,0.499962
llava15,0.471302
llava15,0.495321
llava15,0.499885
llava15,0.494329
llava15,0.493845
llava15,0.498924
llava15,0.499966
llava15,0.499970
llava15,0.499999
llava15,0.499998
llava15,0.496513
llava15,0.495335
llava15,0.499935
llava15,0.499999
llava15,0.499534
llava15,0.492109
llava15,0.444565
llava15,0.499958
llava15,0.499605
llava15,0.499798
llava15,0.000000
llava15,0.000143
llava15,0.499957
llava15,0.499738
llava15,0.498096
llava15,0.456447
llava15,0.489259
llava15,0.500000
llava15,0.484376
llava15,0.499202
llava15,0.499986
llava15,0.313104
llava15,0.498180
llava15,0.435064
llava15,0.464107
llava15,0.499999
llava15,0.499228
llava15,0.498799
llava15,0.481209
llava15,0.491794
llava15,0.499999
llava15,0.497510
llava15,0.461718
llava15,0.499860
llava15,0.499977
llava15,0.446899
llava15,0.499997
llava15,0.438750
llava15,0.499580
llava15,0.467376
llava15,0.499953
llava15,0.490344
llava15,0.500001
llava15,0.499990
llava15,0.494028
llava15,0.491913
llava15,0.478630
llava15,0.499998
llava15,0.499975
llava15,0.496056
llava15,0.431955
llava15,0.496738
llava15,0.495967
llava15,0.497896
llava15,0.458494
llava15,0.489807
llava15,0.076224
llava15,0.499939
llava15,0.390297
llava15,0.487891
llava15,0.496822
llava15,0.497005
llava15,0.475460
llava15,0.478533
llava15,0.494951
llava15,0.499956
llava15,0.482926
llava15,0.499911
llava15,0.499979
llava15,0.499339
llava15,0.482214
llava15,0.499986
llava15,0.499982
llava15,0.495930
llava15,0.494220
llava15,0.497053
llava15,0.496233
llava15,0.499997
llava15,0.499863
llava15,0.499915
llava15,0.406568
llava15,0.497354
llava15,0.499979
llava15,0.471044
llava15,0.497473
llava15,0.499393
llava15,0.499883
llava15,0.498464
llava15,0.438948
llava15,0.497862
llava15,0.499908
llava15,0.499996
llava15,0.474586
llava15,0.499997
llava15,0.462713
llava15,0.499776
llava15,0.499991
llava15,0.499999
llava15,0.499391
llava15,0.499894
llava15,0.500000
llava15,0.498474
llava15,0.342394
llava15,0.475565
llava15,0.499994
llava15,0.497057
llava15,0.499695
llava15,0.187602
llava15,0.494276
llava15,0.499928
llava15,0.499957
llava15,0.000000
llava15,0.499854
llava15,0.499152
llava15,0.499836
llava15,0.498319
llava15,0.495213
llava15,0.499995
llava15,0.483853
llava15,0.499446
llava15,0.499995
llava15,0.418056
llava15,0.499402
llava15,0.499090
llava15,0.495274
llava15,0.499228
llava15,0.499998
llava15,0.499875
llava15,0.496385
llava15,0.481216
llava15,0.483604
llava15,0.358179
llava15,0.497823
llava15,0.368023
llava15,0.499970
llava15,0.499984
llava15,0.499815
llava15,0.493288
llava15,0.479752
llava15,0.397874
llava15,0.416833
llava15,0.496491
llava15,0.400278
llava15,0.499873
llava15,0.499949
llava15,0.419226
llava15,0.444066
llava15,0.495262
llava15,0.499972
llava15,0.492877
llava15,0.499442
llava15,0.499993
llava15,0.499977
llava15,0.498577
llava15,0.499919
llava15,0.499853
llava15,0.484993
llava15,0.479637
llava15,0.499997
llava15,0.484470
llava15,0.490965
llava15,0.499783
llava15,0.488002
llava15,0.476769
llava15,0.499619
llava15,0.489204
llava15,0.496878
llava15,0.499943
llava15,0.475243
llava15,0.472494
llava15,0.500000
llava15,0.491776
llava15,0.493000
llava15,0.483904
llava15,0.498149
llava15,0.490959
llava15,0.486818
llava15,0.495717
llava15,0.462787
llava15,0.498084
llava15,0.499975
llava15,0.498543
llava15,0.499998
llava15,0.499829
llava15,0.395699
llava15,0.493696
llava15,0.499854
llava15,0.499999
llava15,0.354055
llava15,0.426309
llava15,0.499953
llava15,0.478038
llava15,0.473137
llava15,0.498105
llava15,0.497610
llava15,0.478755
llava15,0.460029
llava15,0.499881
llava15,0.498210
llava15,0.462241
llava15,0.499991
llava15,0.498087
llava15,0.499942
llava15,0.499911
llava15,0.499822
llava15,0.496804
llava15,0.499989
llava15,0.499985
llava15,0.499538
llava15,0.499996
llava15,0.000000
llava15,0.499854
llava15,0.499585
llava15,0.499710
llava15,0.499392
llava15,0.494709
llava15,0.499973
llava15,0.072890
llava15,0.000487
llava15,0.488617
llava15,0.499855
llava15,0.499981
llava15,0.494079
llava15,0.459370
llava15,0.485021
llava15,0.382263
llava15,0.499368
llava15,0.478804
llava15,0.499909
llava15,0.499999
llava15,0.430884
llava15,0.496093
llava15,0.435809
llava15,0.499985
llava15,0.482621
llava15,0.485612
llava15,0.499934
llava15,0.424242
llava15,0.461477
llava15,0.499932
llava15,0.499969
llava15,0.478052
llava15,0.499956
llava15,0.496273
llava15,0.496403
llava15,0.499986
llava15,0.499969
llava15,0.499997
llava15,0.498575
llava15,0.499996
llava15,0.230302
llava15,0.293322
llava15,0.496940
llava15,0.499990
llava15,0.499997
llava15,0.499948
llava15,0.500000
llava15,0.499292
llava15,0.499847
llava15,0.499989
llava15,0.499645
llava15,0.499994
llava15,0.500000
llava15,0.499898
llava15,0.493742
llava15,0.473313
llava15,0.493690
llava15,0.499985
llava15,0.499998
llava15,0.498075
llava15,0.499818
llava15,0.499654
llava15,0.499882
llava15,0.499983
llava15,0.474324
llava15,0.499979
llava15,0.499645
llava15,0.474403
llava15,0.499698
llava15,0.314691
llava15,0.492981
llava15,0.491864
llava15,0.403583
llava15,0.499986
llava15,0.486011
llava15,0.444459
llava15,0.452942
llava15,0.499912
llava15,0.491366
llava15,0.364193
llava15,0.499552
llava15,0.195983
llava15,0.499801
llava15,0.000000
llava15,0.499854
llava15,0.498693
llava15,0.500000
llava15,0.499960
llava15,0.499999
llava15,0.499597
llava15,0.499913
llava15,0.499933
llava15,0.494597
llava15,0.492562
llava15,0.498028
llava15,0.490334
llava15,0.499938
llava15,0.476993
llava15,0.499997
llava15,0.477242
llava15,0.499957
llava15,0.499824
llava15,0.397263
llava15,0.499884
llava15,0.499988
llava15,0.499992
llava15,0.458733
llava15,0.494190
llava15,0.499851
llava15,0.461301
llava15,0.499900
llava15,0.499968
llava15,0.167967
llava15,0.152071
llava15,0.340363
llava15,0.499988
llava15,0.499995
llava15,0.496568
llava15,0.499973
llava15,0.495782
llava15,0.495223
llava15,0.499953
llava15,0.434745
llava15,0.499993
llava15,0.499986
llava15,0.498934
llava15,0.497084
llava15,0.460617
llava15,0.499990
llava15,0.464539
llava15,0.498310
llava15,0.482716
llava15,0.500000
llava15,0.499977
llava15,0.452009
llava15,0.497599
llava15,0.485373
llava15,0.499996
llava15,0.496614
llava15,0.499931
llava15,0.496944
llava15,0.500000
llava15,0.470005
llava15,0.486962
llava15,0.493295
llava15,0.388583
llava15,0.000194
llava15,0.083141
llava15,0.469441
llava15,0.500002
llava15,0.497979
llava15,0.499836
llava15,0.499838
llava15,0.499436
llava15,0.499933
llava15,0.499970
llava15,0.499970
llava15,0.499981
llava15,0.500000
llava15,0.344498
llava15,0.030083
llava15,0.500002
llava15,0.499999
llava15,0.500000
llava15,0.499572
llava15,0.489558
llava15,0.418307
llava15,0.499998
llava15,0.499995
llava15,0.494924
llava15,0.499997
llava15,0.499995
llava15,0.498296
llava15,0.499436
llava15,0.500001
llava15,0.485446
llava15,0.423083
llava15,0.488517
llava15,0.495930
llava15,0.499994
llava15,0.500000
llava15,0.499999
llava15,0.499961
llava15,0.000000
llava15,0.499854
llava15,0.498693
llava15,0.500000
llava15,0.499960
llava15,0.499999
llava15,0.499597
llava15,0.499951
llava15,0.499145
llava15,0.499999
llava15,0.491638
llava15,0.499678
llava15,0.496318
llava15,0.499459
llava15,0.500001
llava15,0.488098
llava15,0.499133
llava15,0.015137
llava15,0.434226
llava15,0.499834
llava15,0.499965
llava15,0.499776
llava15,0.495772
llava15,0.500000
llava15,0.486726
llava15,0.493846
llava15,0.485594
llava15,0.395190
llava15,0.499943
llava15,0.499954
llava15,0.499573
llava15,0.499735
llava15,0.500002
llava15,0.497056
llava15,0.491242
llava15,0.496463
llava15,0.498309
llava15,0.499600
llava15,0.490153
llava15,0.499994
llava15,0.042671
llava15,0.499575
llava15,0.451942
llava15,0.487488
llava15,0.499508
llava15,0.499969
llava15,0.499999
llava15,0.488885
llava15,0.164077
llava15,0.177990
llava15,0.499975
llava15,0.454959
llava15,0.499956
llava15,0.498223
llava15,0.500002
llava15,0.499069
llava15,0.497428
llava15,0.397935
llava15,0.499807
llava15,0.499987
llava15,0.499890
llava15,0.499282
llava15,0.499532
llava15,0.499320
llava15,0.499991
llava15,0.497058
llava15,0.495008
llava15,0.499250
llava15,0.456027
llava15,0.496274
llava15,0.499912
llava15,0.499923
llava15,0.469945
llava15,0.498939
llava15,0.499999
llava15,0.498604
llava15,0.499963
llava15,0.483708
llava15,0.494146
llava15,0.499982
llava15,0.499990
llava15,0.499981
llava15,0.495160
llava15,0.499531
llava15,0.486268
llava15,0.483041
llava15,0.499992
llava15,0.495377
llava15,0.498016
llava15,0.499994
llava15,0.498424
llava15,0.499570
llava15,0.499049
llava15,0.500001
llava15,0.499364
llava15,0.499837
llava15,0.499964
llava15,0.000000
llava15,0.499918
llava15,0.499246
llava15,0.499899
llava15,0.499104
llava15,0.499991
llava15,0.499999
llava15,0.479372
llava15,0.499476
llava15,0.498825
llava15,0.455754
llava15,0.499981
llava15,0.268948
llava15,0.494551
llava15,0.499997
llava15,0.493837
llava15,0.499971
llava15,0.499749
llava15,0.499615
llava15,0.496895
llava15,0.490054
llava15,0.469208
llava15,0.499888
llava15,0.499757
llava15,0.406731
llava15,0.414978
llava15,0.499919
llava15,0.484151
llava15,0.499964
llava15,0.499945
llava15,0.466971
llava15,0.499952
llava15,0.477387
llava15,0.496412
llava15,0.400023
llava15,0.497476
llava15,0.498833
llava15,0.498042
llava15,0.491452
llava15,0.499485
llava15,0.496193
llava15,0.492635
llava15,0.499822
llava15,0.173675
llava15,0.000598
llava15,0.363490
llava15,0.493853
llava15,0.499864
llava15,0.498724
llava15,0.495702
llava15,0.499989
llava15,0.196747
llava15,0.497154
llava15,0.491199
llava15,0.499998
llava15,0.487713
llava15,0.499939
llava15,0.488282
llava15,0.495306
llava15,0.499924
llava15,0.499997
llava15,0.498718
llava15,0.500000
llava15,0.493035
llava15,0.497384
llava15,0.499852
llava15,0.498456
llava15,0.499574
llava15,0.499997
llava15,0.096838
llava15,0.001697
llava15,0.074228
llava15,0.000235
llava15,0.000319
llava15,0.499970
llava15,0.500000
llava15,0.498136
llava15,0.489515
llava15,0.500000
llava15,0.404395
llava15,0.499983
llava15,0.500000
llava15,0.438581
llava15,0.499133
llava15,0.499999
llava15,0.499658
llava15,0.490815
llava15,0.475487
llava15,0.499982
llava15,0.499897
llava15,0.500000
llava15,0.499965
llava15,0.174875
llava15,0.294117
llava15,0.499999
llava15,0.499995
llava15,0.499962
llava15,0.000000
llava15,0.499854
llava15,0.499152
llava15,0.500000
llava15,0.499996
llava15,0.499980
llava15,0.498337
llava15,0.312747
llava15,0.498405
llava15,0.499864
llava15,0.452152
llava15,0.499415
llava15,0.494310
llava15,0.499994
llava15,0.412695
llava15,0.499713
llava15,0.499882
llava15,0.452695
llava15,0.465223
llava15,0.499799
llava15,0.493473
llava15,0.154338
llava15,0.034733
llava15,0.044468
llava15,0.499698
llava15,0.493242
llava15,0.499149
llava15,0.231098
llava15,0.499697
llava15,0.484834
llava15,0.475696
llava15,0.496873
llava15,0.497093
llava15,0.497022
llava15,0.498359
llava15,0.483620
llava15,0.304671
llava15,0.475906
llava15,0.499909
llava15,0.499764
llava15,0.206887
llava15,0.499674
llava15,0.499828
llava15,0.492778
llava15,0.499839
llava15,0.499917
llava15,0.499922
llava15,0.429972
llava15,0.499186
llava15,0.499998
llava15,0.499980
llava15,0.499979
llava15,0.498410
llava15,0.450977
llava15,0.499949
llava15,0.453984
llava15,0.463139
llava15,0.499334
llava15,0.499561
llava15,0.499887
llava15,0.471774
llava15,0.441228
llava15,0.499980
llava15,0.499960
llava15,0.499756
llava15,0.500000
llava15,0.500000
llava15,0.188169
llava15,0.499991
llava15,0.500000
llava15,0.499892
llava15,0.486180
llava15,0.484401
llava15,0.499996
llava15,0.497801
llava15,0.499998
llava15,0.498514
llava15,0.499566
llava15,0.022571
llava15,0.496805
llava15,0.149839
llava15,0.499863
llava15,0.190104
llava15,0.499431
llava15,0.493114
llava15,0.498972
llava15,0.497960
llava15,0.497724
llava15,0.498497
llava15,0.495605
llava15,0.466636
llava15,0.462472
llava15,0.499839
llava15,0.422315
llava15,0.485597
llava15,0.427298
llava15,0.493452
llava15,0.499961
llava15,0.499336
llava15,0.496850
llava15,0.401173
llava15,0.498534
llava15,0.499998
llava15,0.499996
llava15,0.499950
llava15,0.499998
llava15,0.498676
llava15,0.499134
llava15,0.123294
llava15,0.002251
llava15,0.000000
llava15,0.499918
llava15,0.499246
llava15,0.499862
llava15,0.498928
llava15,0.495224
llava15,0.499957
llava15,0.486599
llava15,0.480862
llava15,0.499562
llava15,0.494344
llava15,0.498045
llava15,0.499997
llava15,0.500000
llava15,0.496608
llava15,0.457364
llava15,0.499914
llava15,0.499846
llava15,0.334040
llava15,0.500000
llava15,0.493589
llava15,0.492797
llava15,0.499997
llava15,0.498125
llava15,0.499919
llava15,0.499988
llava15,0.494375
llava15,0.499860
llava15,0.475546
llava15,0.499708
llava15,0.483785
llava15,0.491675
llava15,0.218512
llava15,0.276075
llava15,0.496903
llava15,0.407125
llava15,0.499985
llava15,0.497225
llava15,0.487777
llava15,0.499960
llava15,0.485101
llava15,0.491976
llava15,0.499971
llava15,0.498355
llava15,0.488884
llava15,0.494202
llava15,0.484710
llava15,0.499928
llava15,0.499978
llava15,0.499985
llava15,0.499997
llava15,0.445680
llava15,0.499984
llava15,0.473912
llava15,0.492351
llava15,0.499990
llava15,0.471770
llava15,0.493152
llava15,0.499841
llava15,0.496201
llava15,0.499932
llava15,0.481125
llava15,0.499112
llava15,0.499041
llava15,0.499895
llava15,0.499817
llava15,0.306713
llava15,0.497367
llava15,0.499722
llava15,0.499983
llava15,0.499179
llava15,0.479445
llava15,0.499997
llava15,0.499968
llava15,0.489207
llava15,0.499993
llava15,0.499993
llava15,0.457246
llava15,0.495434
llava15,0.497388
llava15,0.497729
llava15,0.498977
llava15,0.499992
llava15,0.499977
llava15,0.499982
llava15,0.499999
llava15,0.499995
llava15,0.498103
llava15,0.499995
llava15,0.499890
llava15,0.499981
llava15,0.499976
llava15,0.472990
llava15,0.497924
llava15,0.499423
llava15,0.494137
llava15,0.499909
llava15,0.500000
llava15,0.500003
llava15,0.499232
llava15,0.500000
llava15,0.498224
llava15,0.445776
llava15,0.499755
llava15,0.499961
llava15,0.499945
llava15,0.497682
llava15,0.498673
llava15,0.499222
llava15,0.487678
llava15,0.492063
llava15,0.488009
llava15,0.499993
llava15,0.470928
llava15,0.498698
llava15,0.463668
llava15,0.232454
llava15,0.497823
llava15,0.470032
llava15,0.499990
llava15,0.499747
llava15,0.499998
llava15,0.499984
llava15,0.498456
llava15,0.494801
llava15,0.485042
llava15,0.495110
llava15,0.499995
llava15,0.000000
llava15,0.000143
llava15,0.000000
llava15,0.003601
llava15,0.124197
llava15,0.006581
llava15,0.000000
llava15,0.003854
llava15,0.000166
llava15,0.000002
llava15,0.267338
llava15,0.499993
llava15,0.499995
llava15,0.473804
llava15,0.499998
llava15,0.009571
llava15,0.383938
llava15,0.493609
llava15,0.499999
llava15,0.500000
llava15,0.493655
llava15,0.480325
llava15,0.494994
llava15,0.497947
llava15,0.499992
llava15,0.252351
llava15,0.494757
llava15,0.497160
llava15,0.499821
llava15,0.497840
llava15,0.487623
llava15,0.499996
llava15,0.271698
llava15,0.397565
llava15,0.492272
llava15,0.499995
llava15,0.498900
llava15,0.498401
llava15,0.499998
llava15,0.499994
llava15,0.498796
llava15,0.499982
llava15,0.499957
llava15,0.497641
llava15,0.497031
llava15,0.499991
llava15,0.499993
llava15,0.497689
llava15,0.500000
llava15,0.498393
llava15,0.499883
llava15,0.495092
llava15,0.490599
llava15,0.490223
llava15,0.421929
llava15,0.496340
llava15,0.499585
llava15,0.491183
llava15,0.500000
llava15,0.499974
llava15,0.494655
llava15,0.499398
llava15,0.499875
llava15,0.434213
llava15,0.401704
llava15,0.490427
llava15,0.499573
llava15,0.499572
llava15,0.499867
llava15,0.499936
llava15,0.499992
llava15,0.498709
llava15,0.487509
llava15,0.499985
llava15,0.460777
llava15,0.499965
llava15,0.499979
llava15,0.499717
llava15,0.499994
llava15,0.450664
llava15,0.495864
llava15,0.498936
llava15,0.499995
llava15,0.479167
llava15,0.499987
llava15,0.485424
llava15,0.499981
llava15,0.492734
llava15,0.471098
llava15,0.496251
llava15,0.496570
llava15,0.497396
llava15,0.499998
llava15,0.331346
llava15,0.499999
llava15,0.499998
llava15,0.499714
llava15,0.492741
llava15,0.499690
llava15,0.500000
llava15,0.454682
llava15,0.458427
llava15,0.499995
llava15,0.500000
llava15,0.499913
llava15,0.499993
llava15,0.499999
llava15,0.499940
llava15,0.500000
llava15,0.499990
llava15,0.499508
llava15,0.500000
llava15,0.499402
llava15,0.499728
llava15,0.000000
llava15,0.499854
llava15,0.499152
llava15,0.499870
llava15,0.498362
llava15,0.499959
llava15,0.499925
llava15,0.497119
llava15,0.498590
llava15,0.499985
llava15,0.498700
llava15,0.498259
llava15,0.488256
llava15,0.451248
llava15,0.476898
llava15,0.499970
llava15,0.499627
llava15,0.499236
llava15,0.499625
llava15,0.499997
llava15,0.487828
llava15,0.499988
llava15,0.478925
llava15,0.347017
llava15,0.487092
llava15,0.499917
llava15,0.499985
llava15,0.492355
llava15,0.461912
llava15,0.499822
llava15,0.498582
llava15,0.484642
llava15,0.499397
llava15,0.490182
llava15,0.375805
llava15,0.419852
llava15,0.499902
llava15,0.499937
llava15,0.332106
llava15,0.499969
llava15,0.435174
llava15,0.499969
llava15,0.499987
llava15,0.475440
llava15,0.487911
llava15,0.420848
llava15,0.495615
llava15,0.494941
llava15,0.499482
llava15,0.479718
llava15,0.500000
llava15,0.499695
llava15,0.499972
llava15,0.500000
llava15,0.499049
llava15,0.499970
llava15,0.499857
llava15,0.496225
llava15,0.499038
llava15,0.500001
llava15,0.483419
llava15,0.498337
llava15,0.489855
llava15,0.493669
llava15,0.498036
llava15,0.499993
llava15,0.499967
llava15,0.499883
llava15,0.499998
llava15,0.497481
llava15,0.498911
llava15,0.499802
llava15,0.500001
llava15,0.500003
llava15,0.497950
llava15,0.496969
llava15,0.499592
llava15,0.499928
llava15,0.499910
llava15,0.498389
llava15,0.499992
llava15,0.499980
llava15,0.499942
llava15,0.499794
llava15,0.497830
llava15,0.499995
llava15,0.500000
llava15,0.499136
llava15,0.497724
llava15,0.195736
llava15,0.460380
llava15,0.499930
llava15,0.499980
llava15,0.485132
llava15,0.499701
llava15,0.499972
llava15,0.497477
llava15,0.499050
llava15,0.500000
llava15,0.500000
llava15,0.499973
llava15,0.500000
llava15,0.499999
llava15,0.499950
llava15,0.498184
llava15,0.497921
llava15,0.499999
llava15,0.499934
llava15,0.499998
llava15,0.499618
llava15,0.499073
llava15,0.499378
llava_med,0.000000
llava_med,0.000000
llava_med,0.059984
llava_med,0.025013
llava_med,0.004789
llava_med,0.000002
llava_med,0.000005
llava_med,0.498759
llava_med,0.499990
llava_med,0.499988
llava_med,0.499924
llava_med,0.498987
llava_med,0.370560
llava_med,0.499954
llava_med,0.499398
llava_med,0.499800
llava_med,0.499997
llava_med,0.499995
llava_med,0.500000
llava_med,0.500002
llava_med,0.498817
llava_med,0.499319
llava_med,0.499819
llava_med,0.499732
llava_med,0.499993
llava_med,0.499704
llava_med,0.499993
llava_med,0.499980
llava_med,0.499651
llava_med,0.499997
llava_med,0.499994
llava_med,0.000000
llava_med,0.000000
llava_med,0.499964
llava_med,0.499996
llava_med,0.499999
llava_med,0.499978
llava_med,0.499300
llava_med,0.499181
llava_med,0.499998
llava_med,0.500000
llava_med,0.499994
llava_med,0.493294
llava_med,0.499998
llava_med,0.206395
llava_med,0.499940
llava_med,0.499670
llava_med,0.499997
llava_med,0.499999
llava_med,0.500001
llava_med,0.499998
llava_med,0.499999
llava_med,0.499928
llava_med,0.499858
llava_med,0.486596
llava_med,0.499830
llava_med,0.499975
llava_med,0.499996
llava_med,0.499999
llava_med,0.500000
llava_med,0.500000
llava_med,0.499992
llava_med,0.499996
llava_med,0.500000
llava_med,0.500000
llava_med,0.500000
llava_med,0.500000
llava_med,0.500000
llava_med,0.500000
llava_med,0.499983
llava_med,0.500000
llava_med,0.499999
llava_med,0.500000
llava_med,0.500000
llava_med,0.500001
llava_med,0.500001
llava_med,0.500000
llava_med,0.499997
llava_med,0.500000
llava_med,0.500000
llava_med,0.499997
llava_med,0.499999
llava_med,0.499730
llava_med,0.499963
llava_med,0.499943
llava_med,0.499974
llava_med,0.499981
llava_med,0.500000
llava_med,0.500000
llava_med,0.499992
llava_med,0.500000
llava_med,0.499999
llava_med,0.500000
llava_med,0.500000
llava_med,0.499133
llava_med,0.499783
llava_med,0.499999
llava_med,0.500000
llava_med,0.500000
llava_med,0.499998
llava_med,0.499997
llava_med,0.499984
llava_med,0.499998
llava_med,0.499999
llava_med,0.500000
llava_med,0.499999
llava_med,0.500001
llava_med,0.500000
llava_med,0.500000
llava_med,0.500000
llava_med,0.500000
llava_med,0.499980
llava_med,0.499997
llava_med,0.499604
llava_med,0.499986
llava_med,0.499488
llava_med,0.491338
llava_med,0.500000
llava_med,0.499991
llava_med,0.500000
llava_med,0.498757
llava_med,0.499999
llava_med,0.499998
llava_med,0.500000
llava_med,0.495454
llava_med,0.498870
llava_med,0.500000
llava_med,0.499998
llava_med,0.499999
llava_med,0.499973
llava_med,0.499835
llava_med,0.499848
llava_med,0.498769
llava_med,0.499962
llava_med,0.499727
llava_med,0.499996
llava_med,0.500001
llava_med,0.499988
llava_med,0.500000
llava_med,0.500000
llava_med,0.500000
llava_med,0.500001
llava_med,0.499930
llava_med,0.500000
llava_med,0.500000
llava_med,0.500000
llava_med,0.500000
llava_med,0.499391
llava_med,0.499054
llava_med,0.499863
llava_med,0.499998
llava_med,0.499931
llava_med,0.499953
llava_med,0.499115
llava_med,0.076869
llava_med,0.000396
llava_med,0.000000
llava_med,0.000000
llava_med,0.000000
llava_med,0.499931
llava_med,0.499596
llava_med,0.499874
llava_med,0.499984
llava_med,0.499960
llava_med,0.499847
llava_med,0.499998
llava_med,0.499992
llava_med,0.494180
llava_med,0.496684
llava_med,0.185672
llava_med,0.499602
llava_med,0.499981
llava_med,0.500000
llava_med,0.499994
llava_med,0.499222
llava_med,0.499813
llava_med,0.499737
llava_med,0.499869
llava_med,0.499998
llava_med,0.500000
llava_med,0.499996
llava_med,0.499996
llava_med,0.500003
llava_med,0.499999
llava_med,0.499482
llava_med,0.499984
llava_med,0.490097
llava_med,0.499971
llava_med,0.376316
llava_med,0.499972
llava_med,0.499989
llava_med,0.486585
llava_med,0.500000
llava_med,0.500000
llava_med,0.500000
llava_med,0.499956
llava_med,0.452882
llava_med,0.499384
llava_med,0.500002
llava_med,0.500000
llava_med,0.497208
llava_med,0.498748
llava_med,0.499976
llava_med,0.499894
llava_med,0.499503
llava_med,0.500003
llava_med,0.500005
llava_med,0.500000
llava_med,0.499658
llava_med,0.499991
llava_med,0.000000
llava_med,0.000000
llava_med,0.000000
llava_med,0.000000
llava_med,0.000000
llava_med,0.000000
llava_med,0.000000
llava_med,0.000000
llava_med,0.000002
llava_med,0.000045
llava_med,0.000000
llava_med,0.497910
llava_med,0.257047
llava_med,0.162554
llava_med,0.499989
llava_med,0.499988
llava_med,0.497993
llava_med,0.499921
llava_med,0.499946
llava_med,0.499867
llava_med,0.499999
llava_med,0.267493
llava_med,0.499996
llava_med,0.499991
llava_med,0.499964
llava_med,0.499943
llava_med,0.499738
llava_med,0.499950
llava_med,0.499999
llava_med,0.499993
llava_med,0.499214
llava_med,0.499393
llava_med,0.500000
llava_med,0.500000
llava_med,0.499999
llava_med,0.500001
llava_med,0.500000
llava_med,0.499997
llava_med,0.499999
llava_med,0.392908
llava_med,0.499973
llava_med,0.499965
llava_med,0.499890
llava_med,0.500001
llava_med,0.500000
llava_med,0.499999
llava_med,0.478711
llava_med,0.499981
llava_med,0.500003
llava_med,0.499729
llava_med,0.499522
llava_med,0.499998
llava_med,0.499421
llava_med,0.491183
llava_med,0.500001
llava_med,0.500000
llava_med,0.000000
llava_med,0.000000
llava_med,0.000000
llava_med,0.000000
llava_med,0.000000
llava_med,0.000000
llava_med,0.000000
llava_med,0.498588
llava_med,0.499994
llava_med,0.499995
llava_med,0.496690
llava_med,0.379549
llava_med,0.499385
llava_med,0.499968
llava_med,0.499982
llava_med,0.499883
llava_med,0.499999
llava_med,0.499305
llava_med,0.499939
llava_med,0.478982
llava_med,0.499969
llava_med,0.353061
llava_med,0.480984
llava_med,0.497928
llava_med,0.499988
llava_med,0.499954
llava_med,0.499991
llava_med,0.000000
llava_med,0.499623
llava_med,0.499689
llava_med,0.499914
llava_med,0.499999
llava_med,0.500000
llava_med,0.494044
llava_med,0.499875
llava_med,0.499686
llava_med,0.499818
llava_med,0.494907
llava_med,0.499998
llava_med,0.499587
llava_med,0.499990
llava_med,0.498663
llava_med,0.499932
llava_med,0.499484
llava_med,0.499906
llava_med,0.499868
llava_med,0.499963
llava_med,0.499922
llava_med,0.466318
llava_med,0.499972
llava_med,0.499913
llava_med,0.499960
llava_med,0.485535
llava_med,0.499989
llava_med,0.499969
llava_med,0.485185
llava_med,0.499977
llava_med,0.494714
llava_med,0.499963
llava_med,0.499820
llava_med,0.499928
llava_med,0.499990
llava_med,0.499998
llava_med,0.498461
llava_med,0.499993
llava_med,0.499994
llava_med,0.495752
llava_med,0.274199
llava_med,0.452354
llava_med,0.499866
llava_med,0.499188
llava_med,0.498555
llava_med,0.499992
llava_med,0.498956
llava_med,0.495168
llava_med,0.498846
llava_med,0.498185
llava_med,0.499584
llava_med,0.499952
llava_med,0.499991
llava_med,0.499980
llava_med,0.498092
llava_med,0.499928
llava_med,0.499737
llava_med,0.499998
llava_med,0.500000
llava_med,0.000000
llava_med,0.000000
llava_med,0.000000
llava_med,0.000000
llava_med,0.000000
llava_med,0.000000
llava_med,0.000000
llava_med,0.000000
llava_med,0.000000
llava_med,0.000000
llava_med,0.000000
llava_med,0.499199
llava_med,0.155910
llava_med,0.499954
llava_med,0.499991
llava_med,0.499999
llava_med,0.499986
llava_med,0.005390
llava_med,0.233994
llava_med,0.500000
llava_med,0.497318
llava_med,0.499999
llava_med,0.500000
llava_med,0.499997
llava_med,0.499710
llava_med,0.499974
llava_med,0.500000
llava_med,0.499966
llava_med,0.500002
llava_med,0.500003
llava_med,0.499999
llava_med,0.491049
llava_med,0.500001
llava_med,0.499951
llava_med,0.499998
llava_med,0.496887
llava_med,0.499983
llava_med,0.499996
llava_med,0.499991
llava_med,0.499996
llava_med,0.500000
llava_med,0.500000
llava_med,0.499997
llava_med,0.500000
llava_med,0.499856
llava_med,0.499989
llava_med,0.500000
llava_med,0.500000
llava_med,0.499986
llava_med,0.500000
llava_med,0.499996
llava_med,0.500000
llava_med,0.500000
llava_med,0.500000
llava_med,0.000000
llava_med,0.000000
llava_med,0.000000
llava_med,0.000000
llava_med,0.000000
llava_med,0.000000
llava_med,0.000000
llava_med,0.000000
llava_med,0.000005
llava_med,0.000000
llava_med,0.000000
llava_med,0.499153
llava_med,0.499955
llava_med,0.467379
llava_med,0.499979
llava_med,0.499990
llava_med,0.499903
llava_med,0.329414
llava_med,0.499942
llava_med,0.499997
llava_med,0.499956
llava_med,0.466634
llava_med,0.348094
llava_med,0.499941
llava_med,0.499998
llava_med,0.499800
llava_med,0.499981
llava_med,0.499653
llava_med,0.499962
llava_med,0.500000
llava_med,0.000000
llava_med,0.000000
llava_med,0.000000
llava_med,0.000000
llava_med,0.000000
llava_med,0.000000
llava_med,0.000000
llava_med,0.000000
llava_med,0.000000
llava_med,0.000000
llava_med,0.000000
llava_med,0.000000
llava_med,0.000000
llava_med,0.200982
llava_med,0.499882
llava_med,0.499996
llava_med,0.500003
llava_med,0.499996
llava_med,0.499996
llava_med,0.491877
llava_med,0.400062
llava_med,0.499759
llava_med,0.499879
llava_med,0.499928
llava_med,0.084921
llava_med,0.500001
llava_med,0.499990
llava_med,0.498856
llava_med,0.479156
llava_med,0.477428
llava_med,0.500000
llava_med,0.499995
llava_med,0.499960
llava_med,0.499997
llava_med,0.499877
llava_med,0.499961
llava_med,0.499991
llava_med,0.000000
llava_med,0.499623
llava_med,0.499689
llava_med,0.499914
llava_med,0.499999
llava_med,0.500000
llava_med,0.471985
llava_med,0.499721
llava_med,0.499998
llava_med,0.499999
llava_med,0.499930
llava_med,0.498874
llava_med,0.257400
llava_med,0.499883
llava_med,0.499962
llava_med,0.499999
llava_med,0.499994
llava_med,0.496089
llava_med,0.499964
llava_med,0.499998
llava_med,0.499981
llava_med,0.499973
llava_med,0.499997
llava_med,0.499983
llava_med,0.498694
llava_med,0.499890
llava_med,0.497503
llava_med,0.499966
llava_med,0.494181
llava_med,0.499918
llava_med,0.499991
llava_med,0.500000
llava_med,0.499999
llava_med,0.500000
llava_med,0.500000
llava_med,0.500000
llava_med,0.499709
llava_med,0.499996
llava_med,0.498843
llava_med,0.499999
llava_med,0.500000
llava_med,0.500000
llava_med,0.499999
llava_med,0.499960
llava_med,0.499818
llava_med,0.500000
llava_med,0.500000
llava_med,0.500000
llava_med,0.500000
llava_med,0.500000
llava_med,0.499852
llava_med,0.499985
llava_med,0.499975
llava_med,0.499983
llava_med,0.499999
llava_med,0.487583
llava_med,0.499999
llava_med,0.499976
llava_med,0.500000
llava_med,0.500001
llava_med,0.500000
llava_med,0.500000
llava_med,0.500000
llava_med,0.500000
llava_med,0.500000
llava_med,0.499996
llava_med,0.499999
llava_med,0.500000
llava_med,0.000000
llava_med,0.000000
llava_med,0.000000
llava_med,0.000000
llava_med,0.000000
llava_med,0.000000
llava_med,0.000000
llava_med,0.000000
llava_med,0.000000
llava_med,0.006240
llava_med,0.499804
llava_med,0.499913
llava_med,0.499978
llava_med,0.499961
llava_med,0.499998
llava_med,0.499987
llava_med,0.240947
llava_med,0.000262
llava_med,0.000014
llava_med,0.001648
llava_med,0.037236
llava_med,0.221070
llava_med,0.498680
llava_med,0.497700
llava_med,0.392645
llava_med,0.499996
llava_med,0.499994
llava_med,0.494912
llava_med,0.499567
llava_med,0.499619
llava_med,0.499816
llava_med,0.498726
llava_med,0.499993
llava_med,0.499995
llava_med,0.497852
llava_med,0.492537
llava_med,0.498843
llava_med,0.499811
llava_med,0.499866
llava_med,0.499898
llava_med,0.499688
llava_med,0.499998
llava_med,0.499999
llava_med,0.499901
llava_med,0.468721
llava_med,0.000001
llava_med,0.201941
llava_med,0.500000
llava_med,0.499992
llava_med,0.495856
llava_med,0.499993
llava_med,0.499933
llava_med,0.499971
llava_med,0.499987
llava_med,0.491409
llava_med,0.452248
llava_med,0.499991
llava_med,0.500000
llava_med,0.000000
llava_med,0.000000
llava_med,0.000000
llava_med,0.000000
llava_med,0.000000
llava_med,0.000000
llava_med,0.000000
llava_med,0.000000
llava_med,0.000001
llava_med,0.000044
llava_med,0.000000
llava_med,0.499063
llava_med,0.499900
llava_med,0.499918
llava_med,0.499998
llava_med,0.499986
llava_med,0.323067
llava_med,0.262180
llava_med,0.499848
llava_med,0.499390
llava_med,0.499998
llava_med,0.500000
llava_med,0.499996
llava_med,0.500000
llava_med,0.500000
llava_med,0.500000
llava_med,0.489062
llava_med,0.499634
llava_med,0.496464
llava_med,0.499977
llava_med,0.500000
llava_med,0.499996
llava_med,0.498906
llava_med,0.500001
llava_med,0.499999
llava_med,0.499766
llava_med,0.499905
llava_med,0.499413
llava_med,0.500000
llava_med,0.500000
llava_med,0.500000
llava_med,0.500000
llava_med,0.500000
llava_med,0.499998
llava_med,0.499992
llava_med,0.499935
llava_med,0.499989
llava_med,0.496428
llava_med,0.500000
llava_med,0.499998
llava_med,0.499998
llava_med,0.000000
llava_med,0.000000
llava_med,0.000000
llava_med,0.000000
llava_med,0.000000
llava_med,0.000000
llava_med,0.003947
llava_med,0.000000
llava_med,0.000000
llava_med,0.000097
llava_med,0.000208
llava_med,0.000000
llava_med,0.499808
llava_med,0.190384
llava_med,0.499895
llava_med,0.499998
llava_med,0.499920
llava_med,0.442155
llava_med,0.500000
llava_med,0.499980
llava_med,0.493510
llava_med,0.500000
llava_med,0.499989
llava_med,0.499956
llava_med,0.498737
llava_med,0.500001
llava_med,0.499964
llava_med,0.389474
llava_med,0.499993
llava_med,0.499999
llava_med,0.498480
llava_med,0.499762
llava_med,0.499954
llava_med,0.499997
llava_med,0.499979
llava_med,0.499071
llava_med,0.499970
llava_med,0.490654
llava_med,0.420472
llava_med,0.499926
llava_med,0.499262
llava_med,0.496821
llava_med,0.499835
llava_med,0.499998
llava_med,0.499994
llava_med,0.499998
llava_med,0.482863
llava_med,0.499554
llava_med,0.499889
llava_med,0.499996
llava_med,0.499948
llava_med,0.002805
llava_med,0.074243
llava_med,0.283678
llava_med,0.500000
llava_med,0.500000
llava_med,0.281277
llava_med,0.000003
llava_med,0.312175
llava_med,0.233886
llava_med,0.033062
llava_med,0.000040
llava_med,0.000000
llava_med,0.000000
llava_med,0.000000
llava_med,0.000000
llava_med,0.000000
llava_med,0.000000
llava_med,0.000000
llava_med,0.000000
llava_med,0.499120
llava_med,0.499989
llava_med,0.499991
llava_med,0.497993
llava_med,0.274281
llava_med,0.499876
llava_med,0.465298
llava_med,0.499909
llava_med,0.496749
llava_med,0.499991
llava_med,0.499959
llava_med,0.387853
llava_med,0.499892
llava_med,0.497115
llava_med,0.496937
llava_med,0.499380
llava_med,0.499994
llava_med,0.499990
llava_med,0.499996
llava_med,0.499989
llava_med,0.499998
llava_med,0.498459
llava_med,0.498946
llava_med,0.499994
llava_med,0.000000
llava_med,0.000000
llava_med,0.000000
llava_med,0.000000
llava_med,0.000000
llava_med,0.000000
llava_med,0.000000
llava_med,0.495544
llava_med,0.499377
llava_med,0.496731
llava_med,0.499942
llava_med,0.499969
llava_med,0.499986
llava_med,0.498769
llava_med,0.499992
llava_med,0.499953
llava_med,0.306872
llava_med,0.499959
llava_med,0.500008
llava_med,0.499637
llava_med,0.058793
llava_med,0.499949
llava_med,0.499937
llava_med,0.499765
llava_med,0.499977
llava_med,0.496709
llava_med,0.499809
llava_med,0.331331
llava_med,0.005432
llava_med,0.043284
llava_med,0.499979
llava_med,0.499822
llava_med,0.485133
llava_med,0.499890
llava_med,0.499991
llava_med,0.500003
llava_med,0.499975
llava_med,0.499758
llava_med,0.499997
llava_med,0.000000
llava_med,0.000000
llava_med,0.000000
llava_med,0.000000
llava_med,0.000000
llava_med,0.000000
llava_med,0.000000
llava_med,0.000000
llava_med,0.000001
llava_med,0.000033
llava_med,0.000000
llava_med,0.499155
llava_med,0.435977
llava_med,0.499998
llava_med,0.236439
llava_med,0.444557
llava_med,0.499979
llava_med,0.499997
llava_med,0.499796
llava_med,0.499942
llava_med,0.499991
llava_med,0.484783
llava_med,0.499851
llava_med,0.490472
llava_med,0.499863
llava_med,0.499994
llava_med,0.000000
llava_med,0.000000
llava_med,0.000000
llava_med,0.000000
llava_med,0.000000
llava_med,0.000000
llava_med,0.000000
llava_med,0.499975
llava_med,0.498054
llava_med,0.496505
llava_med,0.499998
llava_med,0.499977
llava_med,0.499705
llava_med,0.499994
llava_med,0.377846
llava_med,0.499534
llava_med,0.499976
llava_med,0.430995
llava_med,0.499998
llava_med,0.499816
llava_med,0.499986
llava_med,0.499999
llava_med,0.499996
llava_med,0.499971
llava_med,0.494302
llava_med,0.499990
llava_med,0.499942
llava_med,0.499991
llava_med,0.494510
llava_med,0.497535
llava_med,0.499831
llava_med,0.499373
llava_med,0.496128
llava_med,0.499915
llava_med,0.499718
llava_med,0.499861
llava_med,0.499985
llava_med,0.000000
llava_med,0.000000
llava_med,0.000000
llava_med,0.000000
llava_med,0.000000
llava_med,0.000000
llava_med,0.000000
llava_med,0.000000
llava_med,0.000001
llava_med,0.000033
llava_med,0.000000
llava_med,0.000000
llava_med,0.000000
llava_med,0.000000
llava_med,0.000000
llava_med,0.499901
llava_med,0.499949
llava_med,0.500000
llava_med,0.499992
llava_med,0.499994
llava_med,0.493950
llava_med,0.499943
llava_med,0.499253
llava_med,0.499947
llava_med,0.495878
llava_med,0.465933
llava_med,0.356114
llava_med,0.499996
llava_med,0.498714
llava_med,0.361763
llava_med,0.499991
llava_med,0.495664
llava_med,0.499998
llava_med,0.499998
llava_med,0.000000
llava_med,0.000000
llava_med,0.000000
llava_med,0.000000
llava_med,0.000000
llava_med,0.000000
llava_med,0.000000
llava_med,0.499205
llava_med,0.499991
llava_med,0.499992
llava_med,0.498199
llava_med,0.499941
llava_med,0.155295
llava_med,0.473936
llava_med,0.499368
llava_med,0.499859
llava_med,0.499993
llava_med,0.499902
llava_med,0.499950
llava_med,0.499982
llava_med,0.499995
llava_med,0.500001
llava_med,0.499989
llava_med,0.488890
llava_med,0.494481
llava_med,0.499954
llava_med,0.499984
llava_med,0.499980
llava_med,0.499848
llava_med,0.500000
llava_med,0.499892
llava_med,0.499344
llava_med,0.499981
llava_med,0.499638
llava_med,0.493615
llava_med,0.499977
llava_med,0.500001
llava_med,0.497647
llava_med,0.493541
llava_med,0.493834
llava_med,0.499978
llava_med,0.500000
llava_med,0.000000
llava_med,0.000000
llava_med,0.000000
llava_med,0.000000
llava_med,0.000000
llava_med,0.000000
llava_med,0.000000
llava_med,0.499205
llava_med,0.499992
llava_med,0.499990
llava_med,0.498147
llava_med,0.498032
llava_med,0.105779
llava_med,0.096474
llava_med,0.499901
llava_med,0.477664
llava_med,0.499773
llava_med,0.499996
llava_med,0.486825
llava_med,0.483844
llava_med,0.499552
llava_med,0.499972
llava_med,0.498860
llava_med,0.500000
llava_med,0.499999
llava_med,0.500000
llava_med,0.498201
llava_med,0.499956
llava_med,0.499992
llava_med,0.500001
llava_med,0.499199
llava_med,0.443156
llava_med,0.499976
llava_med,0.500000
llava_med,0.000000
llava_med,0.499747
llava_med,0.499775
llava_med,0.499999
llava_med,0.499847
llava_med,0.499959
llava_med,0.470896
llava_med,0.499369
llava_med,0.499755
llava_med,0.499989
llava_med,0.001322
llava_med,0.499976
llava_med,0.499999
llava_med,0.499999
llava_med,0.499800
llava_med,0.496546
llava_med,0.499989
llava_med,0.499989
llava_med,0.499983
llava_med,0.500001
llava_med,0.499967
llava_med,0.499977
llava_med,0.500006
llava_med,0.499969
llava_med,0.499684
llava_med,0.474953
llava_med,0.499756
llava_med,0.499947
llava_med,0.499956
llava_med,0.499951
llava_med,0.499386
llava_med,0.499873
llava_med,0.499999
llava_med,0.499972
llava_med,0.319221
llava_med,0.310776
llava_med,0.499998
llava_med,0.000000
llava_med,0.000014
llava_med,0.000000
llava_med,0.000000
llava_med,0.000000
llava_med,0.000000
llava_med,0.000000
llava_med,0.499999
llava_med,0.496140
llava_med,0.488399
llava_med,0.496330
llava_med,0.499979
llava_med,0.471551
llava_med,0.499989
llava_med,0.499990
llava_med,0.488760
llava_med,0.499873
llava_med,0.429823
llava_med,0.499151
llava_med,0.499876
llava_med,0.499803
llava_med,0.499990
llava_med,0.498823
llava_med,0.499999
llava_med,0.499958
llava_med,0.458402
llava_med,0.013900
llava_med,0.499967
llava_med,0.499707
llava_med,0.499905
llava_med,0.492022
llava_med,0.447326
llava_med,0.499975
llava_med,0.499988
llava_med,0.498108
llava_med,0.499989
llava_med,0.499998
llava_med,0.499946
llava_med,0.486025
llava_med,0.498888
llava_med,0.499738
llava_med,0.499952
llava_med,0.499971
llava_med,0.499999
llava_med,0.500000
llava_med,0.500000
llava_med,0.000000
llava_med,0.000014
llava_med,0.000000
llava_med,0.000000
llava_med,0.000000
llava_med,0.000000
llava_med,0.000000
llava_med,0.000000
llava_med,0.000000
llava_med,0.012220
llava_med,0.289591
llava_med,0.499833
llava_med,0.499695
llava_med,0.410232
llava_med,0.065627
llava_med,0.325701
llava_med,0.499841
llava_med,0.489940
llava_med,0.499997
llava_med,0.500000
llava_med,0.498720
llava_med,0.499990
llava_med,0.499699
llava_med,0.496331
llava_med,0.486924
llava_med,0.496208
llava_med,0.499631
llava_med,0.481438
llava_med,0.498274
llava_med,0.485807
llava_med,0.499941
llava_med,0.487832
llava_med,0.499817
llava_med,0.499596
llava_med,0.499911
llava_med,0.499999
llava_med,0.500000
llava_med,0.496464
llava_med,0.494894
llava_med,0.499990
llava_med,0.000000
llava_med,0.000014
llava_med,0.499978
llava_med,0.499999
llava_med,0.499915
llava_med,0.499998
llava_med,0.499979
llava_med,0.499973
llava_med,0.499974
llava_med,0.493404
llava_med,0.448797
llava_med,0.497137
llava_med,0.499971
llava_med,0.495155
llava_med,0.499998
llava_med,0.499997
llava_med,0.499643
llava_med,0.499387
llava_med,0.499990
llava_med,0.499994
llava_med,0.499996
llava_med,0.499965
llava_med,0.499911
llava_med,0.499670
llava_med,0.499994
llava_med,0.499985
llava_med,0.498226
llava_med,0.499998
llava_med,0.499983
llava_med,0.494155
llava_med,0.496804
llava_med,0.499964
llava_med,0.499990
llava_med,0.499872
llava_med,0.472519
llava_med,0.499997
llava_med,0.499957
llava_med,0.472685
llava_med,0.499904
llava_med,0.499883
llava_med,0.499990
llava_med,0.499946
llava_med,0.500000
llava_med,0.500000
llava_med,0.499996
llava_med,0.500000
llava_med,0.499993
llava_med,0.499908
llava_med,0.500003
llava_med,0.500002
llava_med,0.499973
llava_med,0.499974
llava_med,0.500002
llava_med,0.499997
llava_med,0.500000
llava_med,0.500000
llava_med,0.500000
llava_med,0.495798
llava_med,0.499893
llava_med,0.499979
llava_med,0.499988
llava_med,0.500001
llava_med,0.500000
llava_med,0.500001
llava_med,0.500000
llava_med,0.499771
llava_med,0.500000
llava_med,0.499983
llava_med,0.499229
llava_med,0.499995
llava_med,0.500000
llava_med,0.499988
llava_med,0.499638
llava_med,0.499690
llava_med,0.499998
llava_med,0.499965
llava_med,0.498614
llava_med,0.499981
llava_med,0.499999
llava_med,0.500000
llava_med,0.000000
llava_med,0.499385
llava_med,0.499634
llava_med,0.499891
llava_med,0.498544
llava_med,0.485311
llava_med,0.361214
llava_med,0.499998
llava_med,0.499983
llava_med,0.495911
llava_med,0.495970
llava_med,0.499972
llava_med,0.499633
llava_med,0.499874
llava_med,0.499989
llava_med,0.499968
llava_med,0.325864
llava_med,0.352822
llava_med,0.376667
llava_med,0.499095
llava_med,0.499282
llava_med,0.367429
llava_med,0.497392
llava_med,0.499963
llava_med,0.499811
llava_med,0.492925
llava_med,0.499765
llava_med,0.444563
llava_med,0.499966
llava_med,0.499907
llava_med,0.000000
llava_med,0.000014
llava_med,0.000000
llava_med,0.000000
llava_med,0.000000
llava_med,0.000000
llava_med,0.000000
llava_med,0.499984
llava_med,0.499984
llava_med,0.490366
llava_med,0.499048
llava_med,0.495048
llava_med,0.499667
llava_med,0.499768
llava_med,0.499226
llava_med,0.486571
llava_med,0.499927
llava_med,0.499970
llava_med,0.462081
llava_med,0.488890
llava_med,0.499792
llava_med,0.499648
llava_med,0.499630
llava_med,0.499764
llava_med,0.499976
llava_med,0.494685
llava_med,0.497940
llava_med,0.497143
llava_med,0.499941
llava_med,0.499999
llava_med,0.499998
llava_med,0.499961
llava_med,0.500000
llava_med,0.500000
llava_med,0.500000
llava_med,0.499999
llava_med,0.465522
llava_med,0.499995
llava_med,0.499998
llava_med,0.500000
llava_med,0.500000
llava_med,0.499999
llava_med,0.499998
llava_med,0.499989
llava_med,0.499991
llava_med,0.500001
llava_med,0.500000
llava_med,0.500000
llava_med,0.500000
llava_med,0.095811
llava_med,0.494249
llava_med,0.499975
llava_med,0.499999
llava_med,0.498881
llava_med,0.500000
llava_med,0.499835
llava_med,0.500000
llava_med,0.500000
llava_med,0.499999
llava_med,0.500000
llava_med,0.499926
llava_med,0.499998
llava_med,0.499757
llava_med,0.499986
llava_med,0.500001
llava_med,0.499993
llava_med,0.499981
llava_med,0.499975
llava_med,0.223227
llava_med,0.497595
llava_med,0.499915
llava_med,0.499995
llava_med,0.499998
llava_med,0.499914
llava_med,0.499740
llava_med,0.499962
llava_med,0.500001
llava_med,0.499999
llava_med,0.499999
llava_med,0.499980
llava_med,0.500000
llava_med,0.500000
llava_med,0.499992
llava_med,0.499987
llava_med,0.496738
llava_med,0.500003
llava_med,0.499982
llava_med,0.499977
llava_med,0.499988
llava_med,0.500000
llava_med,0.500003
llava_med,0.500004
llava_med,0.499998
llava_med,0.254695
llava_med,0.499998
llava_med,0.499998
llava_med,0.499878
llava_med,0.500000
llava_med,0.500000
llava_med,0.499962
llava_med,0.500000
llava_med,0.500004
llava_med,0.496943
llava_med,0.306430
llava_med,0.499846
llava_med,0.499966
llava_med,0.500004
llava_med,0.499719
llava_med,0.500000
llava_med,0.499975
llava_med,0.499999
llava_med,0.500000
llava_med,0.499989
llava_med,0.499783
llava_med,0.500000
llava_med,0.500001
llava_med,0.499923
llava_med,0.499983
llava_med,0.499996
llava_med,0.000000
llava_med,0.000014
llava_med,0.000000
llava_med,0.000000
llava_med,0.000000
llava_med,0.000000
llava_med,0.000000
llava_med,0.499956
llava_med,0.499894
llava_med,0.499932
llava_med,0.499985
llava_med,0.500000
llava_med,0.489781
llava_med,0.499990
llava_med,0.499993
llava_med,0.499994
llava_med,0.499963
llava_med,0.499991
llava_med,0.499273
llava_med,0.496582
llava_med,0.499653
llava_med,0.488416
llava_med,0.499999
llava_med,0.426091
llava_med,0.499961
llava_med,0.499988
llava_med,0.494080
llava_med,0.499982
llava_med,0.499999
llava_med,0.499997
llava_med,0.500000
llava_med,0.500000
llava_med,0.499998
llava_med,0.499997
llava_med,0.499970
llava_med,0.500000
llava_med,0.499978
llava_med,0.482922
llava_med,0.497079
llava_med,0.499962
llava_med,0.500000
llava_med,0.499997
llava_med,0.499990
llava_med,0.498776
llava_med,0.499997
llava_med,0.500000
llava_med,0.500000
llava_med,0.499967
llava_med,0.500000
llava_med,0.500000
llava_med,0.000000
llava_med,0.000014
llava_med,0.000000
llava_med,0.000000
llava_med,0.000000
llava_med,0.000000
llava_med,0.000000
llava_med,0.000000
llava_med,0.000000
llava_med,0.000000
llava_med,0.000000
llava_med,0.000000
llava_med,0.000000
llava_med,0.087531
llava_med,0.332354
llava_med,0.445310
llava_med,0.499983
llava_med,0.499917
llava_med,0.419639
llava_med,0.353820
llava_med,0.499952
llava_med,0.499740
llava_med,0.499987
llava_med,0.490219
llava_med,0.414805
llava_med,0.000002
llava_med,0.430472
llava_med,0.499990
llava_med,0.499942
llava_med,0.499999
llava_med,0.494588
llava_med,0.499737
llava_med,0.499509
llava_med,0.328494
llava_med,0.499584
llava_med,0.497406
llava_med,0.386719
llava_med,0.499855
llava_med,0.499966
llava_med,0.473326
llava_med,0.495762
llava_med,0.491671
llava_med,0.469528
llava_med,0.010666
llava_med,0.372107
llava_med,0.499940
llava_med,0.499901
llava_med,0.499989
llava_med,0.000000
llava_med,0.000014
llava_med,0.000000
llava_med,0.000000
llava_med,0.000000
llava_med,0.000000
llava_med,0.000000
llava_med,0.499984
llava_med,0.499984
llava_med,0.488411
llava_med,0.499929
llava_med,0.500000
llava_med,0.499313
llava_med,0.499993
llava_med,0.499982
llava_med,0.499155
llava_med,0.499380
llava_med,0.499693
llava_med,0.499917
llava_med,0.499675
llava_med,0.499987
llava_med,0.499995
llava_med,0.081931
llava_med,0.116692
llava_med,0.499985
llava_med,0.499972
llava_med,0.478703
llava_med,0.473631
llava_med,0.492852
llava_med,0.499831
llava_med,0.496643
llava_med,0.499993
llava_med,0.489327
llava_med,0.499988
llava_med,0.499813
llava_med,0.499996
llava_med,0.497517
llava_med,0.492870
llava_med,0.499856
llava_med,0.499932
llava_med,0.000000
llava_med,0.000014
llava_med,0.000000
llava_med,0.000000
llava_med,0.000000
llava_med,0.000000
llava_med,0.000000
llava_med,0.499984
llava_med,0.499984
llava_med,0.488411
llava_med,0.499998
llava_med,0.500001
llava_med,0.499990
llava_med,0.499956
llava_med,0.499997
llava_med,0.498308
llava_med,0.499354
llava_med,0.499948
llava_med,0.499625
llava_med,0.478624
llava_med,0.499968
llava_med,0.499953
llava_med,0.499922
llava_med,0.499748
llava_med,0.498737
llava_med,0.058451
llava_med,0.415246
llava_med,0.499879
llava_med,0.499996
llava_med,0.499972
llava_med,0.495506
llava_med,0.499364
llava_med,0.499691
llava_med,0.499940
llava_med,0.498492
llava_med,0.499999
llava_med,0.499996
llava_med,0.499996
llava_med,0.499989
llava_med,0.499994
llava_med,0.499995
llava_med,0.499935
llava_med,0.499928
llava_med,0.499997
llava_med,0.499990
llava_med,0.500000
llava_med,0.499997
llava_med,0.499998
llava_med,0.499957
llava_med,0.500000
llava_med,0.499999
llava_med,0.499974
llava_med,0.499999
llava_med,0.499994
llava_med,0.500001
llava_med,0.499998
llava_med,0.500001
llava_med,0.499999
llava_med,0.500000
llava_med,0.499885
llava_med,0.500000
llava_med,0.500000
llava_med,0.499999
llava_med,0.500000
llava_med,0.500000
llava_med,0.499999
llava_med,0.499999
llava_med,0.491122
llava_med,0.500000
llava_med,0.500000
llava_med,0.500000
llava_med,0.499989
llava_med,0.500000
llava_med,0.499944
llava_med,0.499999
llava_med,0.499972
llava_med,0.500000
llava_med,0.500000
llava_med,0.499998
llava_med,0.499903
llava_med,0.499983
llava_med,0.498007
llava_med,0.500001
llava_med,0.500000
llava_med,0.499973
llava_med,0.500001
llava_med,0.500000
llava_med,0.499991
llava_med,0.499997
llava_med,0.499912
llava_med,0.500003
llava_med,0.500002
llava_med,0.499995
llava_med,0.499920
llava_med,0.498524
llava_med,0.500001
llava_med,0.500001
llava_med,0.500002
llava_med,0.499902
llava_med,0.499999
llava_med,0.499999
llava_med,0.499974
llava_med,0.499996
llava_med,0.500000
llava_med,0.500000
llava_med,0.500001
llava_med,0.495118
llava_med,0.495584
llava_med,0.478921
llava_med,0.293340
llava_med,0.499900
llava_med,0.499933
llava_med,0.499984
llava_med,0.499954
llava_med,0.499434
llava_med,0.495995
llava_med,0.499846
llava_med,0.500000
llava_med,0.000000
llava_med,0.499741
llava_med,0.499789
llava_med,0.499904
llava_med,0.499304
llava_med,0.455954
llava_med,0.496106
llava_med,0.499952
llava_med,0.499952
llava_med,0.498519
llava_med,0.373106
llava_med,0.495970
llava_med,0.493820
llava_med,0.499758
llava_med,0.488162
llava_med,0.499806
llava_med,0.387844
llava_med,0.499995
llava_med,0.499983
llava_med,0.499957
llava_med,0.498326
llava_med,0.477767
llava_med,0.420162
llava_med,0.499985
llava_med,0.235168
llava_med,0.496585
llava_med,0.499875
llava_med,0.499998
llava_med,0.499996
llava_med,0.499955
llava_med,0.499724
llava_med,0.499928
llava_med,0.052370
llava_med,0.025337
llava_med,0.257463
llava_med,0.499949
llava_med,0.483167
llava_med,0.464797
llava_med,0.499984
llava_med,0.499997
llava_med,0.499987
llava_med,0.493654
llava_med,0.481847
llava_med,0.499993
llava_med,0.499998
llava_med,0.000000
llava_med,0.000000
llava_med,0.499928
llava_med,0.499642
llava_med,0.499584
llava_med,0.499953
llava_med,0.499542
llava_med,0.499999
llava_med,0.491353
llava_med,0.499990
llava_med,0.499997
llava_med,0.495768
llava_med,0.499994
llava_med,0.499998
llava_med,0.478194
llava_med,0.489737
llava_med,0.499339
llava_med,0.499653
llava_med,0.499999
llava_med,0.499967
llava_med,0.492929
llava_med,0.054609
llava_med,0.499922
llava_med,0.324729
llava_med,0.499887
llava_med,0.499991
llava_med,0.435373
llava_med,0.498145
llava_med,0.500001
llava_med,0.499239
llava_med,0.498113
llava_med,0.318914
llava_med,0.499837
llava_med,0.499848
llava_med,0.499992
llava_med,0.499999
llava_med,0.499991
llava_med,0.073877
llava_med,0.499993
llava_med,0.498799
llava_med,0.499992
llava_med,0.499999
llava_med,0.499849
llava_med,0.500000
llava_med,0.500000
llava_med,0.499992
llava_med,0.499174
llava_med,0.496573
llava_med,0.499893
llava_med,0.498956
llava_med,0.499991
llava_med,0.500002
llava_med,0.499967
llava_med,0.500000
llava_med,0.500004
llava_med,0.499988
llava_med,0.500001
llava_med,0.499973
llava_med,0.492321
llava_med,0.499999
llava_med,0.499986
llava_med,0.499999
llava_med,0.000000
llava_med,0.000000
llava_med,0.000000
llava_med,0.000000
llava_med,0.000000
llava_med,0.000000
llava_med,0.000000
llava_med,0.499986
llava_med,0.499991
llava_med,0.495754
llava_med,0.499987
llava_med,0.499999
llava_med,0.478947
llava_med,0.499976
llava_med,0.499985
llava_med,0.497267
llava_med,0.487369
llava_med,0.050515
llava_med,0.499744
llava_med,0.499863
llava_med,0.498619
llava_med,0.499928
llava_med,0.399412
llava_med,0.057040
llava_med,0.297338
llava_med,0.464496
llava_med,0.499998
llava_med,0.499998
llava_med,0.499985
llava_med,0.499943
llava_med,0.499998
llava_med,0.490798
llava_med,0.487122
llava_med,0.499994
llava_med,0.420389
llava_med,0.499722
llava_med,0.499937
llava_med,0.418070
llava_med,0.379968
llava_med,0.349454
llava_med,0.499714
llava_med,0.499992
llava_med,0.499968
llava_med,0.498056
llava_med,0.455965
llava_med,0.499326
llava_med,0.499986
llava_med,0.000000
llava_med,0.000000
llava_med,0.499943
llava_med,0.499556
llava_med,0.498895
llava_med,0.499960
llava_med,0.491603
llava_med,0.494613
llava_med,0.496323
llava_med,0.421921
llava_med,0.497673
llava_med,0.499980
llava_med,0.499996
llava_med,0.499889
llava_med,0.499990
llava_med,0.499994
llava_med,0.499359
llava_med,0.061643
llava_med,0.499663
llava_med,0.499920
llava_med,0.499956
llava_med,0.486031
llava_med,0.494988
llava_med,0.493178
llava_med,0.499921
llava_med,0.499996
llava_med,0.499844
llava_med,0.499868
llava_med,0.367200
llava_med,0.488833
llava_med,0.494216
llava_med,0.499989
llava_med,0.000000
llava_med,0.499741
llava_med,0.488756
llava_med,0.499899
llava_med,0.499994
llava_med,0.499998
llava_med,0.499342
llava_med,0.499987
llava_med,0.499999
llava_med,0.486582
llava_med,0.499920
llava_med,0.499991
llava_med,0.485015
llava_med,0.498723
llava_med,0.499790
llava_med,0.490843
llava_med,0.499979
llava_med,0.499925
llava_med,0.499879
llava_med,0.495630
llava_med,0.499702
llava_med,0.489389
llava_med,0.499995
llava_med,0.499235
llava_med,0.498982
llava_med,0.499576
llava_med,0.499997
llava_med,0.499972
llava_med,0.499809
llava_med,0.499862
llava_med,0.499998
llava_med,0.490463
llava_med,0.499160
llava_med,0.499996
llava_med,0.490692
llava_med,0.499951
llava_med,0.440913
llava_med,0.499999
llava_med,0.495041
llava_med,0.470290
llava_med,0.499985
llava_med,0.499979
llava_med,0.499947
llava_med,0.489823
llava_med,0.496748
llava_med,0.499591
llava_med,0.498590
llava_med,0.412865
llava_med,0.469844
llava_med,0.350555
llava_med,0.499983
llava_med,0.499998
llava_med,0.485156
llava_med,0.490881
llava_med,0.497356
llava_med,0.499910
llava_med,0.499979
llava_med,0.498396
llava_med,0.499862
llava_med,0.499999
llava_med,0.000000
llava_med,0.000000
llava_med,0.000000
llava_med,0.000000
llava_med,0.000000
llava_med,0.000000
llava_med,0.000000
llava_med,0.499986
llava_med,0.499991
llava_med,0.495754
llava_med,0.499965
llava_med,0.499968
llava_med,0.480804
llava_med,0.499186
llava_med,0.499910
llava_med,0.499975
llava_med,0.499971
llava_med,0.499933
llava_med,0.357230
llava_med,0.028091
llava_med,0.498721
llava_med,0.499999
llava_med,0.338011
llava_med,0.432352
llava_med,0.499758
llava_med,0.499685
llava_med,0.499887
llava_med,0.499999
llava_med,0.499988
llava_med,0.499867
llava_med,0.480173
llava_med,0.499998
llava_med,0.499996
llava_med,0.498265
llava_med,0.499600
llava_med,0.500001
llava_med,0.499899
llava_med,0.498317
llava_med,0.499994
llava_med,0.500011
llava_med,0.499966
llava_med,0.498913
llava_med,0.499697
llava_med,0.028789
llava_med,0.472052
llava_med,0.499999
llava_med,0.500000
llava_med,0.500002
llava_med,0.500000
llava_med,0.500003
llava_med,0.019809
llava_med,0.301044
llava_med,0.499783
llava_med,0.499995
llava_med,0.499705
llava_med,0.499989
llava_med,0.499999
llava_med,0.499797
llava_med,0.500004
llava_med,0.500005
llava_med,0.499673
llava_med,0.500003
llava_med,0.500000
llava_med,0.500003
llava_med,0.499830
llava_med,0.500003
llava_med,0.500004
llava_med,0.500000
llava_med,0.499999
llava_med,0.499890
llava_med,0.490985
llava_med,0.499994
llava_med,0.499877
llava_med,0.499830
llava_med,0.499993
llava_med,0.385063
llava_med,0.471309
llava_med,0.500006
llava_med,0.498068
llava_med,0.499736
llava_med,0.498366
llava_med,0.499563
llava_med,0.498848
llava_med,0.500003
llava_med,0.499997
llava_med,0.499996
llava_med,0.491439
llava_med,0.500000
llava_med,0.499874
llava_med,0.500000
llava_med,0.298625
llava_med,0.474879
llava_med,0.500000
llava_med,0.500003
llava_med,0.492970
llava_med,0.499987
llava_med,0.499975
llava_med,0.500005
llava_med,0.499778
llava_med,0.499735
llava_med,0.499924
llava_med,0.499966
llava_med,0.500000
llava_med,0.000000
llava_med,0.499741
llava_med,0.499789
llava_med,0.499973
llava_med,0.500000
llava_med,0.499956
llava_med,0.499887
llava_med,0.499966
llava_med,0.171347
llava_med,0.499665
llava_med,0.498921
llava_med,0.499983
llava_med,0.499979
llava_med,0.499974
llava_med,0.496932
llava_med,0.499954
llava_med,0.499995
llava_med,0.499697
llava_med,0.499916
llava_med,0.499568
llava_med,0.498567
llava_med,0.497479
llava_med,0.499666
llava_med,0.499991
llava_med,0.499940
llava_med,0.492158
llava_med,0.497462
llava_med,0.499967
llava_med,0.000000
llava_med,0.499398
llava_med,0.499647
llava_med,0.499950
llava_med,0.499695
llava_med,0.486992
llava_med,0.499914
llava_med,0.499896
llava_med,0.499997
llava_med,0.499560
llava_med,0.499998
llava_med,0.499993
llava_med,0.480607
llava_med,0.499886
llava_med,0.499994
llava_med,0.499987
llava_med,0.499978
llava_med,0.499916
llava_med,0.499996
llava_med,0.409482
llava_med,0.409625
llava_med,0.250888
llava_med,0.499705
llava_med,0.395746
llava_med,0.499840
llava_med,0.499993
llava_med,0.497672
llava_med,0.499953
llava_med,0.499218
llava_med,0.491057
llava_med,0.499961
llava_med,0.485085
llava_med,0.499988
llava_med,0.499999
llava_med,0.498597
llava_med,0.473801
llava_med,0.499990
llava_med,0.483069
llava_med,0.499995
llava_med,0.499993
llava_med,0.499988
llava_med,0.499560
llava_med,0.499440
llava_med,0.499991
llava_med,0.499999
llava_med,0.495951
llava_med,0.499856
llava_med,0.499889
llava_med,0.489378
llava_med,0.499967
llava_med,0.499984
llava_med,0.458822
llava_med,0.395783
llava_med,0.499993
llava_med,0.498894
llava_med,0.499970
llava_med,0.496014
llava_med,0.496946
llava_med,0.495117
llava_med,0.471785
llava_med,0.492500
llava_med,0.494986
llava_med,0.499979
llava_med,0.499899
llava_med,0.498322
llava_med,0.476692
llava_med,0.499967
llava_med,0.499984
llava_med,0.499999
llava_med,0.499996
llava_med,0.496209
llava_med,0.147752
llava_med,0.499978
llava_med,0.499992
llava_med,0.493735
llava_med,0.499999
llava_med,0.499999
llava_med,0.499997
llava_med,0.499615
llava_med,0.465976
llava_med,0.499979
llava_med,0.456170
llava_med,0.499771
llava_med,0.499963
llava_med,0.499998
llava_med,0.500004
llava_med,0.500000
llava_med,0.170018
llava_med,0.482108
llava_med,0.499974
llava_med,0.500000
llava_med,0.499971
llava_med,0.499996
llava_med,0.499999
llava_med,0.499974
llava_med,0.499976
llava_med,0.499981
llava_med,0.499995
llava_med,0.499936
llava_med,0.499754
llava_med,0.499999
llava_med,0.499993
llava_med,0.499080
llava_med,0.499995
llava_med,0.499146
llava_med,0.499845
llava_med,0.499610
llava_med,0.497021
llava_med,0.480075
llava_med,0.499966
llava_med,0.499945
llava_med,0.499995
llava_med,0.499999
llava_med,0.499990
llava_med,0.499996
llava_med,0.500000
llava_med,0.499998
llava_med,0.499996
llava_med,0.499998
llava_med,0.499854
llava_med,0.499930
llava_med,0.499998
llava_med,0.500000
llava_med,0.499997
llava_med,0.499999
llava_med,0.500000
llava_med,0.499977
llava_med,0.500000
llava_med,0.000000
llava_med,0.000000
llava_med,0.000000
llava_med,0.000000
llava_med,0.000000
llava_med,0.000000
llava_med,0.000000
llava_med,0.499342
llava_med,0.499999
llava_med,0.491815
llava_med,0.499949
llava_med,0.499976
llava_med,0.499952
llava_med,0.499900
llava_med,0.499952
llava_med,0.499956
llava_med,0.499994
llava_med,0.499966
llava_med,0.494107
llava_med,0.382330
llava_med,0.499894
llava_med,0.499502
llava_med,0.499878
llava_med,0.499963
llava_med,0.499776
llava_med,0.499918
llava_med,0.499296
llava_med,0.475751
llava_med,0.499879
llava_med,0.499492
llava_med,0.476145
llava_med,0.488149
llava_med,0.497908
llava_med,0.495415
llava_med,0.496779
llava_med,0.499946
llava_med,0.490420
llava_med,0.459499
llava_med,0.499947
llava_med,0.499987
llava_med,0.478716
llava_med,0.207980
llava_med,0.499993
llava_med,0.499991
llava_med,0.499280
llava_med,0.499898
llava_med,0.499875
llava_med,0.500000
llava_med,0.499975
llava_med,0.481328
llava_med,0.500000
llava_med,0.499961
llava_med,0.499993
llava_med,0.499853
llava_med,0.496375
llava_med,0.499982
llava_med,0.499959
llava_med,0.497236
llava_med,0.499980
llava_med,0.498411
llava_med,0.499999
llava_med,0.499996
llava_med,0.499772
llava_med,0.499966
llava_med,0.499998
llava_med,0.470557
llava_med,0.499880
llava_med,0.499999
llava_med,0.000000
llava_med,0.499741
llava_med,0.499789
llava_med,0.499996
llava_med,0.499999
llava_med,0.499928
llava_med,0.499917
llava_med,0.499999
llava_med,0.499189
llava_med,0.499920
llava_med,0.499989
llava_med,0.499928
llava_med,0.499758
llava_med,0.499171
llava_med,0.499928
llava_med,0.499928
llava_med,0.499992
llava_med,0.499864
llava_med,0.499999
llava_med,0.499987
llava_med,0.499556
llava_med,0.128163
llava_med,0.499849
llava_med,0.499794
llava_med,0.499994
llava_med,0.499999
llava_med,0.499993
llava_med,0.499975
llava_med,0.494011
llava_med,0.436970
llava_med,0.499912
llava_med,0.499249
llava_med,0.498025
llava_med,0.443653
llava_med,0.499924
llava_med,0.499998
llava_med,0.499993
llava_med,0.000000
llava_med,0.000000
llava_med,0.000000
llava_med,0.000000
llava_med,0.000000
llava_med,0.000000
llava_med,0.000000
llava_med,0.000000
llava_med,0.000002
llava_med,0.000041
llava_med,0.000000
llava_med,0.000000
llava_med,0.000000
llava_med,0.499915
llava_med,0.151360
llava_med,0.499968
llava_med,0.499792
llava_med,0.499868
llava_med,0.500000
llava_med,0.499997
llava_med,0.499990
llava_med,0.492451
llava_med,0.499989
llava_med,0.499998
llava_med,0.499989
llava_med,0.500001
llava_med,0.499998
llava_med,0.499979
llava_med,0.500000
llava_med,0.498420
llava_med,0.499481
llava_med,0.499640
llava_med,0.499664
llava_med,0.498417
llava_med,0.499957
llava_med,0.400674
llava_med,0.499946
llava_med,0.499998
llava_med,0.499957
llava_med,0.492667
llava_med,0.499982
llava_med,0.499980
llava_med,0.499750
llava_med,0.148192
llava_med,0.489619
llava_med,0.497852
llava_med,0.497056
llava_med,0.499673
llava_med,0.499987
llava_med,0.496554
llava_med,0.497062
llava_med,0.499370
llava_med,0.499999
llava_med,0.499961
llava_med,0.499954
llava_med,0.499995
llava_med,0.000000
llava_med,0.000000
llava_med,0.000000
llava_med,0.000000
llava_med,0.000000
llava_med,0.000000
llava_med,0.000000
llava_med,0.000000
llava_med,0.000002
llava_med,0.000041
llava_med,0.000000
llava_med,0.000000
llava_med,0.499833
llava_med,0.429218
llava_med,0.499817
llava_med,0.499998
llava_med,0.499480
llava_med,0.499986
llava_med,0.499981
llava_med,0.499996
llava_med,0.499980
llava_med,0.499992
llava_med,0.458440
llava_med,0.281210
llava_med,0.499384
llava_med,0.499756
llava_med,0.013069
llava_med,0.329240
llava_med,0.000000
llava_med,0.000000
llava_med,0.000000
llava_med,0.000000
llava_med,0.000000
llava_med,0.000000
llava_med,0.000000
llava_med,0.000000
llava_med,0.499299
llava_med,0.497910
llava_med,0.499971
llava_med,0.499983
llava_med,0.499972
llava_med,0.498173
llava_med,0.418048
llava_med,0.499612
llava_med,0.500002
llava_med,0.484244
llava_med,0.451854
llava_med,0.499999
llava_med,0.499788
llava_med,0.500001
llava_med,0.500000
llava_med,0.499994
llava_med,0.493208
llava_med,0.495600
llava_med,0.499978
llava_med,0.000000
llava_med,0.000000
llava_med,0.499984
llava_med,0.499995
llava_med,0.494084
llava_med,0.479173
llava_med,0.133198
llava_med,0.499078
llava_med,0.499995
llava_med,0.499984
llava_med,0.497181
llava_med,0.499992
llava_med,0.492359
llava_med,0.499997
llava_med,0.454704
llava_med,0.499360
llava_med,0.499960
llava_med,0.499999
llava_med,0.499981
llava_med,0.499998
llava_med,0.499991
llava_med,0.499997
llava_med,0.426332
llava_med,0.499989
llava_med,0.499380
llava_med,0.499909
llava_med,0.499988
llava_med,0.421031
llava_med,0.487825
llava_med,0.352923
llava_med,0.413586
llava_med,0.499990
llava_med,0.499999
llava_med,0.499775
llava_med,0.499988
llava_med,0.483617
llava_med,0.499986
llava_med,0.493846
llava_med,0.494737
llava_med,0.499993
llava_med,0.499959
llava_med,0.496670
llava_med,0.254171
llava_med,0.498866
llava_med,0.499765
llava_med,0.494736
llava_med,0.066076
llava_med,0.023127
llava_med,0.499992
llava_med,0.499884
llava_med,0.499683
llava_med,0.472629
llava_med,0.499969
llava_med,0.498711
llava_med,0.499999
llava_med,0.500000
llava_med,0.499170
llava_med,0.260021
llava_med,0.494097
llava_med,0.499998
llava_med,0.500000
llava_med,0.499988
llava_med,0.499985
llava_med,0.482931
llava_med,0.499901
llava_med,0.491222
llava_med,0.483608
llava_med,0.499968
llava_med,0.499998
llava_med,0.499986
llava_med,0.500000
llava_med,0.500001
llava_med,0.499999
llava_med,0.492275
llava_med,0.499984
llava_med,0.496598
llava_med,0.499998
llava_med,0.500000
llava_med,0.500000
llava_med,0.500000
llava_med,0.500000
llava_med,0.500000
llava_med,0.000000
llava_med,0.000000
llava_med,0.000000
llava_med,0.000000
llava_med,0.000000
llava_med,0.000000
llava_med,0.000000
llava_med,0.000000
llava_med,0.000000
llava_med,0.000000
llava_med,0.000000
llava_med,0.000000
llava_med,0.000000
llava_med,0.000000
llava_med,0.499833
llava_med,0.341441
llava_med,0.498449
llava_med,0.499919
llava_med,0.417417
llava_med,0.499999
llava_med,0.499992
llava_med,0.499823
llava_med,0.497322
llava_med,0.499260
llava_med,0.489764
llava_med,0.499972
llava_med,0.499996
llava_med,0.450674
llava_med,0.478399
llava_med,0.497050
llava_med,0.499913
llava_med,0.499976
llava_med,0.499983
llava_med,0.499961
llava_med,0.430770
llava_med,0.499884
llava_med,0.499961
llava_med,0.499897
llava_med,0.499894
llava_med,0.499872
llava_med,0.499838
llava_med,0.499909
llava_med,0.499987
llava_med,0.499999
llava_med,0.499995
llava_med,0.499636
llava_med,0.499992
llava_med,0.080719
llava_med,0.157000
llava_med,0.000000
llava_med,0.000000
llava_med,0.000037
llava_med,0.000000
llava_med,0.000000
llava_med,0.000000
llava_med,0.000000
llava_med,0.000000
llava_med,0.495775
llava_med,0.499993
llava_med,0.499993
llava_med,0.488308
llava_med,0.499799
llava_med,0.499996
llava_med,0.499994
llava_med,0.499970
llava_med,0.499979
llava_med,0.485678
llava_med,0.499559
llava_med,0.499663
llava_med,0.498613
llava_med,0.499962
llava_med,0.499907
llava_med,0.499202
llava_med,0.380752
llava_med,0.499768
llava_med,0.499886
llava_med,0.499962
llava_med,0.463917
llava_med,0.499934
llava_med,0.499983
llava_med,0.377595
llava_med,0.497820
llava_med,0.500003
llava_med,0.499999
llava_med,0.499998
llava_med,0.499811
llava_med,0.499967
llava_med,0.499681
llava_med,0.500008
llava_med,0.500000
llava_med,0.499954
llava_med,0.492150
llava_med,0.499746
llava_med,0.499981
llava_med,0.500002
llava_med,0.499985
llava_med,0.498998
llava_med,0.500002
llava_med,0.500009
llava_med,0.499993
llava_med,0.498496
llava_med,0.499966
llava_med,0.500002
llava_med,0.500000
llava_med,0.499998
llava_med,0.499982
llava_med,0.499958
llava_med,0.494042
llava_med,0.500000
llava_med,0.498926
llava_med,0.499818
llava_med,0.499812
llava_med,0.494176
llava_med,0.499999
llava_med,0.499843
llava_med,0.500002
llava_med,0.498267
llava_med,0.500000
llava_med,0.500000
llava_med,0.000000
llava_med,0.000037
llava_med,0.000000
llava_med,0.000000
llava_med,0.000000
llava_med,0.000000
llava_med,0.000000
llava_med,0.499995
llava_med,0.499993
llava_med,0.496110
llava_med,0.499993
llava_med,0.499999
llava_med,0.492736
llava_med,0.499990
llava_med,0.499982
llava_med,0.499991
llava_med,0.492448
llava_med,0.101648
llava_med,0.461337
llava_med,0.499873
llava_med,0.499791
llava_med,0.499917
llava_med,0.499985
llava_med,0.499992
llava_med,0.490625
llava_med,0.499979
llava_med,0.499866
llava_med,0.490051
llava_med,0.499971
llava_med,0.500000
llava_med,0.499447
llava_med,0.500000
llava_med,0.499999
llava_med,0.500000
llava_med,0.499996
llava_med,0.495384
llava_med,0.499955
llava_med,0.499875
llava_med,0.469540
llava_med,0.500001
llava_med,0.499971
llava_med,0.499768
llava_med,0.500000
llava_med,0.500000
llava_med,0.496829
llava_med,0.499757
llava_med,0.499999
llava_med,0.500001
llava_med,0.499993
llava_med,0.500000
llava_med,0.499996
llava_med,0.499999
llava_med,0.499725
llava_med,0.499404
llava_med,0.500000
llava_med,0.500000
llava_med,0.499997
llava_med,0.499993
llava_med,0.499988
llava_med,0.499997
llava_med,0.500000
llava_med,0.499961
llava_med,0.499957
llava_med,0.500000
llava_med,0.499966
llava_med,0.500003
llava_med,0.500002
llava_med,0.381853
llava_med,0.499852
llava_med,0.476372
llava_med,0.498750
llava_med,0.499998
llava_med,0.494008
llava_med,0.499760
llava_med,0.500000
llava_med,0.500000
llava_med,0.000000
llava_med,0.000037
llava_med,0.499979
llava_med,0.499999
llava_med,0.499922
llava_med,0.499998
llava_med,0.499979
llava_med,0.498879
llava_med,0.499985
llava_med,0.499998
llava_med,0.398446
llava_med,0.499997
llava_med,0.499996
llava_med,0.498950
llava_med,0.499982
llava_med,0.500000
llava_med,0.496656
llava_med,0.496854
llava_med,0.499854
llava_med,0.499903
llava_med,0.499994
llava_med,0.499987
llava_med,0.497563
llava_med,0.274669
llava_med,0.499907
llava_med,0.499973
llava_med,0.499953
llava_med,0.493321
llava_med,0.499959
llava_med,0.499944
llava_med,0.499993
llava_med,0.499995
llava_med,0.499989
llava_med,0.484901
llava_med,0.499983
llava_med,0.495598
llava_med,0.334142
llava_med,0.499266
llava_med,0.499905
llava_med,0.499842
llava_med,0.498584
llava_med,0.499991
llava_med,0.499977
llava_med,0.499848
llava_med,0.499142
llava_med,0.497667
llava_med,0.496426
llava_med,0.499994
llava_med,0.499997
llava_med,0.499972
llava_med,0.499481
llava_med,0.499971
llava_med,0.499998
llava_med,0.000000
llava_med,0.000037
llava_med,0.000000
llava_med,0.000000
llava_med,0.000000
llava_med,0.000000
llava_med,0.000000
llava_med,0.000000
llava_med,0.000000
llava_med,0.000000
llava_med,0.498498
llava_med,0.499854
llava_med,0.499792
llava_med,0.485153
llava_med,0.499383
llava_med,0.499991
llava_med,0.499993
llava_med,0.499884
llava_med,0.499167
llava_med,0.497123
llava_med,0.301572
llava_med,0.491662
llava_med,0.336408
llava_med,0.499894
llava_med,0.499801
llava_med,0.483118
llava_med,0.499997
llava_med,0.499979
llava_med,0.499971
llava_med,0.493033
llava_med,0.499929
llava_med,0.499981
llava_med,0.000000
llava_med,0.000037
llava_med,0.000000
llava_med,0.000000
llava_med,0.000000
llava_med,0.000000
llava_med,0.000000
llava_med,0.499961
llava_med,0.499965
llava_med,0.499676
llava_med,0.496985
llava_med,0.499995
llava_med,0.499918
llava_med,0.491170
llava_med,0.499994
llava_med,0.497936
llava_med,0.499845
llava_med,0.499902
llava_med,0.499990
llava_med,0.499876
llava_med,0.499979
llava_med,0.499833
llava_med,0.496152
llava_med,0.496789
llava_med,0.385166
llava_med,0.499718
llava_med,0.499891
llava_med,0.499594
llava_med,0.499944
llava_med,0.453903
llava_med,0.499853
llava_med,0.499914
llava_med,0.499963
llava_med,0.427922
llava_med,0.499882
llava_med,0.499983
llava_med,0.499910
llava_med,0.499973
llava_med,0.008342
llava_med,0.348307
llava_med,0.499454
llava_med,0.450370
llava_med,0.499992
llava_med,0.499974
llava_med,0.499998
llava_med,0.493055
llava_med,0.466228
llava_med,0.460429
llava_med,0.499635
llava_med,0.499333
llava_med,0.499782
llava_med,0.499990
llava_med,0.499918
llava_med,0.491761
llava_med,0.498021
llava_med,0.499906
llava_med,0.499964
llava_med,0.499999
llava_med,0.000000
llava_med,0.000000
llava_med,0.000000
llava_med,0.000000
llava_med,0.000000
llava_med,0.000000
llava_med,0.008818
llava_med,0.499995
llava_med,0.419208
llava_med,0.498436
llava_med,0.488938
llava_med,0.499936
llava_med,0.329231
llava_med,0.499887
llava_med,0.499904
llava_med,0.499956
llava_med,0.499977
llava_med,0.499925
llava_med,0.483331
llava_med,0.494465
llava_med,0.499393
llava_med,0.499880
llava_med,0.499847
llava_med,0.497521
llava_med,0.499934
llava_med,0.499997
llava_med,0.379425
llava_med,0.499928
llava_med,0.499718
llava_med,0.499982
llava_med,0.499983
llava_med,0.499880
llava_med,0.489145
llava_med,0.451661
llava_med,0.499861
llava_med,0.437682
llava_med,0.499939
llava_med,0.434816
llava_med,0.287202
llava_med,0.499773
llava_med,0.499958
llava_med,0.480869
llava_med,0.499973
llava_med,0.499993
llava_med,0.499997
llava_med,0.499998
llava_med,0.499991
llava_med,0.479811
llava_med,0.493199
llava_med,0.499966
llava_med,0.499975
llava_med,0.489676
llava_med,0.499533
llava_med,0.427919
llava_med,0.499309
llava_med,0.480420
llava_med,0.499999
llava_med,0.495614
llava_med,0.497674
llava_med,0.498298
llava_med,0.467505
llava_med,0.499992
llava_med,0.498957
llava_med,0.486023
llava_med,0.494394
llava_med,0.499881
llava_med,0.499996
llava_med,0.000000
llava_med,0.000000
llava_med,0.000000
llava_med,0.000000
llava_med,0.000000
llava_med,0.000000
llava_med,0.000000
llava_med,0.499997
llava_med,0.499991
llava_med,0.498727
llava_med,0.499783
llava_med,0.499971
llava_med,0.499986
llava_med,0.498347
llava_med,0.499588
llava_med,0.499996
llava_med,0.498634
llava_med,0.499864
llava_med,0.499996
llava_med,0.498169
llava_med,0.499902
llava_med,0.485436
llava_med,0.376933
llava_med,0.499559
llava_med,0.499844
llava_med,0.459452
llava_med,0.498147
llava_med,0.493329
llava_med,0.499895
llava_med,0.499832
llava_med,0.495798
llava_med,0.349209
llava_med,0.496089
llava_med,0.499894
llava_med,0.499682
llava_med,0.499997
llava_med,0.499928
llava_med,0.499957
llava_med,0.499930
llava_med,0.498282
llava_med,0.497994
llava_med,0.496358
llava_med,0.499947
llava_med,0.499995
llava_med,0.500000
llava_med,0.499958
llava_med,0.493735
llava_med,0.499989
llava_med,0.500000
llava_med,0.496899
llava_med,0.499970
llava_med,0.499975
llava_med,0.500000
llava_med,0.500002
llava_med,0.498465
llava_med,0.499990
llava_med,0.499997
llava_med,0.499996
llava_med,0.500000
llava_med,0.499992
llava_med,0.492025
llava_med,0.499122
llava_med,0.499933
llava_med,0.484019
llava_med,0.499996
llava_med,0.499989
llava_med,0.499954
llava_med,0.500000
llava_med,0.500000
llava_med,0.499999
llava_med,0.499992
llava_med,0.500000
llava_med,0.000000
llava_med,0.000000
llava_med,0.000000
llava_med,0.000000
llava_med,0.000000
llava_med,0.000000
llava_med,0.000000
llava_med,0.487816
llava_med,0.499967
llava_med,0.499998
llava_med,0.493895
llava_med,0.499832
llava_med,0.499992
llava_med,0.498720
llava_med,0.494477
llava_med,0.499810
llava_med,0.499178
llava_med,0.499924
llava_med,0.499995
llava_med,0.499970
llava_med,0.499947
llava_med,0.499961
llava_med,0.282859
llava_med,0.498059
llava_med,0.499221
llava_med,0.308572
llava_med,0.499946
llava_med,0.492684
llava_med,0.499956
llava_med,0.499901
llava_med,0.494150
llava_med,0.499958
llava_med,0.499783
llava_med,0.499956
llava_med,0.485676
llava_med,0.499952
llava_med,0.499985
llava_med,0.493529
llava_med,0.476177
llava_med,0.499559
llava_med,0.499999
llava_med,0.401494
llava_med,0.499139
llava_med,0.499581
llava_med,0.439033
llava_med,0.499710
llava_med,0.485019
llava_med,0.487732
llava_med,0.499973
llava_med,0.482808
llava_med,0.471120
llava_med,0.499526
llava_med,0.474242
llava_med,0.496969
llava_med,0.499996
llava_med,0.500000
llava_med,0.499996
llava_med,0.499762
llava_med,0.499889
llava_med,0.496673
llava_med,0.499976
llava_med,0.499985
llava_med,0.499739
llava_med,0.499411
llava_med,0.499340
llava_med,0.447453
llava_med,0.499717
llava_med,0.486650
llava_med,0.499938
llava_med,0.493398
llava_med,0.499812
llava_med,0.499997
llava_med,0.000000
llava_med,0.000000
llava_med,0.499880
llava_med,0.499302
llava_med,0.499935
llava_med,0.499976
llava_med,0.499946
llava_med,0.499997
llava_med,0.499872
llava_med,0.499938
llava_med,0.490827
llava_med,0.495852
llava_med,0.497348
llava_med,0.492191
llava_med,0.471224
llava_med,0.489678
llava_med,0.283101
llava_med,0.499927
llava_med,0.499947
llava_med,0.364875
llava_med,0.499966
llava_med,0.499981
llava_med,0.499997
llava_med,0.499963
llava_med,0.485541
llava_med,0.460382
llava_med,0.499775
llava_med,0.499886
llava_med,0.499746
llava_med,0.371810
llava_med,0.499978
llava_med,0.497605
llava_med,0.484886
llava_med,0.500004
llava_med,0.500000
llava_med,0.500004
llava_med,0.499568
llava_med,0.499928
llava_med,0.500002
llava_med,0.499979
llava_med,0.500000
llava_med,0.500000
llava_med,0.499980
llava_med,0.497102
llava_med,0.495419
llava_med,0.499499
llava_med,0.500000
llava_med,0.499952
llava_med,0.499998
llava_med,0.500002
llava_med,0.499880
llava_med,0.498710
llava_med,0.500000
llava_med,0.499867
llava_med,0.499918
llava_med,0.499466
llava_med,0.500006
llava_med,0.499977
llava_med,0.500000
llava_med,0.500001
llava_med,0.500002
llava_med,0.500000
llava_med,0.000000
llava_med,0.000000
llava_med,0.000000
llava_med,0.000000
llava_med,0.000000
llava_med,0.000000
llava_med,0.000000
llava_med,0.499987
llava_med,0.499859
llava_med,0.499996
llava_med,0.313518
llava_med,0.499987
llava_med,0.500000
llava_med,0.482819
llava_med,0.499994
llava_med,0.488821
llava_med,0.497256
llava_med,0.471746
llava_med,0.491238
llava_med,0.499989
llava_med,0.499941
llava_med,0.499979
llava_med,0.488214
llava_med,0.497523
llava_med,0.499784
llava_med,0.499628
llava_med,0.495587
llava_med,0.499718
llava_med,0.499933
llava_med,0.499928
llava_med,0.395013
llava_med,0.496617
llava_med,0.499914
llava_med,0.499996
llava_med,0.497485
llava_med,0.499900
llava_med,0.499940
llava_med,0.468585
llava_med,0.343205
llava_med,0.497999
llava_med,0.499837
llava_med,0.499992
llava_med,0.496047
llava_med,0.498059
llava_med,0.499652
llava_med,0.463936
llava_med,0.449077
llava_med,0.490192
llava_med,0.481949
llava_med,0.485828
llava_med,0.494026
llava_med,0.486555
llava_med,0.499982
llava_med,0.499996
llava_med,0.000000
llava_med,0.499037
llava_med,0.497913
llava_med,0.499997
llava_med,0.499504
llava_med,0.499996
llava_med,0.388954
llava_med,0.498906
llava_med,0.499351
llava_med,0.489746
llava_med,0.499860
llava_med,0.499990
llava_med,0.499979
llava_med,0.499958
llava_med,0.499512
llava_med,0.496599
llava_med,0.499643
llava_med,0.499144
llava_med,0.487411
llava_med,0.384202
llava_med,0.499968
llava_med,0.495704
llava_med,0.497193
llava_med,0.473310
llava_med,0.498586
llava_med,0.497888
llava_med,0.499996
llava_med,0.498559
llava_med,0.497808
llava_med,0.499997
llava_med,0.499974
llava_med,0.499979
llava_med,0.499954
llava_med,0.499925
llava_med,0.498314
llava_med,0.498732
llava_med,0.499613
llava_med,0.499995
llava_med,0.499914
llava_med,0.460864
llava_med,0.497318
llava_med,0.499918
llava_med,0.499996
llava_med,0.486047
llava_med,0.492619
llava_med,0.499881
llava_med,0.499983
llava_med,0.499977
llava_med,0.493937
llava_med,0.452299
llava_med,0.499957
llava_med,0.487857
llava_med,0.394652
llava_med,0.499950
llava_med,0.499998
llava_med,0.000000
llava_med,0.000000
llava_med,0.000000
llava_med,0.000000
llava_med,0.000000
llava_med,0.000000
llava_med,0.000000
llava_med,0.499907
llava_med,0.499341
llava_med,0.499852
llava_med,0.499388
llava_med,0.499904
llava_med,0.499988
llava_med,0.484853
llava_med,0.499996
llava_med,0.496520
llava_med,0.484097
llava_med,0.499745
llava_med,0.499789
llava_med,0.499926
llava_med,0.499542
llava_med,0.490135
llava_med,0.499896
llava_med,0.499938
llava_med,0.499941
llava_med,0.499912
llava_med,0.470555
llava_med,0.499976
llava_med,0.499992
llava_med,0.499971
llava_med,0.494631
llava_med,0.499989
llava_med,0.499051
llava_med,0.475574
llava_med,0.493139
llava_med,0.499990
llava_med,0.498318
llava_med,0.499898
llava_med,0.495198
llava_med,0.499984
llava_med,0.499985
llava_med,0.499996
llava_med,0.499999
llava_med,0.499963
llava_med,0.499996
llava_med,0.499463
llava_med,0.499805
llava_med,0.494382
llava_med,0.499508
llava_med,0.461255
llava_med,0.499637
llava_med,0.498816
llava_med,0.499919
llava_med,0.499700
llava_med,0.499797
llava_med,0.499989
llava_med,0.451686
llava_med,0.499090
llava_med,0.391018
llava_med,0.442974
llava_med,0.499783
llava_med,0.497725
llava_med,0.499895
llava_med,0.499946
llava_med,0.499908
llava_med,0.499550
llava_med,0.499985
llava_med,0.494651
llava_med,0.499980
llava_med,0.360476
llava_med,0.499929
llava_med,0.499959
llava_med,0.499997
llava_med,0.499969
llava_med,0.499999
llava_med,0.499626
llava_med,0.499855
llava_med,0.500007
llava_med,0.499991
llava_med,0.499823
llava_med,0.499904
llava_med,0.316136
llava_med,0.499764
llava_med,0.499987
llava_med,0.499946
llava_med,0.500000
llava_med,0.491773
llava_med,0.499958
llava_med,0.499955
llava_med,0.486140
llava_med,0.499445
llava_med,0.360399
llava_med,0.491481
llava_med,0.493071
llava_med,0.499839
llava_med,0.499829
llava_med,0.498416
llava_med,0.498980
llava_med,0.484173
llava_med,0.499613
llava_med,0.499940
llava_med,0.493968
llava_med,0.499999
llava_med,0.499909
llava_med,0.499935
llava_med,0.495305
llava_med,0.352246
llava_med,0.461244
llava_med,0.499613
llava_med,0.499972
llava_med,0.499998
llava_med,0.499901
llava_med,0.499998
llava_med,0.499998
llava_med,0.492883
llava_med,0.498569
llava_med,0.499698
llava_med,0.499509
llava_med,0.484654
llava_med,0.499483
llava_med,0.499703
llava_med,0.499885
llava_med,0.496956
llava_med,0.499999
llava_med,0.499982
llava_med,0.499993
llava_med,0.499840
llava_med,0.496590
llava_med,0.000000
llava_med,0.499504
llava_med,0.499967
llava_med,0.489309
llava_med,0.499090
llava_med,0.499994
llava_med,0.491708
llava_med,0.499997
llava_med,0.499917
llava_med,0.499988
llava_med,0.459026
llava_med,0.499884
llava_med,0.499342
llava_med,0.492917
llava_med,0.497541
llava_med,0.499839
llava_med,0.499964
llava_med,0.499972
llava_med,0.497152
llava_med,0.481893
llava_med,0.459484
llava_med,0.464686
llava_med,0.499996
llava_med,0.496660
llava_med,0.497954
llava_med,0.499882
llava_med,0.298783
llava_med,0.497367
llava_med,0.499511
llava_med,0.498764
llava_med,0.497683
llava_med,0.499975
llava_med,0.488594
llava_med,0.499212
llava_med,0.499913
llava_med,0.339875
llava_med,0.498141
llava_med,0.499993
llava_med,0.494016
llava_med,0.499911
llava_med,0.499999
llava_med,0.499988
llava_med,0.455876
llava_med,0.499748
llava_med,0.499661
llava_med,0.500000
llava_med,0.500000
llava_med,0.499057
llava_med,0.500000
llava_med,0.498570
llava_med,0.498712
llava_med,0.499266
llava_med,0.499920
llava_med,0.497874
llava_med,0.499890
llava_med,0.499999
llava_med,0.496042
llava_med,0.500000
llava_med,0.500000
llava_med,0.000000
llava_med,0.000000
llava_med,0.499998
llava_med,0.499795
llava_med,0.499993
llava_med,0.499925
llava_med,0.478800
llava_med,0.499624
llava_med,0.499978
llava_med,0.497325
llava_med,0.499107
llava_med,0.498477
llava_med,0.497306
llava_med,0.497455
llava_med,0.499112
llava_med,0.499992
llava_med,0.495955
llava_med,0.499710
llava_med,0.499178
llava_med,0.499707
llava_med,0.499902
llava_med,0.499881
llava_med,0.496287
llava_med,0.499995
llava_med,0.499997
llava_med,0.465522
llava_med,0.498619
llava_med,0.499963
llava_med,0.499863
llava_med,0.424143
llava_med,0.499967
llava_med,0.491538
llava_med,0.376351
llava_med,0.498373
llava_med,0.499934
llava_med,0.370745
llava_med,0.499847
llava_med,0.499553
llava_med,0.497181
llava_med,0.493521
llava_med,0.433274
llava_med,0.499342
llava_med,0.499808
llava_med,0.420237
llava_med,0.499935
llava_med,0.499990
llava_med,0.346370
llava_med,0.483005
llava_med,0.399987
llava_med,0.490774
llava_med,0.425093
llava_med,0.499776
llava_med,0.499862
llava_med,0.500000
llava_med,0.491645
llava_med,0.498707
llava_med,0.014081
llava_med,0.498518
llava_med,0.499989
llava_med,0.491147
llava_med,0.490720
llava_med,0.499996
llava_med,0.499906
llava_med,0.490708
llava_med,0.499964
llava_med,0.498528
llava_med,0.499349
llava_med,0.499951
llava_med,0.499981
llava_med,0.000000
llava_med,0.000000
llava_med,0.000000
llava_med,0.000000
llava_med,0.000000
llava_med,0.000000
llava_med,0.000000
llava_med,0.000000
llava_med,0.000000
llava_med,0.000000
llava_med,0.499650
llava_med,0.499990
llava_med,0.345659
llava_med,0.498937
llava_med,0.014892
llava_med,0.423626
llava_med,0.499668
llava_med,0.499996
llava_med,0.499774
llava_med,0.473760
llava_med,0.499161
llava_med,0.358046
llava_med,0.499629
llava_med,0.456806
llava_med,0.499966
llava_med,0.495420
llava_med,0.475131
llava_med,0.499996
llava_med,0.499941
llava_med,0.499758
llava_med,0.499824
llava_med,0.499770
llava_med,0.499965
llava_med,0.499775
llava_med,0.483063
llava_med,0.499494
llava_med,0.498541
llava_med,0.499939
llava_med,0.499732
llava_med,0.499267
llava_med,0.499763
llava_med,0.479650
llava_med,0.499879
llava_med,0.499979
llava_med,0.499327
llava_med,0.495656
llava_med,0.499998
llava_med,0.499958
llava_med,0.499986
llava_med,0.499979
llava_med,0.499989
llava_med,0.000000
llava_med,0.000000
llava_med,0.066719
llava_med,0.026728
llava_med,0.003966
llava_med,0.000002
llava_med,0.000229
llava_med,0.491247
llava_med,0.497524
llava_med,0.499843
llava_med,0.499978
llava_med,0.499991
llava_med,0.031256
llava_med,0.000000
llava_med,0.499924
llava_med,0.499985
llava_med,0.499988
llava_med,0.499914
llava_med,0.499977
llava_med,0.337126
llava_med,0.499789
llava_med,0.499989
llava_med,0.498749
llava_med,0.499992
llava_med,0.499979
llava_med,0.500003
llava_med,0.499992
llava_med,0.500000
llava_med,0.500005
llava_med,0.500001
llava_med,0.498701
llava_med,0.499983
llava_med,0.499834
llava_med,0.499687
llava_med,0.499997
llava_med,0.499998
llava_med,0.488775
llava_med,0.498982
llava_med,0.499901
llava_med,0.498994
llava_med,0.499969
llava_med,0.499607
llava_med,0.499943
llava_med,0.499983
llava_med,0.499960
llava_med,0.499156
llava_med,0.499985
llava_med,0.499131
llava_med,0.499999
llava_med,0.499999
llava_med,0.000000
llava_med,0.000000
llava_med,0.000000
llava_med,0.000000
llava_med,0.000000
llava_med,0.000000
llava_med,0.000000
llava_med,0.499127
llava_med,0.499641
llava_med,0.499986
llava_med,0.499994
llava_med,0.496976
llava_med,0.499995
llava_med,0.195987
llava_med,0.333233
llava_med,0.499987
llava_med,0.499989
llava_med,0.497679
llava_med,0.484924
llava_med,0.498446
llava_med,0.493645
llava_med,0.499974
llava_med,0.499997
llava_med,0.499929
llava_med,0.324446
llava_med,0.499038
llava_med,0.454693
llava_med,0.499823
llava_med,0.499957
llava_med,0.499518
llava_med,0.221881
llava_med,0.498993
llava_med,0.430847
llava_med,0.499994
llava_med,0.499989
llava_med,0.498930
llava_med,0.499950
llava_med,0.499995
llava_med,0.498387
llava_med,0.418370
llava_med,0.499821
llava_med,0.499997
llava_med,0.000000
llava_med,0.000000
llava_med,0.499956
llava_med,0.499996
llava_med,0.499999
llava_med,0.499980
llava_med,0.490476
llava_med,0.499849
llava_med,0.499995
llava_med,0.500000
llava_med,0.498467
llava_med,0.499602
llava_med,0.460302
llava_med,0.499867
llava_med,0.499917
llava_med,0.487185
llava_med,0.499982
llava_med,0.474989
llava_med,0.490606
llava_med,0.500000
llava_med,0.499998
llava_med,0.487445
llava_med,0.499973
llava_med,0.499553
llava_med,0.500000
llava_med,0.499998
llava_med,0.499995
llava_med,0.499720
llava_med,0.499962
llava_med,0.498285
llava_med,0.499810
llava_med,0.498173
llava_med,0.489825
llava_med,0.499981
llava_med,0.499872
llava_med,0.498758
llava_med,0.499529
llava_med,0.499968
llava_med,0.499989
llava_med,0.499849
llava_med,0.499991
llava_med,0.499999
llava_med,0.000000
llava_med,0.469696
llava_med,0.499957
llava_med,0.499996
llava_med,0.499999
llava_med,0.499978
llava_med,0.499374
llava_med,0.499367
llava_med,0.499876
llava_med,0.499318
llava_med,0.499965
llava_med,0.499805
llava_med,0.499837
llava_med,0.496838
llava_med,0.499874
llava_med,0.499991
llava_med,0.499981
llava_med,0.470176
llava_med,0.494559
llava_med,0.499751
llava_med,0.499719
llava_med,0.499446
llava_med,0.499986
llava_med,0.491352
llava_med,0.499998
llava_med,0.499985
llava_med,0.497115
llava_med,0.499868
llava_med,0.499705
llava_med,0.495815
llava_med,0.332287
llava_med,0.499989
llava_med,0.499774
llava_med,0.429236
llava_med,0.499959
llava_med,0.499984
llava_med,0.499987
llava_med,0.499366
llava_med,0.499892
llava_med,0.485129
llava_med,0.499999
llava_med,0.499754
llava_med,0.499977
llava_med,0.499958
llava_med,0.499993
llava_med,0.499996
llava_med,0.499998
llava_med,0.499995
llava_med,0.499997
llava_med,0.416184
llava_med,0.499761
llava_med,0.499999
llava_med,0.000000
llava_med,0.000000
llava_med,0.000000
llava_med,0.000000
llava_med,0.000000
llava_med,0.000000
llava_med,0.004520
llava_med,0.000000
llava_med,0.000000
llava_med,0.000061
llava_med,0.000199
llava_med,0.024284
llava_med,0.359434
llava_med,0.439113
llava_med,0.500004
llava_med,0.369560
llava_med,0.499961
llava_med,0.499644
llava_med,0.450998
llava_med,0.499906
llava_med,0.444582
llava_med,0.414954
llava_med,0.499568
llava_med,0.427402
llava_med,0.499977
llava_med,0.499884
llava_med,0.401773
llava_med,0.499992
llava_med,0.499996
llava_med,0.499944
llava_med,0.137017
llava_med,0.499940
llava_med,0.499998
llava_med,0.499920
llava_med,0.499948
llava_med,0.499991
llava_med,0.499988
llava_med,0.499978
llava_med,0.448105
llava_med,0.499985
llava_med,0.499751
llava_med,0.492344
llava_med,0.499976
llava_med,0.499989
llava_med,0.494701
llava_med,0.499645
llava_med,0.499673
llava_med,0.497092
llava_med,0.500001
llava_med,0.500002
llava_med,0.278961
llava_med,0.499982
llava_med,0.499975
llava_med,0.499970
llava_med,0.499999
llava_med,0.499999
llava_med,0.499638
llava_med,0.499945
llava_med,0.499999
llava_med,0.500001
llava_med,0.000000
llava_med,0.000000
llava_med,0.000000
llava_med,0.000000
llava_med,0.000000
llava_med,0.000000
llava_med,0.000000
llava_med,0.499240
llava_med,0.499994
llava_med,0.500000
llava_med,0.497723
llava_med,0.499647
llava_med,0.498660
llava_med,0.499995
llava_med,0.500000
llava_med,0.497918
llava_med,0.499487
llava_med,0.473352
llava_med,0.500000
llava_med,0.499211
llava_med,0.499968
llava_med,0.500000
llava_med,0.499833
llava_med,0.487791
llava_med,0.499995
llava_med,0.499983
llava_med,0.488364
llava_med,0.500001
llava_med,0.486281
llava_med,0.499730
llava_med,0.499782
llava_med,0.499639
llava_med,0.500000
llava_med,0.000000
llava_med,0.000000
llava_med,0.000000
llava_med,0.000000
llava_med,0.000000
llava_med,0.000000
llava_med,0.000000
llava_med,0.499120
llava_med,0.499989
llava_med,0.499990
llava_med,0.498150
llava_med,0.498604
llava_med,0.445870
llava_med,0.499816
llava_med,0.500000
llava_med,0.499987
llava_med,0.499985
llava_med,0.499998
llava_med,0.500000
llava_med,0.495804
llava_med,0.499931
llava_med,0.499880
llava_med,0.499432
llava_med,0.499977
llava_med,0.142015
llava_med,0.499955
llava_med,0.500000
llava_med,0.499843
llava_med,0.239266
llava_med,0.498907
llava_med,0.499994
llava_med,0.485091
llava_med,0.499907
llava_med,0.498395
llava_med,0.416649
llava_med,0.169746
llava_med,0.499971
llava_med,0.499478
llava_med,0.499616
llava_med,0.500000
llava_med,0.499960
llava_med,0.397496
llava_med,0.499912
llava_med,0.499267
llava_med,0.267087
llava_med,0.499948
llava_med,0.499279
llava_med,0.488647
llava_med,0.499999
llava_med,0.499928
llava_med,0.500000
llava_med,0.500000
llava_med,0.499895
llava_med,0.499965
llava_med,0.480206
llava_med,0.499992
llava_med,0.499999
llava_med,0.499898
llava_med,0.499997
llava_med,0.499984
llava_med,0.000000
llava_med,0.000000
llava_med,0.000000
llava_med,0.000000
llava_med,0.000000
llava_med,0.000000
llava_med,0.000000
llava_med,0.499120
llava_med,0.499989
llava_med,0.499991
llava_med,0.498346
llava_med,0.498946
llava_med,0.499655
llava_med,0.499856
llava_med,0.499993
llava_med,0.499998
llava_med,0.499998
llava_med,0.499502
llava_med,0.494689
llava_med,0.499999
llava_med,0.499840
llava_med,0.499989
llava_med,0.500000
llava_med,0.499997
llava_med,0.500000
llava_med,0.499999
llava_med,0.500000
llava_med,0.499992
llava_med,0.499520
llava_med,0.500003
llava_med,0.500000
llava_med,0.499547
llava_med,0.188034
llava_med,0.500000
llava_med,0.499998
llava_med,0.359785
llava_med,0.005850
llava_med,0.499955
llava_med,0.499977
llava_med,0.500000
llava_med,0.499999
llava_med,0.499974
llava_med,0.497541
llava_med,0.500000
llava_med,0.499994
llava_med,0.000139
llava_med,0.499974
llava_med,0.500000
llava_med,0.000000
llava_med,0.000000
llava_med,0.000000
llava_med,0.000000
llava_med,0.000000
llava_med,0.000000
llava_med,0.000000
llava_med,0.499240
llava_med,0.499994
llava_med,0.499990
llava_med,0.499977
llava_med,0.498939
llava_med,0.499116
llava_med,0.340173
llava_med,0.498670
llava_med,0.499992
llava_med,0.499908
llava_med,0.499993
llava_med,0.491270
llava_med,0.233446
llava_med,0.499966
llava_med,0.499790
llava_med,0.499864
llava_med,0.499993
llava_med,0.499960
llava_med,0.123738
llava_med,0.379661
llava_med,0.499997
llava_med,0.000000
llava_med,0.000000
llava_med,0.000000
llava_med,0.000000
llava_med,0.000000
llava_med,0.000000
llava_med,0.000000
llava_med,0.499240
llava_med,0.499994
llava_med,0.499990
llava_med,0.499986
llava_med,0.497056
llava_med,0.499938
llava_med,0.499810
llava_med,0.499996
llava_med,0.498483
llava_med,0.499702
llava_med,0.499188
llava_med,0.500000
llava_med,0.499979
llava_med,0.495526
llava_med,0.499973
llava_med,0.499998
llava_med,0.461993
llava_med,0.364382
llava_med,0.499258
llava_med,0.499321
llava_med,0.499556
llava_med,0.498933
llava_med,0.499955
llava_med,0.499999
llava_med,0.499997
llava_med,0.499999
llava_med,0.499999
llava_med,0.499999
llava_med,0.499952
llava_med,0.499698
llava_med,0.499441
llava_med,0.498785
llava_med,0.499998
llava_med,0.499760
llava_med,0.477316
llava_med,0.499999
llava_med,0.499999
llava_med,0.499974
llava_med,0.499836
llava_med,0.499996
llava_med,0.500000
llava_med,0.499980
llava_med,0.499992
llava_med,0.499771
llava_med,0.419762
llava_med,0.499721
llava_med,0.499997
llava_med,0.500000
llava_med,0.499997
llava_med,0.499844
llava_med,0.489798
llava_med,0.499828
llava_med,0.499959
llava_med,0.499954
llava_med,0.499456
llava_med,0.500000
llava_med,0.499965
llava_med,0.499985
llava_med,0.499979
llava_med,0.500000
llava_med,0.499986
llava_med,0.499999
llava_med,0.500000
llava_med,0.500000
llava_med,0.500000
llava_med,0.499846
llava_med,0.500000
llava_med,0.500000
llava_med,0.500000
llava_med,0.500000
llava_med,0.500000
llava_med,0.499974
llava_med,0.499999
llava_med,0.499998
llava_med,0.484039
llava_med,0.499993
llava_med,0.499984
llava_med,0.500000
llava_med,0.500000
llava_med,0.499976
llava_med,0.499977
llava_med,0.499996
llava_med,0.499972
llava_med,0.498628
llava_med,0.499975
llava_med,0.499999
llava_med,0.500000
llava_med,0.500000
llava_med,0.499959
llava_med,0.499868
llava_med,0.500000
llava_med,0.499999
llava_med,0.499997
llava_med,0.499993
llava_med,0.499999
llava_med,0.499912
llava_med,0.499999
llava_med,0.499990
llava_med,0.500000
llava_med,0.499992
llava_med,0.499989
llava_med,0.499994
llava_med,0.000000
llava_med,0.000000
llava_med,0.000000
llava_med,0.000000
llava_med,0.000000
llava_med,0.000000
llava_med,0.000000
llava_med,0.499999
llava_med,0.494463
llava_med,0.485763
llava_med,0.499976
llava_med,0.491322
llava_med,0.499616
llava_med,0.499746
llava_med,0.440783
llava_med,0.499909
llava_med,0.499682
llava_med,0.499963
llava_med,0.487035
llava_med,0.499983
llava_med,0.499744
llava_med,0.499626
llava_med,0.457071
llava_med,0.453860
llava_med,0.484864
llava_med,0.499985
llava_med,0.499420
llava_med,0.159462
llava_med,0.140936
llava_med,0.492713
llava_med,0.496827
llava_med,0.482848
llava_med,0.487272
llava_med,0.493859
llava_med,0.497010
llava_med,0.479957
llava_med,0.499937
llava_med,0.499584
llava_med,0.487265
llava_med,0.492602
llava_med,0.499890
llava_med,0.499999
llava_med,0.000000
llava_med,0.499126
llava_med,0.499996
llava_med,0.482496
llava_med,0.499880
llava_med,0.498545
llava_med,0.498376
llava_med,0.499961
llava_med,0.499934
llava_med,0.496629
llava_med,0.441068
llava_med,0.497457
llava_med,0.499704
llava_med,0.499962
llava_med,0.499985
llava_med,0.500000
llava_med,0.247198
llava_med,0.499324
llava_med,0.499819
llava_med,0.499988
llava_med,0.321269
llava_med,0.478643
llava_med,0.375201
llava_med,0.499922
llava_med,0.499298
llava_med,0.499995
llava_med,0.499876
llava_med,0.497206
llava_med,0.499922
llava_med,0.499254
llava_med,0.499875
llava_med,0.499943
llava_med,0.499942
llava_med,0.499988
llava_med,0.499996
llava_med,0.499993
llava_med,0.499988
llava_med,0.491428
llava_med,0.499937
llava_med,0.499883
llava_med,0.499997
llava_med,0.499994
llava_med,0.500000
llava_med,0.500002
llava_med,0.497447
llava_med,0.490319
llava_med,0.499965
llava_med,0.499539
llava_med,0.499305
llava_med,0.495304
llava_med,0.498440
llava_med,0.499988
llava_med,0.499845
llava_med,0.498982
llava_med,0.499996
llava_med,0.000000
llava_med,0.499463
llava_med,0.498954
llava_med,0.499973
llava_med,0.500000
llava_med,0.499984
llava_med,0.499857
llava_med,0.499980
llava_med,0.499952
llava_med,0.499995
llava_med,0.499782
llava_med,0.499925
llava_med,0.499999
llava_med,0.498214
llava_med,0.499977
llava_med,0.499993
llava_med,0.487709
llava_med,0.497358
llava_med,0.469214
llava_med,0.499946
llava_med,0.484649
llava_med,0.499966
llava_med,0.498791
llava_med,0.498758
llava_med,0.499451
llava_med,0.499981
llava_med,0.499997
llava_med,0.499067
llava_med,0.499998
llava_med,0.499942
llava_med,0.499631
llava_med,0.350881
llava_med,0.499979
llava_med,0.499989
llava_med,0.499999
llava_med,0.499950
llava_med,0.498737
llava_med,0.499946
llava_med,0.499148
llava_med,0.499107
llava_med,0.499979
llava_med,0.499980
llava_med,0.476735
llava_med,0.499432
llava_med,0.500001
llava_med,0.478586
llava_med,0.317099
llava_med,0.454573
llava_med,0.499975
llava_med,0.482526
llava_med,0.499995
llava_med,0.499150
llava_med,0.499424
llava_med,0.500000
llava_med,0.499976
llava_med,0.499983
llava_med,0.496627
llava_med,0.500003
llava_med,0.500000
llava_med,0.492432
llava_med,0.499976
llava_med,0.499998
llava_med,0.000000
llava_med,0.000000
llava_med,0.000000
llava_med,0.000000
llava_med,0.000000
llava_med,0.000000
llava_med,0.000000
llava_med,0.499999
llava_med,0.494463
llava_med,0.455028
llava_med,0.498548
llava_med,0.499104
llava_med,0.499872
llava_med,0.499919
llava_med,0.491139
llava_med,0.499673
llava_med,0.499978
llava_med,0.499434
llava_med,0.499710
llava_med,0.423969
llava_med,0.499977
llava_med,0.428093
llava_med,0.358679
llava_med,0.499618
llava_med,0.475211
llava_med,0.499635
llava_med,0.499978
llava_med,0.004426
llava_med,0.037931
llava_med,0.182266
llava_med,0.499855
llava_med,0.499630
llava_med,0.270102
llava_med,0.499938
llava_med,0.461573
llava_med,0.499686
llava_med,0.499938
llava_med,0.481047
llava_med,0.362105
llava_med,0.499966
llava_med,0.499937
llava_med,0.472889
llava_med,0.496105
llava_med,0.499690
llava_med,0.498088
llava_med,0.499367
llava_med,0.499957
llava_med,0.499992
llava_med,0.499999
llava_med,0.495537
llava_med,0.498399
llava_med,0.498321
llava_med,0.499999
llava_med,0.499164
llava_med,0.499766
llava_med,0.499998
llava_med,0.500000
llava_med,0.443082
llava_med,0.499986
llava_med,0.499895
llava_med,0.313158
llava_med,0.497710
llava_med,0.499985
llava_med,0.480571
llava_med,0.499946
llava_med,0.499994
llava_med,0.499947
llava_med,0.499995
llava_med,0.000000
llava_med,0.000000
llava_med,0.000000
llava_med,0.000000
llava_med,0.000000
llava_med,0.000000
llava_med,0.000000
llava_med,0.499432
llava_med,0.499992
llava_med,0.499782
llava_med,0.499973
llava_med,0.499988
llava_med,0.487124
llava_med,0.498907
llava_med,0.348314
llava_med,0.499935
llava_med,0.499986
llava_med,0.486388
llava_med,0.397638
llava_med,0.446298
llava_med,0.499998
llava_med,0.499361
llava_med,0.499882
llava_med,0.479683
llava_med,0.499590
llava_med,0.499895
llava_med,0.499543
llava_med,0.395990
llava_med,0.067577
llava_med,0.355523
llava_med,0.345230
llava_med,0.499435
llava_med,0.493722
llava_med,0.409189
llava_med,0.499641
llava_med,0.499998
llava_med,0.499994
llava_med,0.499896
llava_med,0.499986
llava_med,0.499932
llava_med,0.499848
llava_med,0.500000
llava_med,0.497511
llava_med,0.499948
llava_med,0.500000
llava_med,0.500003
llava_med,0.492923
llava_med,0.499902
llava_med,0.500002
llava_med,0.500000
llava_med,0.499993
llava_med,0.499990
llava_med,0.500000
llava_med,0.500002
llava_med,0.499992
llava_med,0.500000
llava_med,0.499970
llava_med,0.499205
llava_med,0.499996
llava_med,0.499822
llava_med,0.499999
llava_med,0.500000
llava_med,0.499999
llava_med,0.500000
llava_med,0.500000
llava_med,0.500000
llava_med,0.499976
llava_med,0.500001
llava_med,0.498817
llava_med,0.499986
llava_med,0.500000
llava_med,0.500000
llava_med,0.000822
llava_med,0.251591
llava_med,0.012119
llava_med,0.386600
llava_med,0.499969
llava_med,0.171686
llava_med,0.499997
llava_med,0.500000
llava_med,0.500000
llava_med,0.499980
llava_med,0.500000
llava_med,0.499915
llava_med,0.499999
llava_med,0.499994
llava_med,0.000000
llava_med,0.000000
llava_med,0.000000
llava_med,0.000000
llava_med,0.000000
llava_med,0.000000
llava_med,0.000000
llava_med,0.000000
llava_med,0.000000
llava_med,0.000000
llava_med,0.000000
llava_med,0.499133
llava_med,0.499901
llava_med,0.499931
llava_med,0.499999
llava_med,0.499998
llava_med,0.499825
llava_med,0.376993
llava_med,0.500000
llava_med,0.499995
llava_med,0.499997
llava_med,0.500000
llava_med,0.499997
llava_med,0.500000
llava_med,0.499982
llava_med,0.499980
llava_med,0.500000
llava_med,0.499988
llava_med,0.413800
llava_med,0.499996
llava_med,0.499989
llava_med,0.423251
llava_med,0.499995
llava_med,0.499996
llava_med,0.496302
llava_med,0.499747
llava_med,0.499810
llava_med,0.499996
llava_med,0.499998
llava_med,0.499915
llava_med,0.500001
llava_med,0.499995
llava_med,0.499950
llava_med,0.499992
llava_med,0.499723
llava_med,0.499990
llava_med,0.499974
llava_med,0.499999
llava_med,0.499957
llava_med,0.499225
llava_med,0.499988
llava_med,0.229972
llava_med,0.497672
llava_med,0.499425
llava_med,0.499994
llava_med,0.500000
llava_med,0.500000
llava_med,0.190176
llava_med,0.499942
llava_med,0.500000
llava_med,0.493987
llava_med,0.499999
llava_med,0.500000
llava_med,0.500000
llava_med,0.500000
llava_med,0.500000
llava_med,0.499999
llava_med,0.500000
llava_med,0.500000
llava_med,0.499984
llava_med,0.500000
llava_med,0.499999
llava_med,0.499997
llava_med,0.499999
llava_med,0.499999
llava_med,0.500000
llava_med,0.500000
llava_med,0.499993
llava_med,0.500000
llava_med,0.000000
llava_med,0.000000
llava_med,0.000000
llava_med,0.000000
llava_med,0.000000
llava_med,0.000000
llava_med,0.003934
llava_med,0.498766
llava_med,0.499990
llava_med,0.499981
llava_med,0.498283
llava_med,0.498607
llava_med,0.419150
llava_med,0.466301
llava_med,0.499998
llava_med,0.498939
llava_med,0.499999
llava_med,0.499045
llava_med,0.350475
llava_med,0.494101
llava_med,0.486520
llava_med,0.499997
llava_med,0.499850
llava_med,0.434223
llava_med,0.490222
llava_med,0.368673
llava_med,0.499908
llava_med,0.464587
llava_med,0.450936
llava_med,0.453532
llava_med,0.499964
llava_med,0.492447
llava_med,0.499993
llava_med,0.492747
llava_med,0.499866
llava_med,0.489172
llava_med,0.499405
llava_med,0.499879
llava_med,0.500000
llava_med,0.494723
llava_med,0.499968
llava_med,0.499018
llava_med,0.499998
llava_med,0.499995
llava_med,0.499979
llava_med,0.499997
llava_med,0.499992
llava_med,0.492009
llava_med,0.461838
llava_med,0.499223
llava_med,0.499999
llava_med,0.498920
llava_med,0.499972
llava_med,0.499996
llava_med,0.500000
llava_med,0.499943
llava_med,0.094891
llava_med,0.499953
llava_med,0.500000
llava_med,0.000000
llava_med,0.000000
llava_med,0.000000
llava_med,0.000000
llava_med,0.000000
llava_med,0.000000
llava_med,0.000000
llava_med,0.498814
llava_med,0.499993
llava_med,0.499989
llava_med,0.498154
llava_med,0.499974
llava_med,0.499964
llava_med,0.423761
llava_med,0.499978
llava_med,0.500001
llava_med,0.499989
llava_med,0.499995
llava_med,0.500000
llava_med,0.499987
llava_med,0.499996
llava_med,0.499983
llava_med,0.466264
llava_med,0.499970
llava_med,0.500002
llava_med,0.499994
llava_med,0.499917
llava_med,0.490007
llava_med,0.499994
llava_med,0.499936
llava_med,0.499999
llava_med,0.499995
llava_med,0.499888
llava_med,0.499997
llava_med,0.499981
llava_med,0.499998
llava_med,0.499999
llava_med,0.498589
llava_med,0.499989
llava_med,0.500000
llava_med,0.499996
llava_med,0.499727
llava_med,0.498317
llava_med,0.499939
llava_med,0.499991
llava_med,0.499822
llava_med,0.499734
llava_med,0.499997
llava_med,0.499995
llava_med,0.494659
llava_med,0.499795
llava_med,0.499997
llava_med,0.500000
llava_med,0.498359
llava_med,0.500000
llava_med,0.500000
llava_med,0.499984
llava_med,0.321594
llava_med,0.499803
llava_med,0.499998
llava_med,0.499959
llava_med,0.499843
llava_med,0.499993
llava_med,0.499988
llava_med,0.499486
llava_med,0.499998
llava_med,0.499993
llava_med,0.499657
llava_med,0.499998
llava_med,0.500000
llava_med,0.500000
llava_med,0.500000
llava_med,0.499999
llava_med,0.499998
llava_med,0.500000
llava_med,0.500000
llava_med,0.000000
llava_med,0.000000
llava_med,0.499945
llava_med,0.499870
llava_med,0.499946
llava_med,0.499998
llava_med,0.499973
llava_med,0.499890
llava_med,0.499672
llava_med,0.499997
llava_med,0.499909
llava_med,0.499995
llava_med,0.499994
llava_med,0.499981
llava_med,0.499923
llava_med,0.499924
llava_med,0.499974
llava_med,0.499949
llava_med,0.499968
llava_med,0.500001
llava_med,0.004647
llava_med,0.481207
llava_med,0.467992
llava_med,0.499999
llava_med,0.500000
llava_med,0.499927
llava_med,0.499991
llava_med,0.499896
llava_med,0.500000
llava_med,0.499997
llava_med,0.496258
llava_med,0.499972
llava_med,0.499901
llava_med,0.499210
llava_med,0.499991
llava_med,0.499933
llava_med,0.499999
llava_med,0.499997
llava_med,0.499967
llava_med,0.499997
llava_med,0.499886
llava_med,0.500000
llava_med,0.500000
llava_med,0.499959
llava_med,0.499980
llava_med,0.499989
llava_med,0.499783
llava_med,0.499999
llava_med,0.499885
llava_med,0.500000
llava_med,0.500000
llava_med,0.000000
llava_med,0.000000
llava_med,0.000000
llava_med,0.000000
llava_med,0.000000
llava_med,0.000000
llava_med,0.000000
llava_med,0.499820
llava_med,0.469996
llava_med,0.499996
llava_med,0.452512
llava_med,0.498264
llava_med,0.499997
llava_med,0.499978
llava_med,0.500000
llava_med,0.499988
llava_med,0.436675
llava_med,0.499815
llava_med,0.499695
llava_med,0.495724
llava_med,0.499999
llava_med,0.499986
llava_med,0.499941
llava_med,0.486719
llava_med,0.384865
llava_med,0.494854
llava_med,0.500003
llava_med,0.379075
llava_med,0.499690
llava_med,0.499941
llava_med,0.499995
llava_med,0.499996
llava_med,0.494982
llava_med,0.465536
llava_med,0.483226
llava_med,0.500001
llava_med,0.499699
llava_med,0.499929
llava_med,0.480308
llava_med,0.499682
llava_med,0.499595
llava_med,0.499604
llava_med,0.494508
llava_med,0.500000
llava_med,0.500000
llava_med,0.499985
llava_med,0.499924
llava_med,0.499620
llava_med,0.499967
llava_med,0.499922
llava_med,0.499621
llava_med,0.499845
llava_med,0.499974
llava_med,0.499999
llava_med,0.488523
llava_med,0.499975
llava_med,0.499909
llava_med,0.500000
llava_med,0.499917
llava_med,0.499998
llava_med,0.499473
llava_med,0.500000
llava_med,0.500000
llava_med,0.000000
llava_med,0.499155
llava_med,0.499953
llava_med,0.499961
llava_med,0.499945
llava_med,0.499963
llava_med,0.499060
llava_med,0.499760
llava_med,0.000004
llava_med,0.499984
llava_med,0.498468
llava_med,0.499761
llava_med,0.493420
llava_med,0.499799
llava_med,0.499949
llava_med,0.497608
llava_med,0.499966
llava_med,0.500000
llava_med,0.499960
llava_med,0.451488
llava_med,0.495243
llava_med,0.498894
llava_med,0.499960
llava_med,0.499986
llava_med,0.499686
llava_med,0.499702
llava_med,0.499995
llava_med,0.498525
llava_med,0.499137
llava_med,0.499996
llava_med,0.498875
llava_med,0.455308
llava_med,0.494457
llava_med,0.469150
llava_med,0.499948
llava_med,0.499890
llava_med,0.499982
llava_med,0.481861
llava_med,0.465177
llava_med,0.497637
llava_med,0.499906
llava_med,0.496677
llava_med,0.495044
llava_med,0.499975
llava_med,0.499932
llava_med,0.499992
llava_med,0.488305
llava_med,0.486523
llava_med,0.499579
llava_med,0.499914
llava_med,0.499876
llava_med,0.499999
llava_med,0.360558
llava_med,0.499912
llava_med,0.499998
llava_med,0.499943
llava_med,0.499995
llava_med,0.499998
llava_med,0.499995
llava_med,0.499705
llava_med,0.499993
llava_med,0.500001
llava_med,0.499945
llava_med,0.499967
llava_med,0.499952
llava_med,0.499999
llava_med,0.498447
llava_med,0.499995
llava_med,0.499949
llava_med,0.493825
llava_med,0.499998
llava_med,0.499992
llava_med,0.448364
llava_med,0.496317
llava_med,0.499482
llava_med,0.499997
llava_med,0.499999
llava_med,0.500000
llava_med,0.500000
llava_med,0.495680
llava_med,0.499924
llava_med,0.499999
llava_med,0.499992
llava_med,0.499977
llava_med,0.499991
llava_med,0.499999
llava_med,0.499903
llava_med,0.499996
llava_med,0.459952
llava_med,0.499998
llava_med,0.499996
llava_med,0.499988
llava_med,0.499999
llava_med,0.000000
llava_med,0.000000
llava_med,0.000000
llava_med,0.000000
llava_med,0.000000
llava_med,0.000000
llava_med,0.005465
llava_med,0.498851
llava_med,0.499990
llava_med,0.499979
llava_med,0.499967
llava_med,0.498646
llava_med,0.499971
llava_med,0.288064
llava_med,0.499852
llava_med,0.499999
llava_med,0.499879
llava_med,0.499991
llava_med,0.489424
llava_med,0.499942
llava_med,0.499953
llava_med,0.500000
llava_med,0.499987
llava_med,0.499999
llava_med,0.499992
llava_med,0.495360
llava_med,0.499914
llava_med,0.476791
llava_med,0.499981
llava_med,0.499996
llava_med,0.495566
llava_med,0.499998
llava_med,0.499987
llava_med,0.499926
llava_med,0.481625
llava_med,0.499966
llava_med,0.490244
llava_med,0.488873
llava_med,0.487915
llava_med,0.499865
llava_med,0.499978
llava_med,0.500000
llava_med,0.499998
llava_med,0.000000
llava_med,0.000000
llava_med,0.499934
llava_med,0.499835
llava_med,0.499972
llava_med,0.499998
llava_med,0.499971
llava_med,0.498934
llava_med,0.499996
llava_med,0.499998
llava_med,0.499817
llava_med,0.499300
llava_med,0.499889
llava_med,0.499899
llava_med,0.499586
llava_med,0.498901
llava_med,0.499906
llava_med,0.499957
llava_med,0.499999
llava_med,0.499963
llava_med,0.007828
llava_med,0.064789
llava_med,0.396377
llava_med,0.499971
llava_med,0.487795
llava_med,0.499999
llava_med,0.499750
llava_med,0.499996
llava_med,0.478548
llava_med,0.499960
llava_med,0.499856
llava_med,0.499826
llava_med,0.492493
llava_med,0.499622
llava_med,0.499996
llava_med,0.499896
llava_med,0.490945
llava_med,0.499699
llava_med,0.499999
llava_med,0.000000
llava_med,0.000000
llava_med,0.000000
llava_med,0.000000
llava_med,0.000000
llava_med,0.000000
llava_med,0.000000
llava_med,0.000000
llava_med,0.000000
llava_med,0.000000
llava_med,0.000000
llava_med,0.499094
llava_med,0.323575
llava_med,0.499702
llava_med,0.499940
llava_med,0.499979
llava_med,0.499990
llava_med,0.499987
llava_med,0.499283
llava_med,0.500000
llava_med,0.499978
llava_med,0.494426
llava_med,0.499983
llava_med,0.499999
llava_med,0.499988
llava_med,0.458255
llava_med,0.499998
llava_med,0.499951
llava_med,0.499737
llava_med,0.488976
llava_med,0.498629
llava_med,0.499999
llava_med,0.499997
llava_med,0.499861
llava_med,0.499978
llava_med,0.499975
llava_med,0.479785
llava_med,0.499507
llava_med,0.499522
llava_med,0.499842
llava_med,0.499936
llava_med,0.499980
llava_med,0.499491
llava_med,0.380455
llava_med,0.499940
llava_med,0.472278
llava_med,0.499983
llava_med,0.499997
llava_med,0.000000
llava_med,0.000000
llava_med,0.000000
llava_med,0.000000
llava_med,0.000000
llava_med,0.000000
llava_med,0.000000
llava_med,0.000000
llava_med,0.000000
llava_med,0.000000
llava_med,0.000000
llava_med,0.499156
llava_med,0.499959
llava_med,0.499810
llava_med,0.499888
llava_med,0.499862
llava_med,0.483776
llava_med,0.343390
llava_med,0.499950
llava_med,0.500002
llava_med,0.499732
llava_med,0.020791
llava_med,0.410290
llava_med,0.428443
llava_med,0.499988
llava_med,0.422493
llava_med,0.499993
llava_med,0.499979
llava_med,0.499989
llava_med,0.499992
llava_med,0.499999
llava_med,0.499989
llava_med,0.498997
llava_med,0.499719
llava_med,0.499263
llava_med,0.499773
llava_med,0.499558
llava_med,0.499663
llava_med,0.499989
llava_med,0.449094
llava_med,0.498292
llava_med,0.498357
llava_med,0.500000
llava_med,0.499855
llava_med,0.500000
llava_med,0.499998
llava_med,0.499957
llava_med,0.499317
llava_med,0.486769
llava_med,0.499997
llava_med,0.499992
llava_med,0.498912
llava_med,0.499976
llava_med,0.325306
llava_med,0.495603
llava_med,0.450930
llava_med,0.484007
llava_med,0.500000
llava_med,0.500000
llava_med,0.499989
llava_med,0.499981
llava_med,0.500000
llava_med,0.000000
llava_med,0.000000
llava_med,0.000000
llava_med,0.000000
llava_med,0.000000
llava_med,0.000000
llava_med,0.000004
llava_med,0.000000
llava_med,0.499730
llava_med,0.499314
llava_med,0.499986
llava_med,0.499909
llava_med,0.499913
llava_med,0.499960
llava_med,0.498941
llava_med,0.497548
llava_med,0.497812
llava_med,0.499890
llava_med,0.499987
llava_med,0.499923
llava_med,0.411925
llava_med,0.080569
llava_med,0.499873
llava_med,0.499469
llava_med,0.499985
llava_med,0.499993
llava_med,0.492467
llava_med,0.499894
llava_med,0.500001
llava_med,0.500000
llava_med,0.500000
llava_med,0.499995
llava_med,0.499993
llava_med,0.499890
llava_med,0.499677
llava_med,0.335679
llava_med,0.478540
llava_med,0.499994
llava_med,0.477399
llava_med,0.499950
llava_med,0.494077
llava_med,0.403653
llava_med,0.499387
llava_med,0.499992
llava_med,0.499994
llava_med,0.498751
llava_med,0.499816
llava_med,0.500000
llava_med,0.498426
llava_med,0.141579
llava_med,0.499986
llava_med,0.499999
llava_med,0.499996
llava_med,0.499974
llava_med,0.492914
llava_med,0.500000
llava_med,0.499807
llava_med,0.500000
llava_med,0.499966
llava_med,0.500000
llava_med,0.499994
llava_med,0.499998
llava_med,0.500000
llava_med,0.500001
llava_med,0.500000
llava_med,0.499998
llava_med,0.499850
llava_med,0.499809
llava_med,0.499997
llava_med,0.500000
llava_med,0.000000
llava_med,0.000000
llava_med,0.000000
llava_med,0.000000
llava_med,0.000029
llava_med,0.000000
llava_med,0.000000
llava_med,0.499999
llava_med,0.499993
llava_med,0.463928
llava_med,0.499978
llava_med,0.499997
llava_med,0.458095
llava_med,0.499997
llava_med,0.499965
llava_med,0.496191
llava_med,0.499856
llava_med,0.499904
llava_med,0.307695
llava_med,0.499930
llava_med,0.499962
llava_med,0.499984
llava_med,0.499336
llava_med,0.429909
llava_med,0.499999
llava_med,0.500004
llava_med,0.499912
llava_med,0.500003
llava_med,0.499991
llava_med,0.499314
llava_med,0.499983
llava_med,0.500000
llava_med,0.499993
llava_med,0.499830
llava_med,0.499981
llava_med,0.500003
llava_med,0.499930
llava_med,0.498739
llava_med,0.474206
llava_med,0.499997
llava_med,0.499999
llava_med,0.500000
llava_med,0.499997
llava_med,0.499991
llava_med,0.499984
llava_med,0.499976
llava_med,0.500001
llava_med,0.499951
llava_med,0.499968
llava_med,0.499995
llava_med,0.499811
llava_med,0.499978
llava_med,0.499991
llava_med,0.499985
llava_med,0.499938
llava_med,0.500000
llava_med,0.499996
llava_med,0.499995
llava_med,0.500000
llava_med,0.499879
llava_med,0.499999
llava_med,0.500000
llava_med,0.500001
llava_med,0.499993
llava_med,0.499932
llava_med,0.500000
llava_med,0.500000
llava_med,0.499999
llava_med,0.488032
llava_med,0.499695
llava_med,0.499999
llava_med,0.499999
llava_med,0.000000
llava_med,0.000000
llava_med,0.499940
llava_med,0.498489
llava_med,0.499990
llava_med,0.499942
llava_med,0.498373
llava_med,0.499210
llava_med,0.499919
llava_med,0.499991
llava_med,0.499997
llava_med,0.499880
llava_med,0.499992
llava_med,0.499557
llava_med,0.499905
llava_med,0.499995
llava_med,0.486905
llava_med,0.499094
llava_med,0.500001
llava_med,0.499737
llava_med,0.499994
llava_med,0.499934
llava_med,0.499854
llava_med,0.499921
llava_med,0.479620
llava_med,0.499972
llava_med,0.499939
llava_med,0.499821
llava_med,0.493629
llava_med,0.499518
llava_med,0.499584
llava_med,0.496224
llava_med,0.499987
llava_med,0.499878
llava_med,0.437856
llava_med,0.499577
llava_med,0.484367
llava_med,0.499962
llava_med,0.426653
llava_med,0.499863
llava_med,0.180785
llava_med,0.263382
llava_med,0.489241
llava_med,0.444480
llava_med,0.499978
llava_med,0.499944
llava_med,0.499899
llava_med,0.499990
llava_med,0.499933
llava_med,0.499977
llava_med,0.499712
llava_med,0.493530
llava_med,0.499779
llava_med,0.500000
llava_med,0.499991
llava_med,0.387119
llava_med,0.499905
llava_med,0.499983
llava_med,0.499944
llava_med,0.496346
llava_med,0.499992
llava_med,0.499785
llava_med,0.499889
llava_med,0.500000
llava_med,0.499997
llava_med,0.492716
llava_med,0.499999
llava_med,0.499996
llava_med,0.118466
llava_med,0.499853
llava_med,0.499957
llava_med,0.499999
llava_med,0.500000
llava_med,0.499749
llava_med,0.499999
llava_med,0.499984
llava_med,0.500000
llava_med,0.494437
llava_med,0.499997
llava_med,0.500000
llava_med,0.000000
llava_med,0.000000
llava_med,0.000000
llava_med,0.000000
llava_med,0.000000
llava_med,0.000000
llava_med,0.000000
llava_med,0.000000
llava_med,0.000000
llava_med,0.000000
llava_med,0.499568
llava_med,0.499890
llava_med,0.499525
llava_med,0.499820
llava_med,0.499863
llava_med,0.482106
llava_med,0.500002
llava_med,0.499979
llava_med,0.499949
llava_med,0.356620
llava_med,0.499960
llava_med,0.499951
llava_med,0.363123
llava_med,0.499667
llava_med,0.002514
llava_med,0.500000
llava_med,0.499790
llava_med,0.499977
llava_med,0.499919
llava_med,0.487903
llava_med,0.499115
llava_med,0.499382
llava_med,0.499244
llava_med,0.255580
llava_med,0.499888
llava_med,0.499968
llava_med,0.492298
llava_med,0.499936
llava_med,0.499976
llava_med,0.499153
llava_med,0.499971
llava_med,0.499883
llava_med,0.500001
llava_med,0.500000
llava_med,0.499654
llava_med,0.500003
llava_med,0.500004
llava_med,0.498625
llava_med,0.499965
llava_med,0.495089
llava_med,0.500000
llava_med,0.495495
llava_med,0.500000
llava_med,0.495290
llava_med,0.499511
llava_med,0.482513
llava_med,0.499997
llava_med,0.499231
llava_med,0.499995
llava_med,0.161491
llava_med,0.499878
llava_med,0.499922
llava_med,0.499312
llava_med,0.467493
llava_med,0.500000
llava_med,0.499978
llava_med,0.486488
llava_med,0.499997
llava_med,0.499918
llava_med,0.499649
llava_med,0.499999
llava_med,0.492300
llava_med,0.500000
llava_med,0.499997
llava_med,0.500000
llava_med,0.499968
llava_med,0.499488
llava_med,0.490734
llava_med,0.499627
llava_med,0.499964
llava_med,0.499998
llava_med,0.499962
llava_med,0.499952
llava_med,0.499990
llava_med,0.499930
llava_med,0.500000
llava_med,0.000000
llava_med,0.000000
llava_med,0.000000
llava_med,0.000000
llava_med,0.000000
llava_med,0.000000
llava_med,0.026622
llava_med,0.499986
llava_med,0.499979
llava_med,0.487790
llava_med,0.499871
llava_med,0.499960
llava_med,0.464955
llava_med,0.499931
llava_med,0.499997
llava_med,0.490112
llava_med,0.499923
llava_med,0.499882
llava_med,0.499954
llava_med,0.499987
llava_med,0.499993
llava_med,0.499989
llava_med,0.494517
llava_med,0.220005
llava_med,0.499788
llava_med,0.499995
llava_med,0.498229
llava_med,0.499942
llava_med,0.499981
llava_med,0.499987
llava_med,0.000000
llava_med,0.000106
llava_med,0.499996
llava_med,0.496865
llava_med,0.484460
llava_med,0.491454
llava_med,0.498372
llava_med,0.499852
llava_med,0.499969
llava_med,0.488511
llava_med,0.499675
llava_med,0.499957
llava_med,0.499936
llava_med,0.499840
llava_med,0.499908
llava_med,0.498050
llava_med,0.499991
llava_med,0.499980
llava_med,0.499926
llava_med,0.408649
llava_med,0.499398
llava_med,0.499673
llava_med,0.499665
llava_med,0.410660
llava_med,0.499746
llava_med,0.469754
llava_med,0.450140
llava_med,0.448662
llava_med,0.495145
llava_med,0.499948
llava_med,0.499841
llava_med,0.499989
llava_med,0.496446
llava_med,0.499948
llava_med,0.499852
llava_med,0.499997
llava_med,0.499881
llava_med,0.432569
llava_med,0.499915
llava_med,0.489392
llava_med,0.499839
llava_med,0.499962
llava_med,0.499874
llava_med,0.499973
llava_med,0.439137
llava_med,0.349535
llava_med,0.499040
llava_med,0.456972
llava_med,0.499875
llava_med,0.499985
llava_med,0.500001
llava_med,0.499845
llava_med,0.499977
llava_med,0.499981
llava_med,0.499964
llava_med,0.499874
llava_med,0.499994
llava_med,0.500000
llava_med,0.499558
llava_med,0.499991
llava_med,0.499993
llava_med,0.499990
llava_med,0.499926
llava_med,0.499701
llava_med,0.499162
llava_med,0.499981
llava_med,0.499957
llava_med,0.497014
llava_med,0.499995
llava_med,0.499906
llava_med,0.498605
llava_med,0.499902
llava_med,0.463214
llava_med,0.499693
llava_med,0.499977
llava_med,0.499995
llava_med,0.499925
llava_med,0.499995
llava_med,0.499998
llava_med,0.499998
llava_med,0.500000
llava_med,0.499986
llava_med,0.500001
llava_med,0.499954
llava_med,0.499999
llava_med,0.000000
llava_med,0.000106
llava_med,0.000000
llava_med,0.000000
llava_med,0.000000
llava_med,0.000000
llava_med,0.000892
llava_med,0.499993
llava_med,0.444916
llava_med,0.499669
llava_med,0.499797
llava_med,0.499645
llava_med,0.499997
llava_med,0.426494
llava_med,0.499995
llava_med,0.491870
llava_med,0.499988
llava_med,0.191513
llava_med,0.499970
llava_med,0.499939
llava_med,0.499533
llava_med,0.498816
llava_med,0.499995
llava_med,0.499905
llava_med,0.499823
llava_med,0.499925
llava_med,0.499968
llava_med,0.499756
llava_med,0.499923
llava_med,0.499997
llava_med,0.499951
llava_med,0.499976
llava_med,0.499969
llava_med,0.452144
llava_med,0.499982
llava_med,0.499970
llava_med,0.499665
llava_med,0.499515
llava_med,0.482906
llava_med,0.497046
llava_med,0.498656
llava_med,0.499951
llava_med,0.499983
llava_med,0.500000
llava_med,0.499994
llava_med,0.489142
llava_med,0.499983
llava_med,0.499858
llava_med,0.466719
llava_med,0.499952
llava_med,0.499929
llava_med,0.499866
llava_med,0.499450
llava_med,0.499999
llava_med,0.499999
llava_med,0.372440
llava_med,0.496804
llava_med,0.499974
llava_med,0.499998
llava_med,0.497729
llava_med,0.500000
llava_med,0.496621
llava_med,0.499556
llava_med,0.499998
llava_med,0.499993
llava_med,0.476725
llava_med,0.499994
llava_med,0.499954
llava_med,0.497476
llava_med,0.499901
llava_med,0.499989
llava_med,0.500000
llava_med,0.499998
llava_med,0.499998
llava_med,0.445635
llava_med,0.499778
llava_med,0.499999
llava_med,0.000000
llava_med,0.000106
llava_med,0.000000
llava_med,0.000000
llava_med,0.000000
llava_med,0.000000
llava_med,0.000892
llava_med,0.499999
llava_med,0.333160
llava_med,0.498563
llava_med,0.499980
llava_med,0.492453
llava_med,0.302442
llava_med,0.098248
llava_med,0.426449
llava_med,0.499978
llava_med,0.499834
llava_med,0.488786
llava_med,0.499976
llava_med,0.475420
llava_med,0.499913
llava_med,0.499991
llava_med,0.495824
llava_med,0.500000
llava_med,0.499905
llava_med,0.498324
llava_med,0.499946
llava_med,0.487073
llava_med,0.499966
llava_med,0.499815
llava_med,0.483995
llava_med,0.339213
llava_med,0.229513
llava_med,0.483840
llava_med,0.495071
llava_med,0.498394
llava_med,0.499933
llava_med,0.454883
llava_med,0.498153
llava_med,0.493526
llava_med,0.499879
llava_med,0.499129
llava_med,0.484856
llava_med,0.499966
llava_med,0.499840
llava_med,0.499985
llava_med,0.499839
llava_med,0.499917
llava_med,0.493070
llava_med,0.499828
llava_med,0.499967
llava_med,0.499708
llava_med,0.499574
llava_med,0.499990
llava_med,0.494923
llava_med,0.499997
llava_med,0.499869
llava_med,0.499996
llava_med,0.499970
llava_med,0.499940
llava_med,0.047826
llava_med,0.499018
llava_med,0.499995
llava_med,0.000000
llava_med,0.499421
llava_med,0.499995
llava_med,0.499953
llava_med,0.499986
llava_med,0.499996
llava_med,0.499920
llava_med,0.500000
llava_med,0.499864
llava_med,0.499993
llava_med,0.499966
llava_med,0.499919
llava_med,0.499998
llava_med,0.491515
llava_med,0.499976
llava_med,0.493607
llava_med,0.499761
llava_med,0.499993
llava_med,0.499998
llava_med,0.499973
llava_med,0.499911
llava_med,0.500000
llava_med,0.500000
llava_med,0.499647
llava_med,0.499981
llava_med,0.499994
llava_med,0.499905
llava_med,0.499585
llava_med,0.499982
llava_med,0.499996
llava_med,0.492329
llava_med,0.498890
llava_med,0.499991
llava_med,0.499728
llava_med,0.499998
llava_med,0.500000
llava_med,0.499996
llava_med,0.486841
llava_med,0.500001
llava_med,0.498526
llava_med,0.499999
llava_med,0.499988
llava_med,0.499560
llava_med,0.480691
llava_med,0.499991
llava_med,0.499921
llava_med,0.499659
llava_med,0.498779
llava_med,0.491626
llava_med,0.499293
llava_med,0.500000
llava_med,0.500001
llava_med,0.497697
llava_med,0.499996
llava_med,0.497856
llava_med,0.499826
llava_med,0.498051
llava_med,0.500001
llava_med,0.499978
llava_med,0.499810
llava_med,0.500000
llava_med,0.499990
llava_med,0.499833
llava_med,0.497717
llava_med,0.489833
llava_med,0.500000
llava_med,0.500000
llava_med,0.494630
llava_med,0.499954
llava_med,0.499988
llava_med,0.499765
llava_med,0.499998
llava_med,0.499998
llava_med,0.000000
llava_med,0.000106
llava_med,0.000000
llava_med,0.000000
llava_med,0.000000
llava_med,0.000000
llava_med,0.000892
llava_med,0.499979
llava_med,0.493204
llava_med,0.499843
llava_med,0.487118
llava_med,0.499814
llava_med,0.499501
llava_med,0.496106
llava_med,0.499322
llava_med,0.499997
llava_med,0.499516
llava_med,0.499980
llava_med,0.499979
llava_med,0.499968
llava_med,0.376340
llava_med,0.496339
llava_med,0.499978
llava_med,0.499957
llava_med,0.481531
llava_med,0.499583
llava_med,0.499866
llava_med,0.499971
llava_med,0.499905
llava_med,0.499926
llava_med,0.499989
llava_med,0.225765
llava_med,0.499831
llava_med,0.499683
llava_med,0.352450
llava_med,0.499083
llava_med,0.386048
llava_med,0.499995
llava_med,0.499977
llava_med,0.499988
llava_med,0.499952
llava_med,0.496496
llava_med,0.499862
llava_med,0.499186
llava_med,0.499956
llava_med,0.499904
llava_med,0.499985
llava_med,0.499974
llava_med,0.370371
llava_med,0.499820
llava_med,0.500003
llava_med,0.490693
llava_med,0.499986
llava_med,0.499938
llava_med,0.499997
llava_med,0.428666
llava_med,0.499952
llava_med,0.496956
llava_med,0.499995
llava_med,0.499724
llava_med,0.499998
llava_med,0.499414
llava_med,0.500000
llava_med,0.500002
llava_med,0.236430
llava_med,0.473629
llava_med,0.499998
llava_med,0.000000
llava_med,0.000708
llava_med,0.000000
llava_med,0.000000
llava_med,0.000000
llava_med,0.000000
llava_med,0.000445
llava_med,0.499982
llava_med,0.420096
llava_med,0.499630
llava_med,0.499522
llava_med,0.499813
llava_med,0.499994
llava_med,0.403822
llava_med,0.499439
llava_med,0.499992
llava_med,0.499914
llava_med,0.186109
llava_med,0.499667
llava_med,0.499972
llava_med,0.499993
llava_med,0.231372
llava_med,0.499628
llava_med,0.499988
llava_med,0.498710
llava_med,0.499881
llava_med,0.499724
llava_med,0.498399
llava_med,0.499881
llava_med,0.494511
llava_med,0.499842
llava_med,0.499940
llava_med,0.499318
llava_med,0.499966
llava_med,0.499951
llava_med,0.493441
llava_med,0.489008
llava_med,0.499984
llava_med,0.499934
llava_med,0.474636
llava_med,0.499029
llava_med,0.496194
llava_med,0.499975
llava_med,0.482398
llava_med,0.500000
llava_med,0.499959
llava_med,0.499978
llava_med,0.499999
llava_med,0.499989
llava_med,0.499477
llava_med,0.499751
llava_med,0.465802
llava_med,0.499748
llava_med,0.499184
llava_med,0.490963
llava_med,0.499968
llava_med,0.477316
llava_med,0.465244
llava_med,0.499989
llava_med,0.304620
llava_med,0.499779
llava_med,0.497972
llava_med,0.499836
llava_med,0.499978
llava_med,0.499987
llava_med,0.499968
llava_med,0.499929
llava_med,0.484240
llava_med,0.467520
llava_med,0.499994
llava_med,0.499983
llava_med,0.499997
llava_med,0.499999
llava_med,0.499854
llava_med,0.499937
llava_med,0.498379
llava_med,0.499945
llava_med,0.489885
llava_med,0.478043
llava_med,0.499994
llava_med,0.499999
llava_med,0.500000
llava_med,0.499999
llava_med,0.499797
llava_med,0.499457
llava_med,0.499477
llava_med,0.499997
llava_med,0.500000
llava_med,0.499992
llava_med,0.499979
llava_med,0.499936
llava_med,0.499992
llava_med,0.500000
llava_med,0.499997
llava_med,0.500000
llava_med,0.000332
llava_med,0.492619
llava_med,0.489106
llava_med,0.499969
llava_med,0.500000
llava_med,0.500000
llava_med,0.499980
llava_med,0.001220
llava_med,0.498174
llava_med,0.493330
llava_med,0.500000
llava_med,0.219469
llava_med,0.499901
llava_med,0.500000
llava_med,0.000000
llava_med,0.499772
llava_med,0.499966
llava_med,0.499967
llava_med,0.499985
llava_med,0.499995
llava_med,0.499619
llava_med,0.499987
llava_med,0.499734
llava_med,0.499997
llava_med,0.500000
llava_med,0.499906
llava_med,0.499998
llava_med,0.499829
llava_med,0.499933
llava_med,0.499686
llava_med,0.499654
llava_med,0.499744
llava_med,0.499824
llava_med,0.486930
llava_med,0.498716
llava_med,0.499988
llava_med,0.498545
llava_med,0.500000
llava_med,0.499965
llava_med,0.499983
llava_med,0.499353
llava_med,0.499930
llava_med,0.500000
llava_med,0.499770
llava_med,0.499897
llava_med,0.499542
llava_med,0.499993
llava_med,0.464739
llava_med,0.497946
llava_med,0.486526
llava_med,0.499996
llava_med,0.497317
llava_med,0.499018
llava_med,0.392250
llava_med,0.499914
llava_med,0.499894
llava_med,0.498714
llava_med,0.499995
llava_med,0.499998
llava_med,0.499915
llava_med,0.499792
llava_med,0.499996
llava_med,0.499645
llava_med,0.499999
llava_med,0.499996
llava_med,0.499994
llava_med,0.499952
llava_med,0.499976
llava_med,0.499999
llava_med,0.499405
llava_med,0.362988
llava_med,0.457310
llava_med,0.499999
llava_med,0.499817
llava_med,0.500000
llava_med,0.499974
llava_med,0.499975
llava_med,0.499998
llava_med,0.500000
llava_med,0.499996
llava_med,0.499937
llava_med,0.499997
llava_med,0.499999
llava_med,0.499865
llava_med,0.481095
llava_med,0.499987
llava_med,0.500000
llava_med,0.500000
llava_med,0.000199
llava_med,0.499999
llava_med,0.499979
llava_med,0.499949
llava_med,0.496878
llava_med,0.499996
llava_med,0.499990
llava_med,0.000474
llava_med,0.381066
llava_med,0.499999
llava_med,0.000000
llava_med,0.499584
llava_med,0.499373
llava_med,0.499999
llava_med,0.500000
llava_med,0.499951
llava_med,0.499983
llava_med,0.499992
llava_med,0.499995
llava_med,0.499309
llava_med,0.499998
llava_med,0.498966
llava_med,0.499869
llava_med,0.498312
llava_med,0.499993
llava_med,0.466832
llava_med,0.499926
llava_med,0.499996
llava_med,0.499968
llava_med,0.499980
llava_med,0.499993
llava_med,0.468191
llava_med,0.499946
llava_med,0.499934
llava_med,0.499948
llava_med,0.499908
llava_med,0.499640
llava_med,0.499975
llava_med,0.499965
llava_med,0.103097
llava_med,0.491903
llava_med,0.498262
llava_med,0.499898
llava_med,0.473864
llava_med,0.499987
llava_med,0.499998
llava_med,0.499993
llava_med,0.499982
llava_med,0.499998
llava_med,0.499913
llava_med,0.500000
llava_med,0.500000
llava_med,0.499998
llava_med,0.499999
llava_med,0.499959
llava_med,0.499996
llava_med,0.499962
llava_med,0.499996
llava_med,0.499993
llava_med,0.499962
llava_med,0.499711
llava_med,0.500003
llava_med,0.500002
llava_med,0.500000
llava_med,0.498770
llava_med,0.500001
llava_med,0.500000
llava_med,0.499992
llava_med,0.499964
llava_med,0.500001
llava_med,0.499998
llava_med,0.499715
llava_med,0.000643
llava_med,0.498777
llava_med,0.500000
llava_med,0.500000
llava_med,0.500000
llava_med,0.000000
llava_med,0.499327
llava_med,0.499995
llava_med,0.499895
llava_med,0.499915
llava_med,0.499998
llava_med,0.499915
llava_med,0.499995
llava_med,0.499889
llava_med,0.499987
llava_med,0.499560
llava_med,0.499931
llava_med,0.498174
llava_med,0.481504
llava_med,0.499917
llava_med,0.497417
llava_med,0.498907
llava_med,0.499998
llava_med,0.499422
llava_med,0.499877
llava_med,0.411730
llava_med,0.497486
llava_med,0.499977
llava_med,0.499905
llava_med,0.499980
llava_med,0.498719
llava_med,0.499725
llava_med,0.499920
llava_med,0.499995
llava_med,0.499982
llava_med,0.475528
llava_med,0.499603
llava_med,0.264597
llava_med,0.499955
llava_med,0.499997
llava_med,0.262982
llava_med,0.499256
llava_med,0.499860
llava_med,0.499559
llava_med,0.499914
llava_med,0.499996
llava_med,0.437709
llava_med,0.499987
llava_med,0.000734
llava_med,0.499315
llava_med,0.491564
llava_med,0.499929
llava_med,0.499994
llava_med,0.499994
llava_med,0.499998
llava_med,0.499996
llava_med,0.499881
llava_med,0.499988
llava_med,0.499973
llava_med,0.497352
llava_med,0.499996
llava_med,0.499956
llava_med,0.499107
llava_med,0.433686
llava_med,0.500000
llava_med,0.498962
llava_med,0.499973
llava_med,0.499572
llava_med,0.498498
llava_med,0.499991
llava_med,0.500000
llava_med,0.500000
llava_med,0.499998
llava_med,0.071960
llava_med,0.499963
llava_med,0.500000
llava_med,0.499982
llava_med,0.499707
llava_med,0.499999
llava_med,0.499999
llava_med,0.500001
llava_med,0.499995
llava_med,0.500002
llava_med,0.500001
llava_med,0.000000
llava_med,0.000708
llava_med,0.000000
llava_med,0.000000
llava_med,0.000000
llava_med,0.000000
llava_med,0.000445
llava_med,0.499979
llava_med,0.479177
llava_med,0.497875
llava_med,0.497219
llava_med,0.477160
llava_med,0.482829
llava_med,0.163190
llava_med,0.499929
llava_med,0.474011
llava_med,0.499190
llava_med,0.499832
llava_med,0.499965
llava_med,0.499951
llava_med,0.499930
llava_med,0.486791
llava_med,0.499981
llava_med,0.499945
llava_med,0.499788
llava_med,0.499986
llava_med,0.500000
llava_med,0.499986
llava_med,0.498511
llava_med,0.481210
llava_med,0.499994
llava_med,0.499998
llava_med,0.128795
llava_med,0.498618
llava_med,0.499825
llava_med,0.499897
llava_med,0.491844
llava_med,0.499876
llava_med,0.499966
llava_med,0.499998
llava_med,0.439855
llava_med,0.498648
llava_med,0.499979
llava_med,0.499980
llava_med,0.499976
llava_med,0.500001
llava_med,0.499970
llava_med,0.496077
llava_med,0.497177
llava_med,0.499999
llava_med,0.499896
llava_med,0.500003
llava_med,0.499912
llava_med,0.499805
llava_med,0.499236
llava_med,0.500003
llava_med,0.447938
llava_med,0.499987
llava_med,0.499992
llava_med,0.499975
llava_med,0.499991
llava_med,0.433203
llava_med,0.499749
llava_med,0.499906
llava_med,0.499460
llava_med,0.497610
llava_med,0.500001
llava_med,0.499994
llava_med,0.499942
llava_med,0.499932
llava_med,0.499959
llava_med,0.000000
llava_med,0.000000
llava_med,0.000000
llava_med,0.000000
llava_med,0.000000
llava_med,0.000000
llava_med,0.000000
llava_med,0.499999
llava_med,0.496250
llava_med,0.482374
llava_med,0.496767
llava_med,0.499999
llava_med,0.499996
llava_med,0.487278
llava_med,0.293221
llava_med,0.499968
llava_med,0.500000
llava_med,0.500002
llava_med,0.489465
llava_med,0.499694
llava_med,0.499996
llava_med,0.500003
llava_med,0.500000
llava_med,0.499244
llava_med,0.497529
llava_med,0.499509
llava_med,0.499016
llava_med,0.498357
llava_med,0.499631
llava_med,0.499986
llava_med,0.499980
llava_med,0.499901
llava_med,0.499476
llava_med,0.445114
llava_med,0.499869
llava_med,0.417368
llava_med,0.200933
llava_med,0.499997
llava_med,0.499811
llava_med,0.499937
llava_med,0.499991
llava_med,0.499196
llava_med,0.500001
llava_med,0.453513
llava_med,0.500002
llava_med,0.496604
llava_med,0.499973
llava_med,0.496371
llava_med,0.500002
llava_med,0.500001
llava_med,0.499996
llava_med,0.498347
llava_med,0.475806
llava_med,0.478033
llava_med,0.499959
llava_med,0.499354
llava_med,0.499971
llava_med,0.499879
llava_med,0.499940
llava_med,0.499948
llava_med,0.499981
llava_med,0.494101
llava_med,0.499457
llava_med,0.499901
llava_med,0.500000
llava_med,0.499992
llava_med,0.499995
llava_med,0.499951
llava_med,0.499924
llava_med,0.499442
llava_med,0.409041
llava_med,0.499971
llava_med,0.500001
llava_med,0.499435
llava_med,0.494699
llava_med,0.499995
llava_med,0.499989
llava_med,0.491370
llava_med,0.497892
llava_med,0.499946
llava_med,0.500000
llava_med,0.000000
llava_med,0.000000
llava_med,0.000000
llava_med,0.000000
llava_med,0.000000
llava_med,0.000000
llava_med,0.000000
llava_med,0.499755
llava_med,0.499999
llava_med,0.497451
llava_med,0.499904
llava_med,0.499987
llava_med,0.499522
llava_med,0.499949
llava_med,0.296743
llava_med,0.481442
llava_med,0.499714
llava_med,0.499999
llava_med,0.497760
llava_med,0.367707
llava_med,0.498523
llava_med,0.348912
llava_med,0.319677
llava_med,0.499755
llava_med,0.479561
llava_med,0.450794
llava_med,0.499972
llava_med,0.499951
llava_med,0.486129
llava_med,0.302778
llava_med,0.498471
llava_med,0.499997
llava_med,0.000000
llava_med,0.000000
llava_med,0.000000
llava_med,0.000000
llava_med,0.000000
llava_med,0.000000
llava_med,0.000000
llava_med,0.000000
llava_med,0.000000
llava_med,0.010440
llava_med,0.479256
llava_med,0.499451
llava_med,0.496827
llava_med,0.498211
llava_med,0.499993
llava_med,0.382285
llava_med,0.352446
llava_med,0.499972
llava_med,0.468377
llava_med,0.499689
llava_med,0.499964
llava_med,0.499956
llava_med,0.499832
llava_med,0.499936
llava_med,0.479298
llava_med,0.122739
llava_med,0.499986
llava_med,0.499912
llava_med,0.499925
llava_med,0.499972
llava_med,0.000000
llava_med,0.000000
llava_med,0.000000
llava_med,0.498992
llava_med,0.499967
llava_med,0.499993
llava_med,0.499898
llava_med,0.499954
llava_med,0.499933
llava_med,0.499921
llava_med,0.490877
llava_med,0.499837
llava_med,0.500000
llava_med,0.495110
llava_med,0.499933
llava_med,0.499975
llava_med,0.499317
llava_med,0.497497
llava_med,0.483108
llava_med,0.499936
llava_med,0.499675
llava_med,0.499905
llava_med,0.499916
llava_med,0.499998
llava_med,0.499997
llava_med,0.499968
llava_med,0.499998
llava_med,0.160834
llava_med,0.350843
llava_med,0.499780
llava_med,0.499980
llava_med,0.499999
llava_med,0.444615
llava_med,0.499983
llava_med,0.499679
llava_med,0.499835
llava_med,0.499986
llava_med,0.483774
llava_med,0.376643
llava_med,0.499999
llava_med,0.478326
llava_med,0.498769
llava_med,0.499989
llava_med,0.000000
llava_med,0.499743
llava_med,0.499800
llava_med,0.499975
llava_med,0.500000
llava_med,0.499978
llava_med,0.499878
llava_med,0.499964
llava_med,0.499976
llava_med,0.499978
llava_med,0.499485
llava_med,0.499687
llava_med,0.499351
llava_med,0.499131
llava_med,0.499485
llava_med,0.499999
llava_med,0.459185
llava_med,0.498027
llava_med,0.499893
llava_med,0.499877
llava_med,0.499931
llava_med,0.499999
llava_med,0.499993
llava_med,0.499996
llava_med,0.474635
llava_med,0.499911
llava_med,0.499915
llava_med,0.499989
llava_med,0.499976
llava_med,0.499979
llava_med,0.499993
llava_med,0.499962
llava_med,0.454126
llava_med,0.500001
llava_med,0.499964
llava_med,0.494446
llava_med,0.490995
llava_med,0.492842
llava_med,0.499997
llava_med,0.499974
llava_med,0.493948
llava_med,0.499623
llava_med,0.482068
llava_med,0.498544
llava_med,0.496847
llava_med,0.499924
llava_med,0.499991
llava_med,0.499907
llava_med,0.499985
llava_med,0.499977
llava_med,0.499941
llava_med,0.499922
llava_med,0.500001
llava_med,0.499994
llava_med,0.499893
llava_med,0.499840
llava_med,0.499848
llava_med,0.499821
llava_med,0.499899
llava_med,0.497018
llava_med,0.493682
llava_med,0.495960
llava_med,0.494604
llava_med,0.495973
llava_med,0.499826
llava_med,0.499210
llava_med,0.499985
llava_med,0.499989
llava_med,0.499684
llava_med,0.499999
llava_med,0.000000
llava_med,0.000000
llava_med,0.000000
llava_med,0.000000
llava_med,0.000000
llava_med,0.000000
llava_med,0.000000
llava_med,0.498896
llava_med,0.499991
llava_med,0.499988
llava_med,0.497932
llava_med,0.499883
llava_med,0.499863
llava_med,0.482741
llava_med,0.499912
llava_med,0.500002
llava_med,0.462750
llava_med,0.499997
llava_med,0.499984
llava_med,0.499985
llava_med,0.096354
llava_med,0.117080
llava_med,0.087860
llava_med,0.499809
llava_med,0.499922
llava_med,0.486106
llava_med,0.500001
llava_med,0.499976
llava_med,0.499952
llava_med,0.496827
llava_med,0.499834
llava_med,0.499996
llava_med,0.000000
llava_med,0.000000
llava_med,0.000000
llava_med,0.000000
llava_med,0.000000
llava_med,0.000000
llava_med,0.000000
llava_med,0.000000
llava_med,0.000000
llava_med,0.000000
llava_med,0.000000
llava_med,0.499156
llava_med,0.499933
llava_med,0.499418
llava_med,0.499997
llava_med,0.499998
llava_med,0.499997
llava_med,0.498160
llava_med,0.499996
llava_med,0.499976
llava_med,0.483314
llava_med,0.500000
llava_med,0.499987
llava_med,0.499995
llava_med,0.499972
llava_med,0.495234
llava_med,0.499984
llava_med,0.137655
llava_med,0.499864
llava_med,0.499966
llava_med,0.499062
llava_med,0.039346
llava_med,0.499674
llava_med,0.499998
llava_med,0.500000
llava_med,0.499734
llava_med,0.499999
llava_med,0.499994
llava_med,0.499967
llava_med,0.499998
llava_med,0.500000
llava_med,0.000000
llava_med,0.000000
llava_med,0.000000
llava_med,0.000000
llava_med,0.000000
llava_med,0.000000
llava_med,0.000000
llava_med,0.498896
llava_med,0.499991
llava_med,0.499998
llava_med,0.498900
llava_med,0.498476
llava_med,0.499982
llava_med,0.499992
llava_med,0.499932
llava_med,0.495774
llava_med,0.497862
llava_med,0.499994
llava_med,0.499938
llava_med,0.499997
llava_med,0.499990
llava_med,0.457935
llava_med,0.499990
llava_med,0.465756
llava_med,0.499962
llava_med,0.499985
llava_med,0.499997
llava_med,0.499724
llava_med,0.493128
llava_med,0.499922
llava_med,0.499958
llava_med,0.499639
llava_med,0.499929
llava_med,0.499992
llava_med,0.499995
llava_med,0.491331
llava_med,0.499904
llava_med,0.499997
llava_med,0.000000
llava_med,0.000000
llava_med,0.000000
llava_med,0.000000
llava_med,0.000000
llava_med,0.000000
llava_med,0.000000
llava_med,0.498717
llava_med,0.499993
llava_med,0.499987
llava_med,0.495893
llava_med,0.499954
llava_med,0.499876
llava_med,0.499998
llava_med,0.499849
llava_med,0.004733
llava_med,0.179756
llava_med,0.499884
llava_med,0.498182
llava_med,0.499986
llava_med,0.499999
llava_med,0.499995
llava_med,0.499998
llava_med,0.500000
llava_med,0.500000
llava_med,0.500000
llava_med,0.500001
llava_med,0.499535
llava_med,0.500000
llava_med,0.500000
llava_med,0.499894
llava_med,0.499985
llava_med,0.500000
llava_med,0.499996
llava_med,0.498988
llava_med,0.499899
llava_med,0.462133
llava_med,0.499985
llava_med,0.499766
llava_med,0.499805
llava_med,0.499952
llava_med,0.422077
llava_med,0.498652
llava_med,0.500000
llava_med,0.499999
llava_med,0.485402
llava_med,0.499998
llava_med,0.499998
llava_med,0.500002
llava_med,0.499996
llava_med,0.499728
llava_med,0.500002
llava_med,0.499966
llava_med,0.499634
llava_med,0.499996
llava_med,0.499999
llava_med,0.499790
llava_med,0.500001
llava_med,0.500000
llava_med,0.499996
llava_med,0.499293
llava_med,0.499568
llava_med,0.499988
llava_med,0.487067
llava_med,0.499981
llava_med,0.499985
llava_med,0.492381
llava_med,0.499985
llava_med,0.499986
llava_med,0.499998
llava_med,0.499984
llava_med,0.499253
llava_med,0.499976
llava_med,0.499970
llava_med,0.500000
llava_med,0.499997
llava_med,0.499866
llava_med,0.499860
llava_med,0.499998
llava_med,0.500000
llava_med,0.499845
llava_med,0.499930
llava_med,0.499994
llava_med,0.499912
llava_med,0.499966
llava_med,0.499964
llava_med,0.500000
llava_med,0.000000
llava_med,0.000000
llava_med,0.000000
llava_med,0.000000
llava_med,0.000000
llava_med,0.000000
llava_med,0.000000
llava_med,0.000000
llava_med,0.000000
llava_med,0.000000
llava_med,0.000000
llava_med,0.499094
llava_med,0.499956
llava_med,0.266447
llava_med,0.499647
llava_med,0.499998
llava_med,0.499945
llava_med,0.381094
llava_med,0.499999
llava_med,0.499925
llava_med,0.369219
llava_med,0.499996
llava_med,0.482855
llava_med,0.499955
llava_med,0.499989
llava_med,0.499995
llava_med,0.499983
llava_med,0.499969
llava_med,0.499999
llava_med,0.498427
llava_med,0.499932
llava_med,0.499980
llava_med,0.499985
llava_med,0.500000
llava_med,0.499998
llava_med,0.498420
llava_med,0.499664
llava_med,0.500004
llava_med,0.499999
llava_med,0.500000
llava_med,0.500002
llava_med,0.500002
llava_med,0.499848
llava_med,0.499814
llava_med,0.499985
llava_med,0.500000
llava_med,0.500000
llava_med,0.499998
llava_med,0.500001
llava_med,0.499980
llava_med,0.499999
llava_med,0.499985
llava_med,0.494718
llava_med,0.499819
llava_med,0.499948
llava_med,0.408695
llava_med,0.499809
llava_med,0.498900
llava_med,0.500000
llava_med,0.499972
llava_med,0.500000
llava_med,0.000000
llava_med,0.000708
llava_med,0.000000
llava_med,0.000000
llava_med,0.000000
llava_med,0.000000
llava_med,0.006052
llava_med,0.499999
llava_med,0.496734
llava_med,0.499885
llava_med,0.434767
llava_med,0.499994
llava_med,0.499993
llava_med,0.492594
llava_med,0.499962
llava_med,0.499799
llava_med,0.499786
llava_med,0.499865
llava_med,0.347172
llava_med,0.498146
llava_med,0.485220
llava_med,0.223374
llava_med,0.499387
llava_med,0.499254
llava_med,0.498446
llava_med,0.499965
llava_med,0.499923
llava_med,0.499995
llava_med,0.418715
llava_med,0.478953
llava_med,0.499865
llava_med,0.499999
llava_med,0.500000
llava_med,0.000000
llava_med,0.000708
llava_med,0.000000
llava_med,0.000000
llava_med,0.000000
llava_med,0.000000
llava_med,0.000445
llava_med,0.495553
llava_med,0.499996
llava_med,0.488033
llava_med,0.496418
llava_med,0.445294
llava_med,0.000002
llava_med,0.499607
llava_med,0.499986
llava_med,0.374574
llava_med,0.114842
llava_med,0.497999
llava_med,0.333486
llava_med,0.499928
llava_med,0.499949
llava_med,0.494757
llava_med,0.499978
llava_med,0.498325
llava_med,0.499994
llava_med,0.498729
llava_med,0.499998
llava_med,0.499998
llava_med,0.499875
llava_med,0.499983
llava_med,0.499945
llava_med,0.499871
llava_med,0.499901
llava_med,0.499999
llava_med,0.499830
llava_med,0.480673
llava_med,0.499963
llava_med,0.499932
llava_med,0.499910
llava_med,0.496151
llava_med,0.467256
llava_med,0.499995
llava_med,0.499916
llava_med,0.499854
llava_med,0.499935
llava_med,0.499999
llava_med,0.499985
llava_med,0.499984
llava_med,0.499988
llava_med,0.499856
llava_med,0.497926
llava_med,0.496041
llava_med,0.499988
llava_med,0.499979
llava_med,0.499965
llava_med,0.497149
llava_med,0.499981
llava_med,0.499999
llava_med,0.499995
llava_med,0.497130
llava_med,0.499991
llava_med,0.499950
llava_med,0.489559
llava_med,0.499923
llava_med,0.498216
llava_med,0.498956
llava_med,0.499985
llava_med,0.499533
llava_med,0.499758
llava_med,0.499761
llava_med,0.500000
llava_med,0.499970
llava_med,0.499763
llava_med,0.499857
llava_med,0.499995
llava_med,0.500000
llava_med,0.500000
llava_med,0.499999
llava_med,0.499999
llava_med,0.499710
llava_med,0.499997
llava_med,0.499981
llava_med,0.499964
llava_med,0.499971
llava_med,0.499999
llava_med,0.000000
llava_med,0.000708
llava_med,0.499996
llava_med,0.497459
llava_med,0.495663
llava_med,0.455106
llava_med,0.340795
llava_med,0.499293
llava_med,0.499572
llava_med,0.495522
llava_med,0.497829
llava_med,0.499985
llava_med,0.496790
llava_med,0.499923
llava_med,0.388245
llava_med,0.499475
llava_med,0.499174
llava_med,0.499942
llava_med,0.499998
llava_med,0.499977
llava_med,0.499931
llava_med,0.499991
llava_med,0.214259
llava_med,0.491466
llava_med,0.499980
llava_med,0.498863
llava_med,0.499993
llava_med,0.500001
llava_med,0.499964
llava_med,0.495816
llava_med,0.448236
llava_med,0.499933
llava_med,0.499960
llava_med,0.499807
llava_med,0.499918
llava_med,0.499981
llava_med,0.499879
llava_med,0.500003
llava_med,0.499999
llava_med,0.498894
llava_med,0.499997
llava_med,0.499959
llava_med,0.499970
llava_med,0.499937
llava_med,0.496128
llava_med,0.499934
llava_med,0.499998
llava_med,0.498954
llava_med,0.499907
llava_med,0.499970
llava_med,0.499894
llava_med,0.499992
llava_med,0.499991
llava_med,0.499977
llava_med,0.499654
llava_med,0.499971
llava_med,0.499235
llava_med,0.499957
llava_med,0.497891
llava_med,0.500000
llava_med,0.496498
llava_med,0.499521
llava_med,0.499188
llava_med,0.498769
llava_med,0.497774
llava_med,0.499989
llava_med,0.499898
llava_med,0.499974
llava_med,0.499999
llava_med,0.499999
llava_med,0.496324
llava_med,0.498376
llava_med,0.499997
llava_med,0.000000
llava_med,0.000708
llava_med,0.000000
llava_med,0.000000
llava_med,0.000000
llava_med,0.000000
llava_med,0.000445
llava_med,0.499945
llava_med,0.499982
llava_med,0.419880
llava_med,0.499823
llava_med,0.499986
llava_med,0.491459
llava_med,0.499741
llava_med,0.499994
llava_med,0.499471
llava_med,0.499900
llava_med,0.498626
llava_med,0.499969
llava_med,0.499980
llava_med,0.499957
llava_med,0.499897
llava_med,0.493031
llava_med,0.355082
llava_med,0.473199
llava_med,0.499607
llava_med,0.499919
llava_med,0.499805
llava_med,0.490250
llava_med,0.499878
llava_med,0.500004
llava_med,0.499963
llava_med,0.499959
llava_med,0.486098
llava_med,0.499975
llava_med,0.499656
llava_med,0.499994
llava_med,0.500001
llava_med,0.493827
llava_med,0.494533
llava_med,0.499943
llava_med,0.500000
llava_med,0.500001
llava_med,0.500000
llava_med,0.500002
llava_med,0.500000
llava_med,0.499964
llava_med,0.499997
llava_med,0.367286
llava_med,0.497858
llava_med,0.499955
llava_med,0.499793
llava_med,0.499677
llava_med,0.499927
llava_med,0.499669
llava_med,0.499988
llava_med,0.497504
llava_med,0.499999
llava_med,0.499955
llava_med,0.381129
llava_med,0.499965
llava_med,0.497787
llava_med,0.459024
llava_med,0.499999
llava_med,0.495855
llava_med,0.499934
llava_med,0.500003
llava_med,0.500001
llava_med,0.500000
llava_med,0.500000
llava_med,0.420601
llava_med,0.500000
llava_med,0.500001
llava_med,0.499922
llava_med,0.499894
llava_med,0.498832
llava_med,0.499997
llava_med,0.000000
llava_med,0.000708
llava_med,0.499993
llava_med,0.495461
llava_med,0.423047
llava_med,0.481269
llava_med,0.497706
llava_med,0.499707
llava_med,0.499966
llava_med,0.489781
llava_med,0.499996
llava_med,0.350650
llava_med,0.499699
llava_med,0.499818
llava_med,0.480036
llava_med,0.499994
llava_med,0.499998
llava_med,0.442421
llava_med,0.433808
llava_med,0.499640
llava_med,0.499975
llava_med,0.499958
llava_med,0.499962
llava_med,0.499997
llava_med,0.500000
llava_med,0.499959
llava_med,0.499987
llava_med,0.499623
llava_med,0.483655
llava_med,0.499979
llava_med,0.499993
llava_med,0.500003
llava_med,0.499863
llava_med,0.498877
llava_med,0.499987
llava_med,0.499999
llava_med,0.499999
llava_med,0.499272
llava_med,0.499931
llava_med,0.499810
llava_med,0.499922
llava_med,0.499961
llava_med,0.499972
llava_med,0.499979
llava_med,0.499012
llava_med,0.499999
llava_med,0.499966
llava_med,0.499978
llava_med,0.499902
llava_med,0.499052
llava_med,0.499863
llava_med,0.499990
llava_med,0.499715
llava_med,0.500001
llava_med,0.490834
llava_med,0.499422
llava_med,0.499996
llava_med,0.499971
llava_med,0.499999
llava_med,0.499953
llava_med,0.499989
llava_med,0.499999
llava_med,0.499997
llava_med,0.499993
llava_med,0.500000
llava_med,0.500001
llava_med,0.499977
llava_med,0.499921
llava_med,0.499897
llava_med,0.499999
llava_med,0.000000
llava_med,0.000000
llava_med,0.051270
llava_med,0.028877
llava_med,0.003329
llava_med,0.000003
llava_med,0.002797
llava_med,0.495894
llava_med,0.498300
llava_med,0.499978
llava_med,0.499510
llava_med,0.024343
llava_med,0.000000
llava_med,0.239392
llava_med,0.014802
llava_med,0.394627
llava_med,0.479632
llava_med,0.482705
llava_med,0.499931
llava_med,0.499835
llava_med,0.405123
llava_med,0.433817
llava_med,0.499540
llava_med,0.491091
llava_med,0.498837
llava_med,0.456704
llava_med,0.499619
llava_med,0.499998
llava_med,0.432370
llava_med,0.467348
llava_med,0.499943
llava_med,0.499992
llava_med,0.496537
llava_med,0.499606
llava_med,0.494333
llava_med,0.499806
llava_med,0.463721
llava_med,0.499854
llava_med,0.499981
llava_med,0.496784
llava_med,0.499999
llava_med,0.499991
llava_med,0.499999
llava_med,0.499999
llava_med,0.485295
llava_med,0.496215
llava_med,0.499805
llava_med,0.486995
llava_med,0.499996
llava_med,0.495775
llava_med,0.500000
llava_med,0.500000
llava_med,0.499983
llava_med,0.499982
llava_med,0.300866
llava_med,0.498608
llava_med,0.490931
llava_med,0.499992
llava_med,0.499980
llava_med,0.498554
llava_med,0.499997
llava_med,0.499996
llava_med,0.499994
llava_med,0.499997
llava_med,0.499986
llava_med,0.475036
llava_med,0.437485
llava_med,0.410556
llava_med,0.499999
llava_med,0.499994
llava_med,0.000725
llava_med,0.499997
llava_med,0.499993
llava_med,0.500001
llava_med,0.499998
llava_med,0.500000
llava_med,0.500000
llava_med,0.499996
llava_med,0.499998
llava_med,0.499997
llava_med,0.499990
llava_med,0.500000
llava_med,0.499999
llava_med,0.499218
llava_med,0.499987
llava_med,0.499995
llava_med,0.499549
llava_med,0.499998
llava_med,0.499933
llava_med,0.500000
llava_med,0.499999
llava_med,0.499973
llava_med,0.499999
llava_med,0.499999
llava_med,0.500000
llava_med,0.499999
llava_med,0.467566
llava_med,0.500000
llava_med,0.500000
llava_med,0.499998
llava_med,0.499997
llava_med,0.500000
llava_med,0.499646
llava_med,0.499996
llava_med,0.500000
llava_med,0.499999
llava_med,0.499835
llava_med,0.452834
llava_med,0.499983
llava_med,0.499995
llava_med,0.483528
llava_med,0.499978
llava_med,0.499849
llava_med,0.476253
llava_med,0.499226
llava_med,0.499999
llava_med,0.499993
llava_med,0.499998
llava_med,0.000000
llava_med,0.000000
llava_med,0.000000
llava_med,0.000000
llava_med,0.000000
llava_med,0.000000
llava_med,0.000000
llava_med,0.499994
llava_med,0.475630
llava_med,0.499888
llava_med,0.458814
llava_med,0.499931
llava_med,0.499993
llava_med,0.492016
llava_med,0.499964
llava_med,0.499862
llava_med,0.499918
llava_med,0.499954
llava_med,0.453227
llava_med,0.484036
llava_med,0.499845
llava_med,0.499977
llava_med,0.499995
llava_med,0.499902
llava_med,0.499884
llava_med,0.499993
llava_med,0.499980
llava_med,0.499976
llava_med,0.006486
llava_med,0.039037
llava_med,0.420942
llava_med,0.440428
llava_med,0.499796
llava_med,0.499996
llava_med,0.499978
llava_med,0.380246
llava_med,0.499776
llava_med,0.442868
llava_med,0.498390
llava_med,0.499914
llava_med,0.499981
llava_med,0.499997
llava_med,0.499881
llava_med,0.499809
llava_med,0.499880
llava_med,0.499993
llava_med,0.499542
llava_med,0.500000
llava_med,0.470613
llava_med,0.491840
llava_med,0.480441
llava_med,0.499999
llava_med,0.500000
llava_med,0.499177
llava_med,0.499943
llava_med,0.499500
llava_med,0.499875
llava_med,0.499737
llava_med,0.499971
llava_med,0.496486
llava_med,0.495635
llava_med,0.497482
llava_med,0.499920
llava_med,0.500000
llava_med,0.499999
llava_med,0.499280
llava_med,0.499997
llava_med,0.499938
llava_med,0.499999
llava_med,0.500000
llava_med,0.000000
llava_med,0.000000
llava_med,0.000000
llava_med,0.000000
llava_med,0.000080
llava_med,0.000000
llava_med,0.000000
llava_med,0.498948
llava_med,0.499970
llava_med,0.497573
llava_med,0.499992
llava_med,0.499993
llava_med,0.493171
llava_med,0.499974
llava_med,0.493734
llava_med,0.499998
llava_med,0.496106
llava_med,0.499360
llava_med,0.499925
llava_med,0.499818
llava_med,0.499804
llava_med,0.490497
llava_med,0.499999
llava_med,0.499996
llava_med,0.499887
llava_med,0.492491
llava_med,0.498235
llava_med,0.477941
llava_med,0.499871
llava_med,0.499386
llava_med,0.500000
llava_med,0.499972
llava_med,0.499999
llava_med,0.499975
llava_med,0.499937
llava_med,0.496507
llava_med,0.500000
llava_med,0.500000
llava_med,0.499997
llava_med,0.500000
llava_med,0.499969
llava_med,0.499994
llava_med,0.499971
llava_med,0.499811
llava_med,0.499947
llava_med,0.000000
llava_med,0.000000
llava_med,0.499999
llava_med,0.499912
llava_med,0.499915
llava_med,0.499999
llava_med,0.438940
llava_med,0.499391
llava_med,0.486959
llava_med,0.500002
llava_med,0.429054
llava_med,0.498732
llava_med,0.499796
llava_med,0.499998
llava_med,0.002197
llava_med,0.499887
llava_med,0.369681
llava_med,0.498409
llava_med,0.499896
llava_med,0.499902
llava_med,0.499999
llava_med,0.484583
llava_med,0.498193
llava_med,0.499966
llava_med,0.316589
llava_med,0.499853
llava_med,0.499993
llava_med,0.499909
llava_med,0.485853
llava_med,0.499991
llava_med,0.499985
llava_med,0.486625
llava_med,0.499982
llava_med,0.500000
llava_med,0.500000
llava_med,0.499733
llava_med,0.499995
llava_med,0.489777
llava_med,0.499563
llava_med,0.499979
llava_med,0.499839
llava_med,0.499789
llava_med,0.497281
llava_med,0.499990
llava_med,0.499796
llava_med,0.500001
llava_med,0.499705
llava_med,0.496182
llava_med,0.499894
llava_med,0.499978
llava_med,0.499940
llava_med,0.495793
llava_med,0.488798
llava_med,0.499810
llava_med,0.499994
llava_med,0.498601
llava_med,0.499885
llava_med,0.449377
llava_med,0.499988
llava_med,0.499889
llava_med,0.493863
llava_med,0.491050
llava_med,0.499723
llava_med,0.499916
llava_med,0.490829
llava_med,0.499900
llava_med,0.499855
llava_med,0.499981
llava_med,0.488427
llava_med,0.499241
llava_med,0.440689
llava_med,0.473074
llava_med,0.499912
llava_med,0.458990
llava_med,0.499998
llava_med,0.499985
llava_med,0.490928
llava_med,0.499972
llava_med,0.499993
llava_med,0.499956
llava_med,0.492592
llava_med,0.500002
llava_med,0.499956
llava_med,0.499804
llava_med,0.499999
llava_med,0.120702
llava_med,0.497467
llava_med,0.499924
llava_med,0.499769
llava_med,0.499738
llava_med,0.492870
llava_med,0.452986
llava_med,0.499934
llava_med,0.499998
llava_med,0.499991
llava_med,0.499983
llava_med,0.499988
llava_med,0.499995
llava_med,0.499955
llava_med,0.499979
llava_med,0.500000
llava_med,0.489483
llava_med,0.499998
llava_med,0.499992
llava_med,0.497529
llava_med,0.476196
llava_med,0.500000
llava_med,0.499999
llava_med,0.499988
llava_med,0.499997
llava_med,0.498404
llava_med,0.499938
llava_med,0.499898
llava_med,0.499996
llava_med,0.499704
llava_med,0.499776
llava_med,0.469206
llava_med,0.499985
llava_med,0.499999
llava_med,0.499995
llava_med,0.499998
llava_med,0.499946
llava_med,0.500000
llava_med,0.499998
llava_med,0.000000
llava_med,0.000000
llava_med,0.000000
llava_med,0.000000
llava_med,0.000000
llava_med,0.000000
llava_med,0.000000
llava_med,0.499994
llava_med,0.475630
llava_med,0.492473
llava_med,0.499927
llava_med,0.265859
llava_med,0.499416
llava_med,0.499995
llava_med,0.496356
llava_med,0.464287
llava_med,0.499839
llava_med,0.499999
llava_med,0.500001
llava_med,0.499961
llava_med,0.499974
llava_med,0.499998
llava_med,0.441149
llava_med,0.499894
llava_med,0.499710
llava_med,0.499982
llava_med,0.499703
llava_med,0.499969
llava_med,0.499503
llava_med,0.499524
llava_med,0.499152
llava_med,0.287574
llava_med,0.499828
llava_med,0.499995
llava_med,0.470505
llava_med,0.499941
llava_med,0.499712
llava_med,0.499798
llava_med,0.499317
llava_med,0.465595
llava_med,0.399060
llava_med,0.414759
llava_med,0.498798
llava_med,0.498953
llava_med,0.499859
llava_med,0.499475
llava_med,0.500000
llava_med,0.495177
llava_med,0.499941
llava_med,0.499989
llava_med,0.499697
llava_med,0.398742
llava_med,0.470376
llava_med,0.499940
llava_med,0.499765
llava_med,0.499977
llava_med,0.499945
llava_med,0.474776
llava_med,0.499997
llava_med,0.499999
llava_med,0.499587
llava_med,0.497276
llava_med,0.499716
llava_med,0.497049
llava_med,0.499976
llava_med,0.499828
llava_med,0.499993
llava_med,0.499994
llava_med,0.499856
llava_med,0.499660
llava_med,0.499378
llava_med,0.500000
llava_med,0.498427
llava_med,0.437527
llava_med,0.499994
llava_med,0.473409
llava_med,0.499729
llava_med,0.499798
llava_med,0.500000
llava_med,0.500003
llava_med,0.499896
llava_med,0.500000
llava_med,0.497744
llava_med,0.500002
llava_med,0.500000
llava_med,0.499945
llava_med,0.499659
llava_med,0.498895
llava_med,0.499999
llava_med,0.499998
llava_med,0.499698
llava_med,0.499854
llava_med,0.499937
llava_med,0.499496
llava_med,0.500000
llava_med,0.001884
llava_med,0.499762
llava_med,0.499972
llava_med,0.499999
llava_med,0.499991
llava_med,0.500000
llava_med,0.500000
llava_med,0.497021
llava_med,0.499955
llava_med,0.500000
llava_med,0.000000
llava_med,0.000000
llava_med,0.499999
llava_med,0.499856
llava_med,0.497215
llava_med,0.458604
llava_med,0.030398
llava_med,0.000000
llava_med,0.266693
llava_med,0.258319
llava_med,0.499837
llava_med,0.499833
llava_med,0.500000
llava_med,0.493497
llava_med,0.499612
llava_med,0.499999
llava_med,0.499997
llava_med,0.499974
llava_med,0.002615
llava_med,0.000000
llava_med,0.074995
llava_med,0.490651
llava_med,0.419981
llava_med,0.499953
llava_med,0.499945
llava_med,0.498663
llava_med,0.344564
llava_med,0.499830
llava_med,0.499816
llava_med,0.499991
llava_med,0.491967
llava_med,0.499800
llava_med,0.499994
llava_med,0.499837
llava_med,0.499988
llava_med,0.498212
llava_med,0.499213
llava_med,0.499977
llava_med,0.464246
llava_med,0.499746
llava_med,0.500001
llava_med,0.499576
llava_med,0.499990
llava_med,0.500002
llava_med,0.487948
llava_med,0.499998
llava_med,0.499998
llava_med,0.500002
llava_med,0.499995
llava_med,0.499998
llava_med,0.499769
llava_med,0.500003
llava_med,0.499971
llava_med,0.500001
llava_med,0.499997
llava_med,0.488822
llava_med,0.500001
llava_med,0.500009
llava_med,0.499296
llava_med,0.500004
llava_med,0.500004
llava_med,0.499999
llava_med,0.500004
llava_med,0.499620
llava_med,0.499989
llava_med,0.498805
llava_med,0.500000
llava_med,0.499926
llava_med,0.499951
llava_med,0.499995
llava_med,0.125201
llava_med,0.499150
llava_med,0.499997
llava_med,0.499995
llava_med,0.500002
llava_med,0.500003
llava_med,0.500002
llava_med,0.499991
llava_med,0.500004
llava_med,0.499509
llava_med,0.499997
llava_med,0.499839
llava_med,0.499971
llava_med,0.500000
llava_med,0.499956
llava_med,0.498071
llava_med,0.500004
llava_med,0.499999
llava_med,0.499999
llava_med,0.499350
llava_med,0.499318
llava_med,0.497798
llava_med,0.499573
llava_med,0.499569
llava_med,0.499956
llava_med,0.499996
llava_med,0.499950
llava_med,0.499999
llava_med,0.000000
llava_med,0.499468
llava_med,0.499511
llava_med,0.499953
llava_med,0.499998
llava_med,0.499998
llava_med,0.196244
llava_med,0.499753
llava_med,0.499937
llava_med,0.499541
llava_med,0.499954
llava_med,0.499998
llava_med,0.499947
llava_med,0.498460
llava_med,0.499627
llava_med,0.499989
llava_med,0.499994
llava_med,0.499983
llava_med,0.499621
llava_med,0.499542
llava_med,0.499890
llava_med,0.498401
llava_med,0.245657
llava_med,0.460145
llava_med,0.499994
llava_med,0.499544
llava_med,0.499986
llava_med,0.499960
llava_med,0.496827
llava_med,0.499619
llava_med,0.499918
llava_med,0.499983
llava_med,0.333850
llava_med,0.262083
llava_med,0.499170
llava_med,0.499426
llava_med,0.499983
llava_med,0.499988
llava_med,0.499993
llava_med,0.493067
llava_med,0.493180
llava_med,0.499995
llava_med,0.500000
llava_med,0.498113
llava_med,0.499994
llava_med,0.492619
llava_med,0.499990
llava_med,0.500000
llava_med,0.000000
llava_med,0.000000
llava_med,0.000000
llava_med,0.000000
llava_med,0.000000
llava_med,0.000000
llava_med,0.000000
llava_med,0.391218
llava_med,0.001829
llava_med,0.000000
llava_med,0.240942
llava_med,0.499804
llava_med,0.401130
llava_med,0.499968
llava_med,0.479390
llava_med,0.490894
llava_med,0.499890
llava_med,0.499900
llava_med,0.499965
llava_med,0.499860
llava_med,0.499865
llava_med,0.499858
llava_med,0.499992
llava_med,0.445088
llava_med,0.499993
llava_med,0.499994
llava_med,0.499999
llava_med,0.499988
llava_med,0.499662
llava_med,0.499978
llava_med,0.271057
llava_med,0.499966
llava_med,0.499925
llava_med,0.499361
llava_med,0.493458
llava_med,0.491565
llava_med,0.494535
llava_med,0.499869
llava_med,0.433907
llava_med,0.499998
llava_med,0.499999
llava_med,0.496641
llava_med,0.499991
llava_med,0.499992
llava_med,0.499971
llava_med,0.039793
llava_med,0.095755
llava_med,0.500000
llava_med,0.000000
llava_med,0.000000
llava_med,0.000000
llava_med,0.000000
llava_med,0.000000
llava_med,0.000000
llava_med,0.000000
llava_med,0.499786
llava_med,0.499999
llava_med,0.497120
llava_med,0.499988
llava_med,0.499992
llava_med,0.482980
llava_med,0.499194
llava_med,0.404068
llava_med,0.499999
llava_med,0.499997
llava_med,0.498805
llava_med,0.500004
llava_med,0.499970
llava_med,0.500000
llava_med,0.496808
llava_med,0.499543
llava_med,0.487647
llava_med,0.500000
llava_med,0.499988
llava_med,0.500001
llava_med,0.500000
llava_med,0.499725
llava_med,0.499934
llava_med,0.500002
llava_med,0.499948
llava_med,0.485598
llava_med,0.410877
llava_med,0.481543
llava_med,0.500000
llava_med,0.500003
llava_med,0.498547
llava_med,0.499900
llava_med,0.500000
llava_med,0.499999
llava_med,0.499959
llava_med,0.494390
llava_med,0.493935
llava_med,0.499991
llava_med,0.000000
llava_med,0.499750
llava_med,0.499737
llava_med,0.499975
llava_med,0.500000
llava_med,0.499978
llava_med,0.499873
llava_med,0.499985
llava_med,0.499578
llava_med,0.494092
llava_med,0.499909
llava_med,0.499940
llava_med,0.499992
llava_med,0.499989
llava_med,0.497619
llava_med,0.434324
llava_med,0.499826
llava_med,0.499826
llava_med,0.499938
llava_med,0.499847
llava_med,0.429629
llava_med,0.499972
llava_med,0.499989
llava_med,0.499986
llava_med,0.430560
llava_med,0.500001
llava_med,0.500001
llava_med,0.500000
llava_med,0.328694
llava_med,0.495544
llava_med,0.500002
llava_med,0.499992
llava_med,0.500003
llava_med,0.500001
llava_med,0.499994
llava_med,0.499651
llava_med,0.499992
llava_med,0.500000
llava_med,0.000000
llava_med,0.000000
llava_med,0.000000
llava_med,0.000000
llava_med,0.000000
llava_med,0.000000
llava_med,0.000000
llava_med,0.498830
llava_med,0.499849
llava_med,0.499995
llava_med,0.499995
llava_med,0.445647
llava_med,0.499953
llava_med,0.499995
llava_med,0.497833
llava_med,0.499997
llava_med,0.499928
llava_med,0.499986
llava_med,0.348526
llava_med,0.499706
llava_med,0.499977
llava_med,0.499994
llava_med,0.499991
llava_med,0.499583
llava_med,0.496788
llava_med,0.499562
llava_med,0.499885
llava_med,0.499886
llava_med,0.499958
llava_med,0.499976
llava_med,0.456176
llava_med,0.440126
llava_med,0.499834
llava_med,0.499999
llava_med,0.499907
llava_med,0.499891
llava_med,0.499887
llava_med,0.499979
llava_med,0.000000
llava_med,0.000000
llava_med,0.000000
llava_med,0.000000
llava_med,0.000000
llava_med,0.000000
llava_med,0.000000
llava_med,0.499984
llava_med,0.499542
llava_med,0.499964
llava_med,0.490454
llava_med,0.499999
llava_med,0.464930
llava_med,0.499983
llava_med,0.499995
llava_med,0.499990
llava_med,0.499894
llava_med,0.499955
llava_med,0.498709
llava_med,0.497790
llava_med,0.343681
llava_med,0.499961
llava_med,0.499756
llava_med,0.499804
llava_med,0.499822
llava_med,0.433901
llava_med,0.499939
llava_med,0.499998
llava_med,0.243709
llava_med,0.499972
llava_med,0.456332
llava_med,0.499960
llava_med,0.499975
llava_med,0.454770
llava_med,0.499452
llava_med,0.490100
llava_med,0.499819
llava_med,0.499999
llava_med,0.498873
llava_med,0.498392
llava_med,0.499863
llava_med,0.499862
llava_med,0.487636
llava_med,0.499889
llava_med,0.500001
llava_med,0.499999
llava_med,0.499567
llava_med,0.493944
llava_med,0.486283
llava_med,0.499768
llava_med,0.499625
llava_med,0.499981
llava_med,0.500000
llava_med,0.499984
llava_med,0.499989
llava_med,0.499937
llava_med,0.499994
llava_med,0.499995
llava_med,0.499539
llava_med,0.499944
llava_med,0.494166
llava_med,0.499427
llava_med,0.499906
llava_med,0.499990
llava_med,0.499999
llava_med,0.000000
llava_med,0.000000
llava_med,0.499944
llava_med,0.499600
llava_med,0.499925
llava_med,0.460985
llava_med,0.494994
llava_med,0.499989
llava_med,0.499995
llava_med,0.499006
llava_med,0.499986
llava_med,0.500001
llava_med,0.499271
llava_med,0.499769
llava_med,0.499997
llava_med,0.496478
llava_med,0.490878
llava_med,0.071896
llava_med,0.499739
llava_med,0.480483
llava_med,0.499883
llava_med,0.264887
llava_med,0.494088
llava_med,0.499811
llava_med,0.499965
llava_med,0.499949
llava_med,0.499996
llava_med,0.499999
llava_med,0.499998
llava_med,0.500000
llava_med,0.500000
llava_med,0.500002
llava_med,0.499997
llava_med,0.496925
llava_med,0.499782
llava_med,0.499705
llava_med,0.499933
llava_med,0.373219
llava_med,0.499878
llava_med,0.482849
llava_med,0.499914
llava_med,0.468006
llava_med,0.498846
llava_med,0.499866
llava_med,0.499296
llava_med,0.499963
llava_med,0.499999
llava_med,0.499820
llava_med,0.499945
llava_med,0.499996
llava_med,0.499840
llava_med,0.499236
llava_med,0.499412
llava_med,0.494228
llava_med,0.499971
llava_med,0.499999
llava_med,0.500001
llava_med,0.499905
llava_med,0.499997
llava_med,0.499991
llava_med,0.499762
llava_med,0.499901
llava_med,0.499998
llava_med,0.499999
llava_med,0.000000
llava_med,0.000000
llava_med,0.000000
llava_med,0.000000
llava_med,0.000000
llava_med,0.000000
llava_med,0.000000
llava_med,0.496956
llava_med,0.499993
llava_med,0.499992
llava_med,0.499964
llava_med,0.499959
llava_med,0.499704
llava_med,0.485404
llava_med,0.499999
llava_med,0.499999
llava_med,0.499995
llava_med,0.499983
llava_med,0.499997
llava_med,0.499742
llava_med,0.295342
llava_med,0.499820
llava_med,0.470757
llava_med,0.499999
llava_med,0.499999
llava_med,0.428453
llava_med,0.499786
llava_med,0.500000
llava_med,0.500000
llava_med,0.499995
llava_med,0.499999
llava_med,0.499998
llava_med,0.484850
llava_med,0.499999
llava_med,0.368706
llava_med,0.496633
llava_med,0.443909
llava_med,0.499999
llava_med,0.499995
llava_med,0.499998
llava_med,0.500000
llava_med,0.496285
llava_med,0.465078
llava_med,0.499988
llava_med,0.498643
llava_med,0.490700
llava_med,0.499999
llava_med,0.499927
llava_med,0.499345
llava_med,0.466484
llava_med,0.499922
llava_med,0.499999
llava_med,0.489140
llava_med,0.499953
llava_med,0.499994
llava_med,0.500000
llava_med,0.499999
llava_med,0.499998
llava_med,0.499988
llava_med,0.499999
llava_med,0.499661
llava_med,0.497103
llava_med,0.465237
llava_med,0.496592
llava_med,0.499966
llava_med,0.499986
llava_med,0.499927
llava_med,0.499990
llava_med,0.499997
llava_med,0.499987
llava_med,0.499984
llava_med,0.499975
llava_med,0.500000
llava_med,0.499986
llava_med,0.499996
llava_med,0.484649
llava_med,0.499200
llava_med,0.499926
llava_med,0.499913
llava_med,0.499951
llava_med,0.001328
llava_med,0.061652
llava_med,0.000001
llava_med,0.000000
llava_med,0.000000
llava_med,0.000000
llava_med,0.000000
llava_med,0.000000
llava_med,0.000000
llava_med,0.000000
llava_med,0.499813
llava_med,0.499999
llava_med,0.497374
llava_med,0.499932
llava_med,0.499994
llava_med,0.491970
llava_med,0.499943
llava_med,0.499998
llava_med,0.499997
llava_med,0.499987
llava_med,0.499978
llava_med,0.490394
llava_med,0.499534
llava_med,0.499874
llava_med,0.383178
llava_med,0.499994
llava_med,0.497955
llava_med,0.479327
llava_med,0.499970
llava_med,0.499981
llava_med,0.499927
llava_med,0.419542
llava_med,0.499947
llava_med,0.499602
llava_med,0.499967
llava_med,0.497313
llava_med,0.499999
llava_med,0.499999
llava_med,0.499779
llava_med,0.499961
llava_med,0.499882
llava_med,0.499930
llava_med,0.487801
llava_med,0.500001
llava_med,0.499558
llava_med,0.500001
llava_med,0.499974
llava_med,0.499975
llava_med,0.498979
llava_med,0.499996
llava_med,0.499999
llava_med,0.499991
llava_med,0.500001
llava_med,0.499992
llava_med,0.499802
llava_med,0.499973
llava_med,0.499312
llava_med,0.499997
llava_med,0.499999
llava_med,0.393141
llava_med,0.500000
llava_med,0.499999
llava_med,0.046839
llava_med,0.499907
llava_med,0.499982
llava_med,0.499996
llava_med,0.499999
llava_med,0.499999
llava_med,0.499950
llava_med,0.499996
llava_med,0.500000
llava_med,0.500000
llava_med,0.499999
llava_med,0.000000
llava_med,0.000000
llava_med,0.499949
llava_med,0.499657
llava_med,0.499907
llava_med,0.478892
llava_med,0.491704
llava_med,0.499532
llava_med,0.499945
llava_med,0.410610
llava_med,0.499920
llava_med,0.079856
llava_med,0.499934
llava_med,0.334176
llava_med,0.499947
llava_med,0.204551
llava_med,0.499936
llava_med,0.210614
llava_med,0.499752
llava_med,0.496305
llava_med,0.497804
llava_med,0.499562
llava_med,0.499994
llava_med,0.494367
llava_med,0.499822
llava_med,0.478064
llava_med,0.392675
llava_med,0.316354
llava_med,0.357956
llava_med,0.499471
llava_med,0.499810
llava_med,0.499928
llava_med,0.491810
llava_med,0.499769
llava_med,0.499889
llava_med,0.499938
llava_med,0.499997
llava_med,0.499999
llava_med,0.499833
llava_med,0.496297
llava_med,0.499784
llava_med,0.499749
llava_med,0.499982
llava_med,0.496872
llava_med,0.499992
llava_med,0.481765
llava_med,0.496348
llava_med,0.498584
llava_med,0.499998
llava_med,0.500000
llava_med,0.500000
llava_med,0.500000
llava_med,0.500000
llava_med,0.499985
llava_med,0.498710
llava_med,0.499977
llava_med,0.499994
llava_med,0.499927
llava_med,0.500000
llava_med,0.500000
llava_med,0.500000
llava_med,0.499986
llava_med,0.498258
llava_med,0.499873
llava_med,0.499998
llava_med,0.494331
llava_med,0.499985
llava_med,0.493785
llava_med,0.499995
llava_med,0.500001
llava_med,0.500000
llava_med,0.499997
llava_med,0.499837
llava_med,0.499998
llava_med,0.000000
llava_med,0.000000
llava_med,0.000000
llava_med,0.000000
llava_med,0.000000
llava_med,0.000000
llava_med,0.000000
llava_med,0.499965
llava_med,0.499995
llava_med,0.499997
llava_med,0.499991
llava_med,0.499984
llava_med,0.497525
llava_med,0.499930
llava_med,0.499999
llava_med,0.499987
llava_med,0.499954
llava_med,0.321789
llava_med,0.499989
llava_med,0.499484
llava_med,0.497292
llava_med,0.499996
llava_med,0.499988
llava_med,0.499889
llava_med,0.499975
llava_med,0.499934
llava_med,0.499997
llava_med,0.499984
llava_med,0.499967
llava_med,0.499959
llava_med,0.498638
llava_med,0.499790
llava_med,0.497280
llava_med,0.499471
llava_med,0.499982
llava_med,0.495035
llava_med,0.451125
llava_med,0.499961
llava_med,0.499924
llava_med,0.472431
llava_med,0.499071
llava_med,0.499246
llava_med,0.496865
llava_med,0.499998
llava_med,0.499946
llava_med,0.492761
llava_med,0.499775
llava_med,0.321682
llava_med,0.499928
llava_med,0.462906
llava_med,0.499902
llava_med,0.499875
llava_med,0.488345
llava_med,0.499964
llava_med,0.500000
llava_med,0.499981
llava_med,0.499952
llava_med,0.499901
llava_med,0.499820
llava_med,0.499396
llava_med,0.415884
llava_med,0.499806
llava_med,0.500000
llava_med,0.499441
llava_med,0.500001
llava_med,0.498631
llava_med,0.499950
llava_med,0.499999
llava_med,0.500000
llava_med,0.499837
llava_med,0.499998
llava_med,0.498597
llava_med,0.499757
llava_med,0.500000
llava_med,0.499950
llava_med,0.500000
llava_med,0.500008
llava_med,0.499977
llava_med,0.015413
llava_med,0.499440
llava_med,0.499996
llava_med,0.499959
llava_med,0.499946
llava_med,0.490011
llava_med,0.500001
llava_med,0.499999
llava_med,0.499998
llava_med,0.500000
llava_med,0.500001
llava_med,0.497174
llava_med,0.499997
llava_med,0.499999
llava_med,0.000000
llava_med,0.000000
llava_med,0.000000
llava_med,0.000000
llava_med,0.000000
llava_med,0.000000
llava_med,0.000000
llava_med,0.499991
llava_med,0.478838
llava_med,0.499831
llava_med,0.499827
llava_med,0.499917
llava_med,0.499895
llava_med,0.499923
llava_med,0.499991
llava_med,0.499984
llava_med,0.490492
llava_med,0.135521
llava_med,0.499752
llava_med,0.499666
llava_med,0.387453
llava_med,0.499770
llava_med,0.499421
llava_med,0.486446
llava_med,0.499994
llava_med,0.498249
llava_med,0.499729
llava_med,0.486707
llava_med,0.499900
llava_med,0.499991
llava_med,0.499972
llava_med,0.499869
llava_med,0.499871
llava_med,0.499975
llava_med,0.499922
llava_med,0.499984
llava_med,0.494228
llava_med,0.488737
llava_med,0.498556
llava_med,0.491400
llava_med,0.499988
llava_med,0.000000
llava_med,0.000000
llava_med,0.000000
llava_med,0.000000
llava_med,0.000000
llava_med,0.000000
llava_med,0.000553
llava_med,0.499977
llava_med,0.499987
llava_med,0.417694
llava_med,0.499868
llava_med,0.480114
llava_med,0.499597
llava_med,0.499976
llava_med,0.499902
llava_med,0.499999
llava_med,0.499925
llava_med,0.484467
llava_med,0.499960
llava_med,0.499977
llava_med,0.499477
llava_med,0.499706
llava_med,0.499937
llava_med,0.499969
llava_med,0.498967
llava_med,0.403123
llava_med,0.499897
llava_med,0.499978
llava_med,0.499785
llava_med,0.208201
llava_med,0.380565
llava_med,0.244760
llava_med,0.498545
llava_med,0.499978
llava_med,0.499982
llava_med,0.499983
llava_med,0.496804
llava_med,0.499903
llava_med,0.499986
llava_med,0.499919
llava_med,0.007732
llava_med,0.498883
llava_med,0.499992
llava_med,0.498762
llava_med,0.499992
llava_med,0.499981
llava_med,0.499974
llava_med,0.494006
llava_med,0.499998
llava_med,0.499999
llava_med,0.499960
llava_med,0.499821
llava_med,0.499996
llava_med,0.499466
llava_med,0.499998
llava_med,0.499999
llava_med,0.499766
llava_med,0.499999
llava_med,0.497819
llava_med,0.499987
llava_med,0.500000
llava_med,0.499996
llava_med,0.499952
llava_med,0.496267
llava_med,0.497484
llava_med,0.499908
llava_med,0.499312
llava_med,0.499978
llava_med,0.499999
llava_med,0.000000
llava_med,0.000000
llava_med,0.000000
llava_med,0.000000
llava_med,0.000000
llava_med,0.000000
llava_med,0.000000
llava_med,0.499967
llava_med,0.499987
llava_med,0.498917
llava_med,0.498902
llava_med,0.499742
llava_med,0.499819
llava_med,0.499702
llava_med,0.489242
llava_med,0.497836
llava_med,0.499735
llava_med,0.390021
llava_med,0.499660
llava_med,0.499959
llava_med,0.499983
llava_med,0.499474
llava_med,0.421769
llava_med,0.499884
llava_med,0.499907
llava_med,0.498809
llava_med,0.500001
llava_med,0.499986
llava_med,0.175554
llava_med,0.496923
llava_med,0.499518
llava_med,0.491370
llava_med,0.499945
llava_med,0.499767
llava_med,0.499722
llava_med,0.390004
llava_med,0.438995
llava_med,0.499996
llava_med,0.499841
llava_med,0.499963
llava_med,0.499113
llava_med,0.499974
llava_med,0.499993
llava_med,0.499930
llava_med,0.490000
llava_med,0.481560
llava_med,0.499998
llava_med,0.500000
llava_med,0.499979
llava_med,0.498444
llava_med,0.499802
llava_med,0.499686
llava_med,0.148091
llava_med,0.496877
llava_med,0.499961
llava_med,0.500000
llava_med,0.499999
llava_med,0.500000
llava_med,0.499427
llava_med,0.499727
llava_med,0.499997
llava_med,0.499998
llava_med,0.000000
llava_med,0.499578
llava_med,0.499385
llava_med,0.499994
llava_med,0.499770
llava_med,0.499992
llava_med,0.395668
llava_med,0.499984
llava_med,0.499725
llava_med,0.500000
llava_med,0.499790
llava_med,0.499998
llava_med,0.499997
llava_med,0.499823
llava_med,0.499960
llava_med,0.498527
llava_med,0.496364
llava_med,0.499959
llava_med,0.499682
llava_med,0.499732
llava_med,0.498868
llava_med,0.499433
llava_med,0.499071
llava_med,0.499965
llava_med,0.499871
llava_med,0.499933
llava_med,0.499985
llava_med,0.493516
llava_med,0.499918
llava_med,0.498482
llava_med,0.499929
llava_med,0.500000
llava_med,0.499843
llava_med,0.499983
llava_med,0.499993
llava_med,0.499851
llava_med,0.484206
llava_med,0.499978
llava_med,0.500000
llava_med,0.500000
llava_med,0.499951
llava_med,0.499999
llava_med,0.499248
llava_med,0.407734
llava_med,0.475920
llava_med,0.499956
llava_med,0.500000
llava_med,0.499994
llava_med,0.499998
llava_med,0.499997
llava_med,0.488698
llava_med,0.499269
llava_med,0.499979
llava_med,0.500000
llava_med,0.499998
llava_med,0.499999
llava_med,0.499999
llava_med,0.200108
llava_med,0.397762
llava_med,0.499980
llava_med,0.499996
llava_med,0.500002
llava_med,0.498495
llava_med,0.497442
llava_med,0.499842
llava_med,0.499998
llava_med,0.500005
llava_med,0.498875
llava_med,0.499601
llava_med,0.499999
llava_med,0.499993
llava_med,0.496969
llava_med,0.499937
llava_med,0.499997
llava_med,0.000000
llava_med,0.499578
llava_med,0.499385
llava_med,0.499994
llava_med,0.499770
llava_med,0.499955
llava_med,0.498754
llava_med,0.499003
llava_med,0.500000
llava_med,0.499903
llava_med,0.499996
llava_med,0.499981
llava_med,0.485473
llava_med,0.497690
llava_med,0.499719
llava_med,0.497682
llava_med,0.497132
llava_med,0.499948
llava_med,0.499977
llava_med,0.483914
llava_med,0.499994
llava_med,0.499994
llava_med,0.499999
llava_med,0.499997
llava_med,0.500000
llava_med,0.500000
llava_med,0.492525
llava_med,0.499081
llava_med,0.495305
llava_med,0.499946
llava_med,0.402249
llava_med,0.499985
llava_med,0.499994
llava_med,0.441868
llava_med,0.499327
llava_med,0.499989
llava_med,0.000000
llava_med,0.000317
llava_med,0.000000
llava_med,0.000000
llava_med,0.000000
llava_med,0.000000
llava_med,0.001059
llava_med,0.495615
llava_med,0.499998
llava_med,0.486072
llava_med,0.499988
llava_med,0.174041
llava_med,0.426488
llava_med,0.499996
llava_med,0.293737
llava_med,0.376585
llava_med,0.298183
llava_med,0.499940
llava_med,0.499758
llava_med,0.499309
llava_med,0.442503
llava_med,0.499868
llava_med,0.499872
llava_med,0.087732
llava_med,0.487796
llava_med,0.499996
llava_med,0.499938
llava_med,0.499976
llava_med,0.499958
llava_med,0.442736
llava_med,0.499531
llava_med,0.082190
llava_med,0.499180
llava_med,0.499994
llava_med,0.499989
llava_med,0.499990
llava_med,0.440372
llava_med,0.497497
llava_med,0.499968
llava_med,0.488816
llava_med,0.499846
llava_med,0.468009
llava_med,0.482147
llava_med,0.390353
llava_med,0.495713
llava_med,0.498561
llava_med,0.499470
llava_med,0.492751
llava_med,0.500001
llava_med,0.499998
llava_med,0.449336
llava_med,0.499619
llava_med,0.494975
llava_med,0.500005
llava_med,0.500002
llava_med,0.499997
llava_med,0.488497
llava_med,0.479737
llava_med,0.499810
llava_med,0.499987
llava_med,0.499998
llava_med,0.000000
llava_med,0.499578
llava_med,0.499385
llava_med,0.499769
llava_med,0.499891
llava_med,0.499969
llava_med,0.499091
llava_med,0.498790
llava_med,0.499996
llava_med,0.499866
llava_med,0.499366
llava_med,0.499995
llava_med,0.499851
llava_med,0.499608
llava_med,0.436503
llava_med,0.499995
llava_med,0.499961
llava_med,0.498795
llava_med,0.499995
llava_med,0.499993
llava_med,0.489776
llava_med,0.021029
llava_med,0.057700
llava_med,0.498727
llava_med,0.499986
llava_med,0.499070
llava_med,0.499988
llava_med,0.499940
llava_med,0.499875
llava_med,0.499782
llava_med,0.499991
llava_med,0.497026
llava_med,0.491431
llava_med,0.444750
llava_med,0.499994
llava_med,0.499972
llava_med,0.495037
llava_med,0.499971
llava_med,0.499919
llava_med,0.499782
llava_med,0.499620
llava_med,0.499934
llava_med,0.499988
llava_med,0.499887
llava_med,0.499980
llava_med,0.499944
llava_med,0.476273
llava_med,0.476840
llava_med,0.499911
llava_med,0.499921
llava_med,0.499998
llava_med,0.443565
llava_med,0.477872
llava_med,0.499712
llava_med,0.499665
llava_med,0.499871
llava_med,0.499977
llava_med,0.499966
llava_med,0.497795
llava_med,0.499943
llava_med,0.499983
llava_med,0.393580
llava_med,0.472255
llava_med,0.451816
llava_med,0.499987
llava_med,0.499896
llava_med,0.499864
llava_med,0.499990
llava_med,0.499989
llava_med,0.386089
llava_med,0.499822
llava_med,0.499935
llava_med,0.499998
llava_med,0.499979
llava_med,0.499096
llava_med,0.499992
llava_med,0.499561
llava_med,0.500003
llava_med,0.499652
llava_med,0.499997
llava_med,0.499975
llava_med,0.499955
llava_med,0.498832
llava_med,0.499991
llava_med,0.489441
llava_med,0.498617
llava_med,0.489765
llava_med,0.499998
llava_med,0.500002
llava_med,0.499943
llava_med,0.492766
llava_med,0.500001
llava_med,0.499992
llava_med,0.499624
llava_med,0.499999
llava_med,0.500000
llava_med,0.499992
llava_med,0.486786
llava_med,0.499999
llava_med,0.499989
llava_med,0.000002
llava_med,0.492976
llava_med,0.500000
llava_med,0.000000
llava_med,0.000317
llava_med,0.000000
llava_med,0.000000
llava_med,0.000000
llava_med,0.499944
llava_med,0.499455
llava_med,0.359914
llava_med,0.499987
llava_med,0.499982
llava_med,0.484184
llava_med,0.499745
llava_med,0.499779
llava_med,0.499974
llava_med,0.499987
llava_med,0.335182
llava_med,0.499599
llava_med,0.499890
llava_med,0.482433
llava_med,0.489318
llava_med,0.499916
llava_med,0.499940
llava_med,0.499596
llava_med,0.499741
llava_med,0.499966
llava_med,0.500000
llava_med,0.499977
llava_med,0.466262
llava_med,0.499978
llava_med,0.499968
llava_med,0.499582
llava_med,0.499867
llava_med,0.499984
llava_med,0.467504
llava_med,0.499941
llava_med,0.485978
llava_med,0.499944
llava_med,0.499993
llava_med,0.490485
llava_med,0.475059
llava_med,0.499863
llava_med,0.499737
llava_med,0.498780
llava_med,0.399303
llava_med,0.468482
llava_med,0.499994
llava_med,0.499980
llava_med,0.499604
llava_med,0.499995
llava_med,0.000000
llava_med,0.000261
llava_med,0.499999
llava_med,0.499901
llava_med,0.499999
llava_med,0.499999
llava_med,0.305979
llava_med,0.495497
llava_med,0.499997
llava_med,0.500002
llava_med,0.484355
llava_med,0.499179
llava_med,0.499985
llava_med,0.499695
llava_med,0.483725
llava_med,0.499447
llava_med,0.450204
llava_med,0.499494
llava_med,0.499924
llava_med,0.499970
llava_med,0.429643
llava_med,0.499937
llava_med,0.499918
llava_med,0.499985
llava_med,0.499829
llava_med,0.448521
llava_med,0.387886
llava_med,0.499991
llava_med,0.499741
llava_med,0.499113
llava_med,0.499997
llava_med,0.499995
llava_med,0.499992
llava_med,0.499902
llava_med,0.488121
llava_med,0.499951
llava_med,0.499998
llava_med,0.500001
llava_med,0.496147
llava_med,0.499994
llava_med,0.499995
llava_med,0.499992
llava_med,0.499989
llava_med,0.499601
llava_med,0.499997
llava_med,0.496755
llava_med,0.499992
llava_med,0.497224
llava_med,0.500000
llava_med,0.499993
llava_med,0.499976
llava_med,0.499885
llava_med,0.499956
llava_med,0.499981
llava_med,0.499904
llava_med,0.483093
llava_med,0.496784
llava_med,0.499696
llava_med,0.498924
llava_med,0.499985
llava_med,0.499856
llava_med,0.472510
llava_med,0.499998
llava_med,0.499984
llava_med,0.499838
llava_med,0.499989
llava_med,0.499998
llava_med,0.499993
llava_med,0.000000
llava_med,0.000261
llava_med,0.067503
llava_med,0.033112
llava_med,0.003094
llava_med,0.000007
llava_med,0.002587
llava_med,0.498816
llava_med,0.499961
llava_med,0.499737
llava_med,0.499973
llava_med,0.478653
llava_med,0.499950
llava_med,0.497619
llava_med,0.499987
llava_med,0.495260
llava_med,0.498388
llava_med,0.499268
llava_med,0.499986
llava_med,0.499997
llava_med,0.499992
llava_med,0.499953
llava_med,0.496655
llava_med,0.499545
llava_med,0.499872
llava_med,0.499215
llava_med,0.499989
llava_med,0.003482
llava_med,0.499872
llava_med,0.499950
llava_med,0.058052
llava_med,0.498602
llava_med,0.499999
llava_med,0.500000
llava_med,0.499965
llava_med,0.499999
llava_med,0.499972
llava_med,0.500002
llava_med,0.499999
llava_med,0.499999
llava_med,0.499932
llava_med,0.499974
llava_med,0.500000
llava_med,0.499999
llava_med,0.499999
llava_med,0.499991
llava_med,0.499999
llava_med,0.499997
llava_med,0.497900
llava_med,0.500000
llava_med,0.499999
llava_med,0.500000
llava_med,0.499947
llava_med,0.483897
llava_med,0.499996
llava_med,0.500000
llava_med,0.499999
llava_med,0.491026
llava_med,0.499997
llava_med,0.499983
llava_med,0.499997
llava_med,0.499972
llava_med,0.499982
llava_med,0.499996
llava_med,0.499999
llava_med,0.500000
llava_med,0.500000
llava_med,0.499996
llava_med,0.499833
llava_med,0.499679
llava_med,0.499999
llava_med,0.000000
llava_med,0.000261
llava_med,0.000000
llava_med,0.000000
llava_med,0.000000
llava_med,0.000000
llava_med,0.001522
llava_med,0.499999
llava_med,0.493652
llava_med,0.468917
llava_med,0.499833
llava_med,0.499524
llava_med,0.499976
llava_med,0.499739
llava_med,0.489288
llava_med,0.499975
llava_med,0.499393
llava_med,0.499000
llava_med,0.499807
llava_med,0.498703
llava_med,0.498386
llava_med,0.419578
llava_med,0.499789
llava_med,0.499941
llava_med,0.499983
llava_med,0.499317
llava_med,0.496352
llava_med,0.499956
llava_med,0.499997
llava_med,0.499111
llava_med,0.495614
llava_med,0.499902
llava_med,0.497572
llava_med,0.499963
llava_med,0.499783
llava_med,0.500001
llava_med,0.499824
llava_med,0.499981
llava_med,0.499993
llava_med,0.499992
llava_med,0.499607
llava_med,0.495786
llava_med,0.500002
llava_med,0.499999
llava_med,0.499997
llava_med,0.496406
llava_med,0.498646
llava_med,0.499980
llava_med,0.499939
llava_med,0.499990
llava_med,0.499999
llava_med,0.499997
llava_med,0.498363
llava_med,0.458916
llava_med,0.133496
llava_med,0.344109
llava_med,0.499998
llava_med,0.499531
llava_med,0.500000
llava_med,0.499993
llava_med,0.499950
llava_med,0.499999
llava_med,0.447597
llava_med,0.499529
llava_med,0.496582
llava_med,0.499984
llava_med,0.496824
llava_med,0.499848
llava_med,0.398388
llava_med,0.492673
llava_med,0.499960
llava_med,0.499079
llava_med,0.499994
llava_med,0.499987
llava_med,0.000000
llava_med,0.000261
llava_med,0.000000
llava_med,0.000000
llava_med,0.000000
llava_med,0.000000
llava_med,0.005925
llava_med,0.499999
llava_med,0.495360
llava_med,0.499849
llava_med,0.499625
llava_med,0.499296
llava_med,0.499995
llava_med,0.492132
llava_med,0.499994
llava_med,0.499976
llava_med,0.477654
llava_med,0.102526
llava_med,0.499838
llava_med,0.308903
llava_med,0.499822
llava_med,0.499951
llava_med,0.499893
llava_med,0.499969
llava_med,0.498649
llava_med,0.498147
llava_med,0.499952
llava_med,0.499871
llava_med,0.499939
llava_med,0.499971
llava_med,0.423663
llava_med,0.491898
llava_med,0.499868
llava_med,0.499341
llava_med,0.495119
llava_med,0.496364
llava_med,0.499786
llava_med,0.499985
llava_med,0.493689
llava_med,0.499738
llava_med,0.499824
llava_med,0.499988
llava_med,0.498897
llava_med,0.491991
llava_med,0.499487
llava_med,0.499973
llava_med,0.499952
llava_med,0.499152
llava_med,0.499515
llava_med,0.497989
llava_med,0.480898
llava_med,0.499995
llava_med,0.499992
llava_med,0.499953
llava_med,0.474750
llava_med,0.499996
llava_med,0.498055
llava_med,0.500000
llava_med,0.500000
llava_med,0.000000
llava_med,0.000261
llava_med,0.000000
llava_med,0.000000
llava_med,0.000000
llava_med,0.000000
llava_med,0.001522
llava_med,0.490072
llava_med,0.499998
llava_med,0.483732
llava_med,0.498897
llava_med,0.499686
llava_med,0.499984
llava_med,0.494890
llava_med,0.497488
llava_med,0.499355
llava_med,0.404905
llava_med,0.491347
llava_med,0.499890
llava_med,0.499990
llava_med,0.499464
llava_med,0.499824
llava_med,0.499913
llava_med,0.489569
llava_med,0.499964
llava_med,0.499902
llava_med,0.478275
llava_med,0.499962
llava_med,0.493735
llava_med,0.499935
llava_med,0.495218
llava_med,0.499941
llava_med,0.493212
llava_med,0.499908
llava_med,0.493040
llava_med,0.499996
llava_med,0.499333
llava_med,0.499939
llava_med,0.499994
llava_med,0.499997
llava_med,0.499996
llava_med,0.499993
llava_med,0.499925
llava_med,0.500002
llava_med,0.498917
llava_med,0.499998
llava_med,0.499999
llava_med,0.500001
llava_med,0.499530
llava_med,0.498850
llava_med,0.499750
llava_med,0.499966
llava_med,0.499953
llava_med,0.000000
llava_med,0.252964
llava_med,0.499925
llava_med,0.499958
llava_med,0.497917
llava_med,0.499297
llava_med,0.499992
llava_med,0.499997
llava_med,0.499996
llava_med,0.494388
llava_med,0.499997
llava_med,0.499998
llava_med,0.499900
llava_med,0.497561
llava_med,0.499908
llava_med,0.499926
llava_med,0.432750
llava_med,0.498521
llava_med,0.499998
llava_med,0.499963
llava_med,0.500000
llava_med,0.499985
llava_med,0.499999
llava_med,0.499994
llava_med,0.499353
llava_med,0.499982
llava_med,0.494453
llava_med,0.499964
llava_med,0.499985
llava_med,0.499784
llava_med,0.499966
llava_med,0.499612
llava_med,0.500000
llava_med,0.499930
llava_med,0.499959
llava_med,0.499917
llava_med,0.499959
llava_med,0.499999
llava_med,0.000000
llava_med,0.000261
llava_med,0.000000
llava_med,0.000000
llava_med,0.000000
llava_med,0.000000
llava_med,0.001522
llava_med,0.010303
llava_med,0.000000
llava_med,0.000002
llava_med,0.499995
llava_med,0.499961
llava_med,0.499977
llava_med,0.499994
llava_med,0.489419
llava_med,0.499975
llava_med,0.483139
llava_med,0.499734
llava_med,0.499982
llava_med,0.499983
llava_med,0.499924
llava_med,0.499909
llava_med,0.499804
llava_med,0.497905
llava_med,0.350045
llava_med,0.498161
llava_med,0.499896
llava_med,0.499920
llava_med,0.499964
llava_med,0.492614
llava_med,0.499886
llava_med,0.499846
llava_med,0.474594
llava_med,0.499915
llava_med,0.499911
llava_med,0.403087
llava_med,0.499035
llava_med,0.499957
llava_med,0.499997
llava_med,0.466412
llava_med,0.499657
llava_med,0.499350
llava_med,0.497926
llava_med,0.498959
llava_med,0.499984
llava_med,0.499980
llava_med,0.499836
llava_med,0.495107
llava_med,0.499938
llava_med,0.497769
llava_med,0.499383
llava_med,0.498630
llava_med,0.499912
llava_med,0.499998
llava_med,0.499996
llava_med,0.499996
llava_med,0.498417
llava_med,0.499882
llava_med,0.499999
llava_med,0.499965
llava_med,0.459823
llava_med,0.499770
llava_med,0.499940
llava_med,0.499983
llava_med,0.499871
llava_med,0.499985
llava_med,0.499916
llava_med,0.367846
llava_med,0.487924
llava_med,0.499194
llava_med,0.499991
llava_med,0.499998
llava_med,0.499967
llava_med,0.499942
llava_med,0.499872
llava_med,0.497866
llava_med,0.499989
llava_med,0.499684
llava_med,0.499696
llava_med,0.500000
llava_med,0.500000
llava_med,0.484975
llava_med,0.499996
llava_med,0.500000
llava_med,0.000000
llava_med,0.000261
llava_med,0.000000
llava_med,0.000000
llava_med,0.000000
llava_med,0.000000
llava_med,0.001522
llava_med,0.498746
llava_med,0.499962
llava_med,0.499754
llava_med,0.499973
llava_med,0.478812
llava_med,0.499982
llava_med,0.499994
llava_med,0.499666
llava_med,0.497940
llava_med,0.499949
llava_med,0.499895
llava_med,0.499970
llava_med,0.499991
llava_med,0.499994
llava_med,0.499987
llava_med,0.389639
llava_med,0.499809
llava_med,0.499708
llava_med,0.499949
llava_med,0.458893
llava_med,0.497869
llava_med,0.499994
llava_med,0.499955
llava_med,0.123699
llava_med,0.497754
llava_med,0.500001
llava_med,0.499991
llava_med,0.499999
llava_med,0.500000
llava_med,0.499995
llava_med,0.496658
llava_med,0.499961
llava_med,0.499279
llava_med,0.499630
llava_med,0.485582
llava_med,0.499779
llava_med,0.498201
llava_med,0.499994
llava_med,0.499925
llava_med,0.499836
llava_med,0.499992
llava_med,0.499991
llava_med,0.500000
llava_med,0.496507
llava_med,0.466915
llava_med,0.499997
llava_med,0.499999
llava_med,0.499998
llava_med,0.499969
llava_med,0.500001
llava_med,0.500000
llava_med,0.499994
llava_med,0.500000
llava_med,0.500000
llava_med,0.499966
llava_med,0.499999
llava_med,0.499464
llava_med,0.499968
llava_med,0.499962
llava_med,0.499999
llava_med,0.499178
llava_med,0.499999
llava_med,0.500001
llava_med,0.499999
llava_med,0.499996
llava_med,0.500001
llava_med,0.499996
llava_med,0.499903
llava_med,0.499997
llava_med,0.500000
llava_med,0.500000
llava_med,0.500000
llava_med,0.499698
llava_med,0.500003
llava_med,0.499998
llava_med,0.500000
llava_med,0.499949
llava_med,0.499993
llava_med,0.499993
llava_med,0.500000
llava_med,0.499996
llava_med,0.499997
llava_med,0.499967
llava_med,0.499826
llava_med,0.496408
llava_med,0.499843
llava_med,0.500000
llava_med,0.000000
llava_med,0.499578
llava_med,0.499336
llava_med,0.499999
llava_med,0.500000
llava_med,0.499922
llava_med,0.480641
llava_med,0.499929
llava_med,0.499998
llava_med,0.496637
llava_med,0.499992
llava_med,0.499842
llava_med,0.301050
llava_med,0.473817
llava_med,0.499769
llava_med,0.499912
llava_med,0.480741
llava_med,0.490297
llava_med,0.499261
llava_med,0.400340
llava_med,0.453021
llava_med,0.499985
llava_med,0.499964
llava_med,0.483338
llava_med,0.499985
llava_med,0.499929
llava_med,0.499988
llava_med,0.499803
llava_med,0.497676
llava_med,0.495541
llava_med,0.496880
llava_med,0.499936
llava_med,0.499997
llava_med,0.496834
llava_med,0.499999
llava_med,0.499982
llava_med,0.499987
llava_med,0.499996
llava_med,0.499963
llava_med,0.499965
llava_med,0.496147
llava_med,0.499878
llava_med,0.499982
llava_med,0.499997
llava_med,0.499997
llava_med,0.500000
llava_med,0.499996
llava_med,0.499981
llava_med,0.499994
llava_med,0.498409
llava_med,0.499032
llava_med,0.499314
llava_med,0.499857
llava_med,0.499999
llava_med,0.498759
llava_med,0.499998
llava_med,0.316295
llava_med,0.499676
llava_med,0.499892
llava_med,0.470664
llava_med,0.499967
llava_med,0.499996
llava_med,0.496298
llava_med,0.499999
llava_med,0.499839
llava_med,0.499665
llava_med,0.498647
llava_med,0.500000
llava_med,0.499608
llava_med,0.499994
llava_med,0.499995
llava_med,0.499885
llava_med,0.499939
llava_med,0.499966
llava_med,0.499999
llava_med,0.499864
llava_med,0.499223
llava_med,0.500000
llava_med,0.499999
llava_med,0.499855
llava_med,0.499988
llava_med,0.499991
llava_med,0.499999
llava_med,0.499973
llava_med,0.499930
llava_med,0.498094
llava_med,0.171870
llava_med,0.499991
llava_med,0.499997
llava_med,0.499864
llava_med,0.499999
llava_med,0.000000
llava_med,0.000261
llava_med,0.000000
llava_med,0.000000
llava_med,0.000000
llava_med,0.000000
llava_med,0.001522
llava_med,0.490072
llava_med,0.499998
llava_med,0.483732
llava_med,0.499196
llava_med,0.499656
llava_med,0.499974
llava_med,0.499990
llava_med,0.472725
llava_med,0.499984
llava_med,0.499892
llava_med,0.499998
llava_med,0.499932
llava_med,0.499951
llava_med,0.499995
llava_med,0.495980
llava_med,0.170036
llava_med,0.311785
llava_med,0.499981
llava_med,0.499999
llava_med,0.499999
llava_med,0.499624
llava_med,0.499635
llava_med,0.498114
llava_med,0.107962
llava_med,0.498749
llava_med,0.405648
llava_med,0.499992
llava_med,0.499921
llava_med,0.499763
llava_med,0.499981
llava_med,0.498824
llava_med,0.499997
llava_med,0.499942
llava_med,0.499833
llava_med,0.497995
llava_med,0.499984
llava_med,0.000000
llava_med,0.000261
llava_med,0.499997
llava_med,0.494867
llava_med,0.488146
llava_med,0.474124
llava_med,0.416119
llava_med,0.498598
llava_med,0.499960
llava_med,0.499994
llava_med,0.499999
llava_med,0.499224
llava_med,0.495474
llava_med,0.498760
llava_med,0.499995
llava_med,0.499967
llava_med,0.495345
llava_med,0.499998
llava_med,0.498649
llava_med,0.331563
llava_med,0.452055
llava_med,0.493778
llava_med,0.499905
llava_med,0.499990
llava_med,0.499973
llava_med,0.499946
llava_med,0.499812
llava_med,0.499997
llava_med,0.498201
llava_med,0.500000
llava_med,0.499834
llava_med,0.500003
llava_med,0.500002
llava_med,0.491994
llava_med,0.499841
llava_med,0.499919
llava_med,0.477596
llava_med,0.499221
llava_med,0.476947
llava_med,0.499999
llava_med,0.499913
llava_med,0.462514
llava_med,0.499990
llava_med,0.499788
llava_med,0.499955
llava_med,0.440463
llava_med,0.328470
llava_med,0.499999
llava_med,0.499995
llava_med,0.472586
llava_med,0.499977
llava_med,0.499915
llava_med,0.499864
llava_med,0.499994
llava_med,0.492499
llava_med,0.499938
llava_med,0.493254
llava_med,0.497206
llava_med,0.487357
llava_med,0.398061
llava_med,0.499956
llava_med,0.499967
llava_med,0.499921
llava_med,0.499988
llava_med,0.499969
llava_med,0.499994
llava_med,0.498232
llava_med,0.497968
llava_med,0.494557
llava_med,0.499887
llava_med,0.498967
llava_med,0.499944
llava_med,0.498618
llava_med,0.497409
llava_med,0.499999
llava_med,0.499991
llava_med,0.494621
llava_med,0.499384
llava_med,0.431074
llava_med,0.499842
llava_med,0.500000
llava_med,0.499983
llava_med,0.499753
llava_med,0.500000
llava_med,0.499995
llava_med,0.499998
llava_med,0.500000
